match_id,competition,season,datetime,date,team_home,team_away,goals_home,goals_away,result,half_time_goals_home,half_time_goals_away,half_time_result,shots_home,shots_away,shots_on_target_home,shots_on_target_away,corners_home,corners_away,yellow_cards_home,yellow_cards_away,red_cards_home,red_cards_away,referee,odds_b365_home,odds_b365_draw,odds_b365_away,odds_avg_home,odds_avg_draw,odds_avg_away,odds_max_home,odds_max_draw,odds_max_away
20160813-burnley-swansea,ENG Premier League,2016-2017,2016-08-13 00:00:00,2016-08-13 00:00:00,Burnley,Swansea,0,1,A,0,0,D,10,17,3,9,7,4,3,2,0,0,J Moss,2.4,3.3,3.25,,,,,,
20160813-crystal-palace-west-bromwich-albion,ENG Premier League,2016-2017,2016-08-13 00:00:00,2016-08-13 00:00:00,Crystal Palace,West Bromwich Albion,0,1,A,0,0,D,14,13,4,3,3,6,2,2,0,0,C Pawson,2.0,3.3,4.5,,,,,,
20160813-everton-tottenham-hotspur,ENG Premier League,2016-2017,2016-08-13 00:00:00,2016-08-13 00:00:00,Everton,Tottenham Hotspur,1,1,D,1,0,H,12,13,6,4,5,6,0,0,0,0,M Atkinson,3.2,3.4,2.4,,,,,,
20160813-hull-leicester-city,ENG Premier League,2016-2017,2016-08-13 00:00:00,2016-08-13 00:00:00,Hull,Leicester City,2,1,H,1,0,H,14,18,5,5,5,3,2,2,0,0,M Dean,4.5,3.6,1.91,,,,,,
20160813-manchester-city-sunderland,ENG Premier League,2016-2017,2016-08-13 00:00:00,2016-08-13 00:00:00,Manchester City,Sunderland,2,1,H,1,0,H,16,7,4,3,9,6,1,2,0,0,R Madley,1.25,6.5,15.0,,,,,,
20160813-middlesbrough-stoke,ENG Premier League,2016-2017,2016-08-13 00:00:00,2016-08-13 00:00:00,Middlesbrough,Stoke,1,1,D,1,0,H,12,12,2,1,9,6,3,5,0,0,K Friend,2.38,3.2,3.4,,,,,,
20160813-southampton-watford,ENG Premier League,2016-2017,2016-08-13 00:00:00,2016-08-13 00:00:00,Southampton,Watford,1,1,D,0,1,A,24,5,6,1,6,2,1,2,0,1,R East,1.8,3.75,5.0,,,,,,
20160814-arsenal-liverpool,ENG Premier League,2016-2017,2016-08-14 00:00:00,2016-08-14 00:00:00,Arsenal,Liverpool,3,4,A,1,1,D,9,16,5,7,5,4,3,3,0,0,M Oliver,2.4,3.5,3.1,,,,,,
20160814-bournemouth-manchester-united,ENG Premier League,2016-2017,2016-08-14 00:00:00,2016-08-14 00:00:00,Bournemouth,Manchester United,1,3,A,0,1,A,9,11,3,7,4,2,0,1,0,0,A Marriner,4.75,3.6,1.85,,,,,,
20160815-chelsea-west-ham-united,ENG Premier League,2016-2017,2016-08-15 00:00:00,2016-08-15 00:00:00,Chelsea,West Ham United,2,1,H,0,0,D,16,7,6,3,7,1,5,2,0,0,A Taylor,1.65,4.0,6.0,,,,,,
20160819-manchester-united-southampton,ENG Premier League,2016-2017,2016-08-19 00:00:00,2016-08-19 00:00:00,Manchester United,Southampton,2,0,H,1,0,H,12,13,5,1,4,0,0,0,0,0,A Taylor,1.53,4.2,7.5,,,,,,
20160820-burnley-liverpool,ENG Premier League,2016-2017,2016-08-20 00:00:00,2016-08-20 00:00:00,Burnley,Liverpool,2,0,H,2,0,H,3,26,2,5,1,12,0,1,0,0,L Mason,6.5,4.2,1.57,,,,,,
20160820-leicester-city-arsenal,ENG Premier League,2016-2017,2016-08-20 00:00:00,2016-08-20 00:00:00,Leicester City,Arsenal,0,0,D,0,0,D,8,13,1,4,2,7,1,2,0,0,M Clattenburg,2.88,3.6,2.5,,,,,,
20160820-stoke-manchester-city,ENG Premier League,2016-2017,2016-08-20 00:00:00,2016-08-20 00:00:00,Stoke,Manchester City,1,4,A,0,2,A,8,12,3,6,7,7,3,4,0,0,M Dean,5.5,3.8,1.73,,,,,,
20160820-swansea-hull,ENG Premier League,2016-2017,2016-08-20 00:00:00,2016-08-20 00:00:00,Swansea,Hull,0,2,A,0,0,D,13,12,3,4,8,3,0,0,0,0,S Attwell,1.8,3.6,5.25,,,,,,
20160820-tottenham-hotspur-crystal-palace,ENG Premier League,2016-2017,2016-08-20 00:00:00,2016-08-20 00:00:00,Tottenham Hotspur,Crystal Palace,1,0,H,0,0,D,20,10,5,2,10,4,3,3,0,0,M Oliver,1.45,4.75,8.0,,,,,,
20160820-watford-chelsea,ENG Premier League,2016-2017,2016-08-20 00:00:00,2016-08-20 00:00:00,Watford,Chelsea,1,2,A,0,0,D,6,13,2,4,0,5,4,3,0,0,J Moss,5.5,3.8,1.73,,,,,,
20160820-west-bromwich-albion-everton,ENG Premier League,2016-2017,2016-08-20 00:00:00,2016-08-20 00:00:00,West Bromwich Albion,Everton,1,2,A,1,1,D,11,13,4,7,7,4,3,1,0,0,N Swarbrick,3.0,3.25,2.6,,,,,,
20160821-sunderland-middlesbrough,ENG Premier League,2016-2017,2016-08-21 00:00:00,2016-08-21 00:00:00,Sunderland,Middlesbrough,1,2,A,0,2,A,18,8,5,3,8,1,1,1,0,0,M Atkinson,2.55,3.2,3.1,,,,,,
20160821-west-ham-united-bournemouth,ENG Premier League,2016-2017,2016-08-21 00:00:00,2016-08-21 00:00:00,West Ham United,Bournemouth,1,0,H,0,0,D,15,8,2,5,1,6,3,1,0,1,C Pawson,1.95,3.75,4.0,,,,,,
20160827-chelsea-burnley,ENG Premier League,2016-2017,2016-08-27 00:00:00,2016-08-27 00:00:00,Chelsea,Burnley,3,0,H,2,0,H,22,6,10,0,9,5,2,2,0,0,M Clattenburg,1.25,5.5,15.0,,,,,,
20160827-crystal-palace-bournemouth,ENG Premier League,2016-2017,2016-08-27 00:00:00,2016-08-27 00:00:00,Crystal Palace,Bournemouth,1,1,D,0,1,A,24,10,5,3,10,4,2,1,0,0,M Dean,2.3,3.2,3.3,,,,,,
20160827-everton-stoke,ENG Premier League,2016-2017,2016-08-27 00:00:00,2016-08-27 00:00:00,Everton,Stoke,1,0,H,0,0,D,21,8,9,1,9,2,2,1,0,0,M Oliver,1.73,3.6,5.25,,,,,,
20160827-hull-manchester-united,ENG Premier League,2016-2017,2016-08-27 00:00:00,2016-08-27 00:00:00,Hull,Manchester United,0,1,A,0,0,D,8,29,2,9,1,6,2,3,0,0,J Moss,8.0,4.1,1.44,,,,,,
20160827-leicester-city-swansea,ENG Premier League,2016-2017,2016-08-27 00:00:00,2016-08-27 00:00:00,Leicester City,Swansea,2,1,H,1,0,H,13,9,6,3,4,6,2,2,0,0,R East,1.73,3.6,5.25,,,,,,
20160827-southampton-sunderland,ENG Premier League,2016-2017,2016-08-27 00:00:00,2016-08-27 00:00:00,Southampton,Sunderland,1,1,D,0,0,D,16,5,7,2,5,5,2,2,0,0,L Mason,1.57,3.6,6.5,,,,,,
20160827-tottenham-hotspur-liverpool,ENG Premier League,2016-2017,2016-08-27 00:00:00,2016-08-27 00:00:00,Tottenham Hotspur,Liverpool,1,1,D,0,1,A,11,13,4,3,5,5,3,5,0,0,R Madley,2.38,3.4,3.0,,,,,,
20160827-watford-arsenal,ENG Premier League,2016-2017,2016-08-27 00:00:00,2016-08-27 00:00:00,Watford,Arsenal,1,3,A,0,3,A,14,10,6,7,3,2,6,1,0,0,K Friend,5.0,3.75,1.73,,,,,,
20160828-manchester-city-west-ham-united,ENG Premier League,2016-2017,2016-08-28 00:00:00,2016-08-28 00:00:00,Manchester City,West Ham United,3,1,H,2,0,H,22,9,5,2,5,4,1,3,0,0,A Marriner,1.25,6.0,11.0,,,,,,
20160828-west-bromwich-albion-middlesbrough,ENG Premier League,2016-2017,2016-08-28 00:00:00,2016-08-28 00:00:00,West Bromwich Albion,Middlesbrough,0,0,D,0,0,D,13,7,2,2,5,4,1,3,0,0,A Taylor,2.6,3.1,2.9,,,,,,
20160910-arsenal-southampton,ENG Premier League,2016-2017,2016-09-10 00:00:00,2016-09-10 00:00:00,Arsenal,Southampton,2,1,H,1,1,D,17,11,2,5,6,1,2,5,0,0,R Madley,1.57,4.2,6.5,,,,,,
20160910-bournemouth-west-bromwich-albion,ENG Premier League,2016-2017,2016-09-10 00:00:00,2016-09-10 00:00:00,Bournemouth,West Bromwich Albion,1,0,H,0,0,D,12,12,5,2,10,5,1,3,0,0,K Friend,2.05,3.25,4.33,,,,,,
20160910-burnley-hull,ENG Premier League,2016-2017,2016-09-10 00:00:00,2016-09-10 00:00:00,Burnley,Hull,1,1,D,0,0,D,13,11,2,3,5,9,2,0,0,0,P Tierney,2.45,3.1,3.4,,,,,,
20160910-liverpool-leicester-city,ENG Premier League,2016-2017,2016-09-10 00:00:00,2016-09-10 00:00:00,Liverpool,Leicester City,4,1,H,2,1,H,17,12,11,3,1,7,1,2,0,0,C Pawson,1.7,4.0,5.5,,,,,,
20160910-manchester-united-manchester-city,ENG Premier League,2016-2017,2016-09-10 00:00:00,2016-09-10 00:00:00,Manchester United,Manchester City,1,2,A,1,2,A,14,18,3,6,4,4,4,2,0,0,M Clattenburg,2.38,3.25,3.4,,,,,,
20160910-middlesbrough-crystal-palace,ENG Premier League,2016-2017,2016-09-10 00:00:00,2016-09-10 00:00:00,Middlesbrough,Crystal Palace,1,2,A,1,1,D,12,12,4,4,6,6,1,2,0,0,N Swarbrick,2.3,3.2,3.6,,,,,,
20160910-stoke-tottenham-hotspur,ENG Premier League,2016-2017,2016-09-10 00:00:00,2016-09-10 00:00:00,Stoke,Tottenham Hotspur,0,4,A,0,1,A,15,20,2,8,10,8,3,2,0,0,A Taylor,4.6,3.75,1.85,,,,,,
20160910-west-ham-united-watford,ENG Premier League,2016-2017,2016-09-10 00:00:00,2016-09-10 00:00:00,West Ham United,Watford,2,4,A,2,2,D,19,13,4,8,4,4,2,2,0,0,M Atkinson,1.91,3.6,4.5,,,,,,
20160911-swansea-chelsea,ENG Premier League,2016-2017,2016-09-11 00:00:00,2016-09-11 00:00:00,Swansea,Chelsea,2,2,D,0,1,A,6,28,2,7,1,11,3,4,0,0,A Marriner,5.75,4.0,1.67,,,,,,
20160912-sunderland-everton,ENG Premier League,2016-2017,2016-09-12 00:00:00,2016-09-12 00:00:00,Sunderland,Everton,0,3,A,0,0,D,11,20,2,9,5,4,1,1,0,0,M Jones,3.8,3.5,2.1,,,,,,
20160916-chelsea-liverpool,ENG Premier League,2016-2017,2016-09-16 00:00:00,2016-09-16 00:00:00,Chelsea,Liverpool,1,2,A,0,2,A,12,13,4,5,6,4,1,1,0,0,M Atkinson,2.25,3.5,3.4,,,,,,
20160917-everton-middlesbrough,ENG Premier League,2016-2017,2016-09-17 00:00:00,2016-09-17 00:00:00,Everton,Middlesbrough,3,1,H,3,1,H,11,7,6,0,6,3,2,1,0,0,L Mason,1.67,3.8,6.0,,,,,,
20160917-hull-arsenal,ENG Premier League,2016-2017,2016-09-17 00:00:00,2016-09-17 00:00:00,Hull,Arsenal,1,4,A,0,1,A,6,24,2,9,2,4,0,2,1,0,R East,6.0,4.2,1.6,,,,,,
20160917-leicester-city-burnley,ENG Premier League,2016-2017,2016-09-17 00:00:00,2016-09-17 00:00:00,Leicester City,Burnley,3,0,H,1,0,H,14,7,6,2,7,1,0,1,0,0,A Taylor,1.5,4.33,8.0,,,,,,
20160917-manchester-city-bournemouth,ENG Premier League,2016-2017,2016-09-17 00:00:00,2016-09-17 00:00:00,Manchester City,Bournemouth,4,0,H,2,0,H,20,6,12,2,5,5,1,1,1,0,J Moss,1.29,6.0,12.0,,,,,,
20160917-west-bromwich-albion-west-ham-united,ENG Premier League,2016-2017,2016-09-17 00:00:00,2016-09-17 00:00:00,West Bromwich Albion,West Ham United,4,2,H,3,0,H,8,23,6,5,2,6,2,1,0,0,M Clattenburg,2.8,3.2,2.8,,,,,,
20160918-crystal-palace-stoke,ENG Premier League,2016-2017,2016-09-18 00:00:00,2016-09-18 00:00:00,Crystal Palace,Stoke,4,1,H,2,0,H,14,11,8,4,10,5,2,1,0,0,C Pawson,2.0,3.5,4.2,,,,,,
20160918-southampton-swansea,ENG Premier League,2016-2017,2016-09-18 00:00:00,2016-09-18 00:00:00,Southampton,Swansea,1,0,H,0,0,D,19,9,6,3,7,1,1,1,0,0,M Jones,1.7,3.8,5.75,,,,,,
20160918-tottenham-hotspur-sunderland,ENG Premier League,2016-2017,2016-09-18 00:00:00,2016-09-18 00:00:00,Tottenham Hotspur,Sunderland,1,0,H,0,0,D,31,6,9,2,14,1,1,5,0,1,M Dean,1.33,5.5,11.0,,,,,,
20160918-watford-manchester-united,ENG Premier League,2016-2017,2016-09-18 00:00:00,2016-09-18 00:00:00,Watford,Manchester United,3,1,H,1,0,H,10,15,5,2,5,7,3,4,0,0,M Oliver,6.0,4.2,1.62,,,,,,
20160924-arsenal-chelsea,ENG Premier League,2016-2017,2016-09-24 00:00:00,2016-09-24 00:00:00,Arsenal,Chelsea,3,0,H,3,0,H,14,9,5,2,9,1,0,2,0,0,M Oliver,2.4,3.5,3.1,,,,,,
20160924-bournemouth-everton,ENG Premier League,2016-2017,2016-09-24 00:00:00,2016-09-24 00:00:00,Bournemouth,Everton,1,0,H,1,0,H,12,13,1,2,5,3,2,2,0,0,R Madley,3.6,3.5,2.15,,,,,,
20160924-liverpool-hull,ENG Premier League,2016-2017,2016-09-24 00:00:00,2016-09-24 00:00:00,Liverpool,Hull,5,1,H,3,0,H,32,2,12,1,13,2,1,2,0,1,A Marriner,1.22,7.0,15.0,,,,,,
20160924-manchester-united-leicester-city,ENG Premier League,2016-2017,2016-09-24 00:00:00,2016-09-24 00:00:00,Manchester United,Leicester City,4,1,H,4,0,H,16,10,7,3,8,6,0,2,0,0,M Dean,1.73,3.9,5.25,,,,,,
20160924-middlesbrough-tottenham-hotspur,ENG Premier League,2016-2017,2016-09-24 00:00:00,2016-09-24 00:00:00,Middlesbrough,Tottenham Hotspur,1,2,A,0,2,A,6,19,2,5,2,10,2,1,0,0,G Scott,3.75,3.5,2.1,,,,,,
20160924-stoke-west-bromwich-albion,ENG Premier League,2016-2017,2016-09-24 00:00:00,2016-09-24 00:00:00,Stoke,West Bromwich Albion,1,1,D,0,0,D,12,9,2,3,6,6,3,4,0,0,M Atkinson,2.38,3.3,3.3,,,,,,
20160924-sunderland-crystal-palace,ENG Premier League,2016-2017,2016-09-24 00:00:00,2016-09-24 00:00:00,Sunderland,Crystal Palace,2,3,A,1,0,H,11,20,4,4,3,5,0,2,0,0,A Taylor,2.88,3.25,2.7,,,,,,
20160924-swansea-manchester-city,ENG Premier League,2016-2017,2016-09-24 00:00:00,2016-09-24 00:00:00,Swansea,Manchester City,1,3,A,1,1,D,13,18,5,4,2,7,2,4,0,0,N Swarbrick,9.0,5.5,1.36,,,,,,
20160925-west-ham-united-southampton,ENG Premier League,2016-2017,2016-09-25 00:00:00,2016-09-25 00:00:00,West Ham United,Southampton,0,3,A,0,1,A,13,18,1,9,6,2,5,2,0,0,J Moss,2.8,3.3,2.75,,,,,,
20160926-burnley-watford,ENG Premier League,2016-2017,2016-09-26 00:00:00,2016-09-26 00:00:00,Burnley,Watford,2,0,H,1,0,H,13,12,4,3,7,6,1,3,0,0,M Jones,2.9,3.2,2.7,,,,,,
20160930-everton-crystal-palace,ENG Premier League,2016-2017,2016-09-30 00:00:00,2016-09-30 00:00:00,Everton,Crystal Palace,1,1,D,1,0,H,13,10,3,2,10,9,5,4,0,0,J Moss,1.73,4.0,5.0,,,,,,
20161001-hull-chelsea,ENG Premier League,2016-2017,2016-10-01 00:00:00,2016-10-01 00:00:00,Hull,Chelsea,0,2,A,0,0,D,8,22,3,9,5,7,2,2,0,0,A Taylor,7.5,4.5,1.5,,,,,,
20161001-sunderland-west-bromwich-albion,ENG Premier League,2016-2017,2016-10-01 00:00:00,2016-10-01 00:00:00,Sunderland,West Bromwich Albion,1,1,D,0,1,A,7,17,2,7,6,5,1,3,0,0,S Attwell,2.5,3.25,3.2,,,,,,
20161001-swansea-liverpool,ENG Premier League,2016-2017,2016-10-01 00:00:00,2016-10-01 00:00:00,Swansea,Liverpool,1,2,A,1,0,H,8,18,3,6,3,10,2,2,0,0,M Oliver,8.0,4.75,1.45,,,,,,
20161001-watford-bournemouth,ENG Premier League,2016-2017,2016-10-01 00:00:00,2016-10-01 00:00:00,Watford,Bournemouth,2,2,D,0,1,A,17,11,7,2,4,5,3,4,0,0,M Dean,2.38,3.3,3.3,,,,,,
20161001-west-ham-united-middlesbrough,ENG Premier League,2016-2017,2016-10-01 00:00:00,2016-10-01 00:00:00,West Ham United,Middlesbrough,1,1,D,0,0,D,19,9,2,3,4,5,2,3,0,0,N Swarbrick,2.25,3.4,3.5,,,,,,
20161002-burnley-arsenal,ENG Premier League,2016-2017,2016-10-02 00:00:00,2016-10-02 00:00:00,Burnley,Arsenal,0,1,A,0,0,D,10,18,1,3,2,6,0,0,0,0,C Pawson,9.0,5.0,1.4,,,,,,
20161002-leicester-city-southampton,ENG Premier League,2016-2017,2016-10-02 00:00:00,2016-10-02 00:00:00,Leicester City,Southampton,0,0,D,0,0,D,9,11,1,5,3,6,1,0,0,0,M Atkinson,2.25,3.4,3.5,,,,,,
20161002-manchester-united-stoke,ENG Premier League,2016-2017,2016-10-02 00:00:00,2016-10-02 00:00:00,Manchester United,Stoke,1,1,D,0,0,D,24,7,9,6,13,2,3,0,0,0,R Madley,1.33,5.75,10.0,,,,,,
20161002-tottenham-hotspur-manchester-city,ENG Premier League,2016-2017,2016-10-02 00:00:00,2016-10-02 00:00:00,Tottenham Hotspur,Manchester City,2,0,H,2,0,H,13,12,7,6,4,3,2,2,0,0,A Marriner,3.0,3.5,2.5,,,,,,
20161015-arsenal-swansea,ENG Premier League,2016-2017,2016-10-15 00:00:00,2016-10-15 00:00:00,Arsenal,Swansea,3,2,H,2,1,H,16,13,6,6,5,6,0,1,1,0,J Moss,1.29,6.5,11.0,,,,,,
20161015-bournemouth-hull,ENG Premier League,2016-2017,2016-10-15 00:00:00,2016-10-15 00:00:00,Bournemouth,Hull,6,1,H,3,1,H,22,11,10,4,5,4,0,3,0,0,L Mason,1.85,3.5,5.0,,,,,,
20161015-chelsea-leicester-city,ENG Premier League,2016-2017,2016-10-15 00:00:00,2016-10-15 00:00:00,Chelsea,Leicester City,3,0,H,2,0,H,16,5,6,0,8,5,1,1,0,0,A Marriner,1.57,4.5,6.0,,,,,,
20161015-crystal-palace-west-ham-united,ENG Premier League,2016-2017,2016-10-15 00:00:00,2016-10-15 00:00:00,Crystal Palace,West Ham United,0,1,A,0,1,A,12,12,3,4,7,6,1,3,0,1,M Atkinson,2.15,3.5,3.6,,,,,,
20161015-manchester-city-everton,ENG Premier League,2016-2017,2016-10-15 00:00:00,2016-10-15 00:00:00,Manchester City,Everton,1,1,D,0,0,D,19,3,8,2,13,1,0,2,0,0,M Oliver,1.5,4.75,7.0,,,,,,
20161015-stoke-sunderland,ENG Premier League,2016-2017,2016-10-15 00:00:00,2016-10-15 00:00:00,Stoke,Sunderland,2,0,H,2,0,H,18,11,6,1,6,4,1,1,0,0,M Jones,2.0,3.6,4.0,,,,,,
20161015-west-bromwich-albion-tottenham-hotspur,ENG Premier League,2016-2017,2016-10-15 00:00:00,2016-10-15 00:00:00,West Bromwich Albion,Tottenham Hotspur,1,1,D,0,0,D,8,20,4,8,5,8,2,2,0,0,K Friend,5.5,3.8,1.73,,,,,,
20161016-middlesbrough-watford,ENG Premier League,2016-2017,2016-10-16 00:00:00,2016-10-16 00:00:00,Middlesbrough,Watford,0,1,A,0,0,D,10,4,3,2,4,6,4,1,0,0,R East,2.25,3.3,3.6,,,,,,
20161016-southampton-burnley,ENG Premier League,2016-2017,2016-10-16 00:00:00,2016-10-16 00:00:00,Southampton,Burnley,3,1,H,0,0,D,34,6,14,1,8,4,1,2,0,0,M Dean,1.4,4.8,9.5,,,,,,
20161017-liverpool-manchester-united,ENG Premier League,2016-2017,2016-10-17 00:00:00,2016-10-17 00:00:00,Liverpool,Manchester United,0,0,D,0,0,D,9,7,3,1,3,1,0,4,0,0,A Taylor,2.2,3.5,3.5,,,,,,
20161022-arsenal-middlesbrough,ENG Premier League,2016-2017,2016-10-22 00:00:00,2016-10-22 00:00:00,Arsenal,Middlesbrough,0,0,D,0,0,D,9,11,5,4,8,3,1,0,0,0,M Dean,1.25,6.5,15.0,,,,,,
20161022-bournemouth-tottenham-hotspur,ENG Premier League,2016-2017,2016-10-22 00:00:00,2016-10-22 00:00:00,Bournemouth,Tottenham Hotspur,0,0,D,0,0,D,8,16,1,4,7,4,2,4,0,0,C Pawson,4.2,3.6,1.95,,,,,,
20161022-burnley-everton,ENG Premier League,2016-2017,2016-10-22 00:00:00,2016-10-22 00:00:00,Burnley,Everton,2,1,H,1,0,H,9,20,3,8,2,8,2,3,0,0,M Jones,6.0,3.8,1.67,,,,,,
20161022-hull-stoke,ENG Premier League,2016-2017,2016-10-22 00:00:00,2016-10-22 00:00:00,Hull,Stoke,0,2,A,0,1,A,9,12,2,6,5,7,2,3,0,0,K Friend,3.1,3.3,2.5,,,,,,
20161022-leicester-city-crystal-palace,ENG Premier League,2016-2017,2016-10-22 00:00:00,2016-10-22 00:00:00,Leicester City,Crystal Palace,3,1,H,1,0,H,17,23,4,7,8,8,0,0,0,0,M Oliver,2.05,3.5,3.9,,,,,,
20161022-liverpool-west-bromwich-albion,ENG Premier League,2016-2017,2016-10-22 00:00:00,2016-10-22 00:00:00,Liverpool,West Bromwich Albion,2,1,H,2,0,H,21,6,7,1,3,2,1,3,0,0,N Swarbrick,1.29,6.0,13.0,,,,,,
20161022-swansea-watford,ENG Premier League,2016-2017,2016-10-22 00:00:00,2016-10-22 00:00:00,Swansea,Watford,0,0,D,0,0,D,11,10,5,2,7,2,2,1,0,0,P Tierney,2.38,3.3,3.3,,,,,,
20161022-west-ham-united-sunderland,ENG Premier League,2016-2017,2016-10-22 00:00:00,2016-10-22 00:00:00,West Ham United,Sunderland,1,0,H,0,0,D,20,10,3,2,6,2,2,5,0,0,R Madley,1.67,4.0,5.75,,,,,,
20161023-chelsea-manchester-united,ENG Premier League,2016-2017,2016-10-23 00:00:00,2016-10-23 00:00:00,Chelsea,Manchester United,4,0,H,2,0,H,14,16,6,5,5,7,3,2,0,0,M Atkinson,2.15,3.4,3.8,,,,,,
20161023-manchester-city-southampton,ENG Premier League,2016-2017,2016-10-23 00:00:00,2016-10-23 00:00:00,Manchester City,Southampton,1,1,D,0,1,A,14,6,3,2,10,3,3,3,0,0,M Clattenburg,1.5,4.5,7.5,,,,,,
20161029-crystal-palace-liverpool,ENG Premier League,2016-2017,2016-10-29 00:00:00,2016-10-29 00:00:00,Crystal Palace,Liverpool,2,4,A,2,3,A,7,17,6,10,3,3,1,2,0,0,A Marriner,5.25,4.0,1.7,,,,,,
20161029-manchester-united-burnley,ENG Premier League,2016-2017,2016-10-29 00:00:00,2016-10-29 00:00:00,Manchester United,Burnley,0,0,D,0,0,D,37,7,11,1,19,1,1,3,1,0,M Clattenburg,1.2,7.0,19.0,,,,,,
20161029-middlesbrough-bournemouth,ENG Premier League,2016-2017,2016-10-29 00:00:00,2016-10-29 00:00:00,Middlesbrough,Bournemouth,2,0,H,1,0,H,10,15,3,3,4,7,1,1,0,0,S Attwell,2.5,3.2,3.2,,,,,,
20161029-sunderland-arsenal,ENG Premier League,2016-2017,2016-10-29 00:00:00,2016-10-29 00:00:00,Sunderland,Arsenal,1,4,A,0,1,A,3,21,1,7,0,8,4,3,0,0,M Atkinson,9.0,5.0,1.4,,,,,,
20161029-tottenham-hotspur-leicester-city,ENG Premier League,2016-2017,2016-10-29 00:00:00,2016-10-29 00:00:00,Tottenham Hotspur,Leicester City,1,1,D,1,0,H,22,6,5,1,8,1,3,4,0,0,R Madley,1.62,4.2,6.0,,,,,,
20161029-watford-hull,ENG Premier League,2016-2017,2016-10-29 00:00:00,2016-10-29 00:00:00,Watford,Hull,1,0,H,0,0,D,22,8,0,2,7,2,1,2,0,0,J Moss,1.75,3.75,5.25,,,,,,
20161029-west-bromwich-albion-manchester-city,ENG Premier League,2016-2017,2016-10-29 00:00:00,2016-10-29 00:00:00,West Bromwich Albion,Manchester City,0,4,A,0,2,A,9,21,1,8,1,7,4,3,0,0,L Mason,8.0,4.75,1.44,,,,,,
20161030-everton-west-ham-united,ENG Premier League,2016-2017,2016-10-30 00:00:00,2016-10-30 00:00:00,Everton,West Ham United,2,0,H,0,0,D,17,13,6,3,8,8,2,3,0,0,A Taylor,1.8,3.8,4.75,,,,,,
20161030-southampton-chelsea,ENG Premier League,2016-2017,2016-10-30 00:00:00,2016-10-30 00:00:00,Southampton,Chelsea,0,2,A,0,1,A,9,13,1,7,7,3,0,0,0,0,M Jones,3.2,3.4,2.4,,,,,,
20161031-stoke-swansea,ENG Premier League,2016-2017,2016-10-31 00:00:00,2016-10-31 00:00:00,Stoke,Swansea,3,1,H,1,1,D,17,14,4,6,6,4,2,0,0,0,M Oliver,2.05,3.6,3.8,,,,,,
20161105-bournemouth-sunderland,ENG Premier League,2016-2017,2016-11-05 00:00:00,2016-11-05 00:00:00,Bournemouth,Sunderland,1,2,A,1,1,D,22,9,7,4,12,2,3,2,0,1,M Dean,1.65,4.2,5.5,,,,,,
20161105-burnley-crystal-palace,ENG Premier League,2016-2017,2016-11-05 00:00:00,2016-11-05 00:00:00,Burnley,Crystal Palace,3,2,H,2,0,H,14,16,7,5,4,7,1,2,0,0,A Taylor,3.3,3.3,2.38,,,,,,
20161105-chelsea-everton,ENG Premier League,2016-2017,2016-11-05 00:00:00,2016-11-05 00:00:00,Chelsea,Everton,5,0,H,3,0,H,21,1,9,0,4,2,0,3,0,0,R Madley,1.53,4.33,7.0,,,,,,
20161105-manchester-city-middlesbrough,ENG Premier League,2016-2017,2016-11-05 00:00:00,2016-11-05 00:00:00,Manchester City,Middlesbrough,1,1,D,1,0,H,25,5,7,3,8,2,1,3,0,0,K Friend,1.22,7.0,15.0,,,,,,
20161105-west-ham-united-stoke,ENG Premier League,2016-2017,2016-11-05 00:00:00,2016-11-05 00:00:00,West Ham United,Stoke,1,1,D,0,0,D,9,12,2,4,6,4,4,1,0,0,A Marriner,2.0,3.6,4.0,,,,,,
20161106-arsenal-tottenham-hotspur,ENG Premier League,2016-2017,2016-11-06 00:00:00,2016-11-06 00:00:00,Arsenal,Tottenham Hotspur,1,1,D,1,0,H,15,10,2,3,7,2,1,2,0,0,M Clattenburg,1.95,3.6,4.2,,,,,,
20161106-hull-southampton,ENG Premier League,2016-2017,2016-11-06 00:00:00,2016-11-06 00:00:00,Hull,Southampton,2,1,H,0,1,A,6,19,2,7,1,10,0,5,0,0,G Scott,5.75,3.8,1.7,,,,,,
20161106-leicester-city-west-bromwich-albion,ENG Premier League,2016-2017,2016-11-06 00:00:00,2016-11-06 00:00:00,Leicester City,West Bromwich Albion,1,2,A,0,0,D,5,11,2,5,5,6,0,2,0,0,C Pawson,1.8,3.6,5.25,,,,,,
20161106-liverpool-watford,ENG Premier League,2016-2017,2016-11-06 00:00:00,2016-11-06 00:00:00,Liverpool,Watford,6,1,H,3,0,H,28,11,17,8,6,3,1,2,0,0,M Oliver,1.29,6.0,12.0,,,,,,
20161106-swansea-manchester-united,ENG Premier League,2016-2017,2016-11-06 00:00:00,2016-11-06 00:00:00,Swansea,Manchester United,1,3,A,0,3,A,6,9,1,3,2,0,0,2,0,0,N Swarbrick,5.0,4.0,1.73,,,,,,
20161119-crystal-palace-manchester-city,ENG Premier League,2016-2017,2016-11-19 00:00:00,2016-11-19 00:00:00,Crystal Palace,Manchester City,1,2,A,0,1,A,9,10,2,4,2,7,1,2,0,0,R Madley,6.5,4.5,1.53,,,,,,
20161119-everton-swansea,ENG Premier League,2016-2017,2016-11-19 00:00:00,2016-11-19 00:00:00,Everton,Swansea,1,1,D,0,1,A,14,5,6,3,10,3,4,2,0,0,M Atkinson,1.6,4.33,6.0,,,,,,
20161119-manchester-united-arsenal,ENG Premier League,2016-2017,2016-11-19 00:00:00,2016-11-19 00:00:00,Manchester United,Arsenal,1,1,D,0,0,D,12,5,5,1,10,4,3,3,0,0,A Marriner,2.6,3.4,2.9,,,,,,
20161119-southampton-liverpool,ENG Premier League,2016-2017,2016-11-19 00:00:00,2016-11-19 00:00:00,Southampton,Liverpool,0,0,D,0,0,D,3,15,0,2,1,8,1,1,0,0,M Clattenburg,3.4,3.6,2.2,,,,,,
20161119-stoke-bournemouth,ENG Premier League,2016-2017,2016-11-19 00:00:00,2016-11-19 00:00:00,Stoke,Bournemouth,0,1,A,0,1,A,14,9,6,2,3,4,3,2,0,0,R East,2.3,3.4,3.4,,,,,,
20161119-sunderland-hull,ENG Premier League,2016-2017,2016-11-19 00:00:00,2016-11-19 00:00:00,Sunderland,Hull,3,0,H,1,0,H,11,17,4,7,2,8,1,0,1,0,L Mason,2.15,3.4,3.8,,,,,,
20161119-tottenham-hotspur-west-ham-united,ENG Premier League,2016-2017,2016-11-19 00:00:00,2016-11-19 00:00:00,Tottenham Hotspur,West Ham United,3,2,H,0,1,A,14,11,6,3,4,5,3,2,0,1,M Dean,1.5,4.5,7.5,,,,,,
20161119-watford-leicester-city,ENG Premier League,2016-2017,2016-11-19 00:00:00,2016-11-19 00:00:00,Watford,Leicester City,2,1,H,2,1,H,10,10,3,2,4,6,2,3,0,0,N Swarbrick,2.8,3.3,2.75,,,,,,
20161120-middlesbrough-chelsea,ENG Premier League,2016-2017,2016-11-20 00:00:00,2016-11-20 00:00:00,Middlesbrough,Chelsea,0,1,A,0,1,A,12,13,1,3,2,3,2,3,0,0,J Moss,7.0,4.0,1.57,,,,,,
20161121-west-bromwich-albion-burnley,ENG Premier League,2016-2017,2016-11-21 00:00:00,2016-11-21 00:00:00,West Bromwich Albion,Burnley,4,0,H,3,0,H,16,5,6,2,4,3,0,0,0,0,M Jones,1.95,3.4,4.5,,,,,,
20161126-burnley-manchester-city,ENG Premier League,2016-2017,2016-11-26 00:00:00,2016-11-26 00:00:00,Burnley,Manchester City,1,2,A,1,1,D,10,21,5,5,5,8,2,3,0,0,A Marriner,9.0,6.0,1.33,,,,,,
20161126-chelsea-tottenham-hotspur,ENG Premier League,2016-2017,2016-11-26 00:00:00,2016-11-26 00:00:00,Chelsea,Tottenham Hotspur,2,1,H,1,1,D,9,12,5,6,3,8,2,1,0,0,M Oliver,1.75,3.8,5.25,,,,,,
20161126-hull-west-bromwich-albion,ENG Premier League,2016-2017,2016-11-26 00:00:00,2016-11-26 00:00:00,Hull,West Bromwich Albion,1,1,D,0,1,A,10,11,4,2,2,6,3,2,0,0,P Tierney,3.1,3.2,2.6,,,,,,
20161126-leicester-city-middlesbrough,ENG Premier League,2016-2017,2016-11-26 00:00:00,2016-11-26 00:00:00,Leicester City,Middlesbrough,2,2,D,1,1,D,11,6,3,2,2,3,4,4,0,0,L Mason,1.91,3.6,4.5,,,,,,
20161126-liverpool-sunderland,ENG Premier League,2016-2017,2016-11-26 00:00:00,2016-11-26 00:00:00,Liverpool,Sunderland,2,0,H,0,0,D,27,6,7,1,9,4,1,3,0,0,A Taylor,1.17,8.5,19.0,,,,,,
20161126-swansea-crystal-palace,ENG Premier League,2016-2017,2016-11-26 00:00:00,2016-11-26 00:00:00,Swansea,Crystal Palace,5,4,H,1,1,D,18,12,9,4,10,6,4,5,0,0,K Friend,2.63,3.4,2.88,,,,,,
20161127-arsenal-bournemouth,ENG Premier League,2016-2017,2016-11-27 00:00:00,2016-11-27 00:00:00,Arsenal,Bournemouth,3,1,H,1,1,D,16,9,3,3,3,10,3,5,0,0,M Jones,1.4,5.0,9.0,,,,,,
20161127-manchester-united-west-ham-united,ENG Premier League,2016-2017,2016-11-27 00:00:00,2016-11-27 00:00:00,Manchester United,West Ham United,1,1,D,1,1,D,17,6,8,2,8,4,3,1,0,0,J Moss,1.45,4.75,8.0,,,,,,
20161127-southampton-everton,ENG Premier League,2016-2017,2016-11-27 00:00:00,2016-11-27 00:00:00,Southampton,Everton,1,0,H,1,0,H,17,13,7,1,5,2,0,2,0,0,C Pawson,2.2,3.4,3.6,,,,,,
20161127-watford-stoke,ENG Premier League,2016-2017,2016-11-27 00:00:00,2016-11-27 00:00:00,Watford,Stoke,0,1,A,0,1,A,11,14,2,1,3,3,3,0,1,0,R Madley,2.4,3.3,3.3,,,,,,
20161203-crystal-palace-southampton,ENG Premier League,2016-2017,2016-12-03 00:00:00,2016-12-03 00:00:00,Crystal Palace,Southampton,3,0,H,2,0,H,9,17,4,3,4,9,3,1,0,0,N Swarbrick,3.5,3.3,2.3,,,,,,
20161203-manchester-city-chelsea,ENG Premier League,2016-2017,2016-12-03 00:00:00,2016-12-03 00:00:00,Manchester City,Chelsea,1,3,A,1,0,H,14,10,5,4,9,2,2,3,2,0,A Taylor,2.15,3.6,3.6,,,,,,
20161203-stoke-burnley,ENG Premier League,2016-2017,2016-12-03 00:00:00,2016-12-03 00:00:00,Stoke,Burnley,2,0,H,2,0,H,10,14,4,4,4,9,3,2,0,0,M Clattenburg,1.62,4.0,6.5,,,,,,
20161203-sunderland-leicester-city,ENG Premier League,2016-2017,2016-12-03 00:00:00,2016-12-03 00:00:00,Sunderland,Leicester City,2,1,H,0,0,D,22,17,6,5,3,4,3,1,0,0,A Marriner,3.4,3.4,2.3,,,,,,
20161203-tottenham-hotspur-swansea,ENG Premier League,2016-2017,2016-12-03 00:00:00,2016-12-03 00:00:00,Tottenham Hotspur,Swansea,5,0,H,2,0,H,28,1,15,0,5,0,0,4,0,0,J Moss,1.36,5.5,9.0,,,,,,
20161203-west-bromwich-albion-watford,ENG Premier League,2016-2017,2016-12-03 00:00:00,2016-12-03 00:00:00,West Bromwich Albion,Watford,3,1,H,2,0,H,11,17,3,5,3,4,2,1,0,1,G Scott,2.2,3.3,3.75,,,,,,
20161203-west-ham-united-arsenal,ENG Premier League,2016-2017,2016-12-03 00:00:00,2016-12-03 00:00:00,West Ham United,Arsenal,1,5,A,0,1,A,10,19,3,10,3,2,3,3,0,0,C Pawson,4.75,4.2,1.75,,,,,,
20161204-bournemouth-liverpool,ENG Premier League,2016-2017,2016-12-04 00:00:00,2016-12-04 00:00:00,Bournemouth,Liverpool,4,3,H,0,2,A,12,10,8,3,4,9,2,2,0,0,R Madley,5.0,4.0,1.75,,,,,,
20161204-everton-manchester-united,ENG Premier League,2016-2017,2016-12-04 00:00:00,2016-12-04 00:00:00,Everton,Manchester United,1,1,D,0,1,A,13,10,6,2,6,3,2,3,0,0,M Oliver,3.6,3.5,2.15,,,,,,
20161205-middlesbrough-hull,ENG Premier League,2016-2017,2016-12-05 00:00:00,2016-12-05 00:00:00,Middlesbrough,Hull,1,0,H,0,0,D,16,6,4,2,13,7,1,1,0,0,M Dean,1.83,3.5,5.25,,,,,,
20161210-arsenal-stoke,ENG Premier League,2016-2017,2016-12-10 00:00:00,2016-12-10 00:00:00,Arsenal,Stoke,3,1,H,1,1,D,21,12,6,5,7,7,0,0,0,0,L Mason,1.35,5.5,9.5,,,,,,
20161210-burnley-bournemouth,ENG Premier League,2016-2017,2016-12-10 00:00:00,2016-12-10 00:00:00,Burnley,Bournemouth,3,2,H,2,1,H,16,17,7,4,4,11,2,2,0,0,M Atkinson,3.5,3.5,2.2,,,,,,
20161210-hull-crystal-palace,ENG Premier League,2016-2017,2016-12-10 00:00:00,2016-12-10 00:00:00,Hull,Crystal Palace,3,3,D,1,0,H,15,14,6,6,4,7,2,4,0,0,M Jones,3.5,3.3,2.3,,,,,,
20161210-leicester-city-manchester-city,ENG Premier League,2016-2017,2016-12-10 00:00:00,2016-12-10 00:00:00,Leicester City,Manchester City,4,2,H,3,0,H,10,19,6,4,3,11,2,1,0,0,M Oliver,5.25,4.0,1.7,,,,,,
20161210-swansea-sunderland,ENG Premier League,2016-2017,2016-12-10 00:00:00,2016-12-10 00:00:00,Swansea,Sunderland,3,0,H,0,0,D,14,11,5,2,7,4,1,2,0,0,C Pawson,2.15,3.5,3.6,,,,,,
20161210-watford-everton,ENG Premier League,2016-2017,2016-12-10 00:00:00,2016-12-10 00:00:00,Watford,Everton,3,2,H,1,1,D,11,11,6,4,2,4,2,2,0,0,A Taylor,3.1,3.4,2.45,,,,,,
20161211-chelsea-west-bromwich-albion,ENG Premier League,2016-2017,2016-12-11 00:00:00,2016-12-11 00:00:00,Chelsea,West Bromwich Albion,1,0,H,0,0,D,12,6,2,1,3,1,2,4,0,0,M Dean,1.25,6.25,15.0,,,,,,
20161211-liverpool-west-ham-united,ENG Premier League,2016-2017,2016-12-11 00:00:00,2016-12-11 00:00:00,Liverpool,West Ham United,2,2,D,1,2,A,18,7,3,3,11,4,2,0,0,0,M Clattenburg,1.3,6.0,11.0,,,,,,
20161211-manchester-united-tottenham-hotspur,ENG Premier League,2016-2017,2016-12-11 00:00:00,2016-12-11 00:00:00,Manchester United,Tottenham Hotspur,1,0,H,1,0,H,15,12,5,4,3,8,3,3,0,0,R Madley,2.2,3.4,3.6,,,,,,
20161211-southampton-middlesbrough,ENG Premier League,2016-2017,2016-12-11 00:00:00,2016-12-11 00:00:00,Southampton,Middlesbrough,1,0,H,0,0,D,14,6,3,2,4,2,4,3,0,0,S Attwell,1.7,3.7,6.0,,,,,,
20161213-bournemouth-leicester-city,ENG Premier League,2016-2017,2016-12-13 00:00:00,2016-12-13 00:00:00,Bournemouth,Leicester City,1,0,H,1,0,H,9,12,3,4,4,11,0,3,0,0,P Tierney,2.4,3.4,3.2,,,,,,
20161213-everton-arsenal,ENG Premier League,2016-2017,2016-12-13 00:00:00,2016-12-13 00:00:00,Everton,Arsenal,2,1,H,1,1,D,14,9,4,3,8,3,1,1,1,0,M Clattenburg,4.2,3.75,1.91,,,,,,
20161214-crystal-palace-manchester-united,ENG Premier League,2016-2017,2016-12-14 00:00:00,2016-12-14 00:00:00,Crystal Palace,Manchester United,1,2,A,0,1,A,6,16,3,6,1,8,2,2,0,0,C Pawson,5.25,4.0,1.7,,,,,,
20161214-manchester-city-watford,ENG Premier League,2016-2017,2016-12-14 00:00:00,2016-12-14 00:00:00,Manchester City,Watford,2,0,H,1,0,H,13,5,7,2,5,2,1,2,0,0,K Friend,1.29,6.5,11.0,,,,,,
20161214-middlesbrough-liverpool,ENG Premier League,2016-2017,2016-12-14 00:00:00,2016-12-14 00:00:00,Middlesbrough,Liverpool,0,3,A,0,1,A,8,15,3,4,5,2,1,0,0,0,J Moss,6.0,4.33,1.6,,,,,,
20161214-stoke-southampton,ENG Premier League,2016-2017,2016-12-14 00:00:00,2016-12-14 00:00:00,Stoke,Southampton,0,0,D,0,0,D,5,15,3,4,3,11,1,2,1,0,A Taylor,3.1,3.3,2.5,,,,,,
20161214-sunderland-chelsea,ENG Premier League,2016-2017,2016-12-14 00:00:00,2016-12-14 00:00:00,Sunderland,Chelsea,0,1,A,0,1,A,8,19,3,6,5,5,3,2,0,0,N Swarbrick,10.0,5.75,1.33,,,,,,
20161214-tottenham-hotspur-hull,ENG Premier League,2016-2017,2016-12-14 00:00:00,2016-12-14 00:00:00,Tottenham Hotspur,Hull,3,0,H,1,0,H,27,10,9,5,5,5,0,2,0,0,A Marriner,1.22,7.0,15.0,,,,,,
20161214-west-bromwich-albion-swansea,ENG Premier League,2016-2017,2016-12-14 00:00:00,2016-12-14 00:00:00,West Bromwich Albion,Swansea,3,1,H,0,0,D,13,8,4,4,0,11,0,0,0,0,M Oliver,2.05,3.5,4.0,,,,,,
20161214-west-ham-united-burnley,ENG Premier League,2016-2017,2016-12-14 00:00:00,2016-12-14 00:00:00,West Ham United,Burnley,1,0,H,1,0,H,20,8,7,2,6,1,0,2,0,0,R Madley,1.67,4.0,5.75,,,,,,
20161217-crystal-palace-chelsea,ENG Premier League,2016-2017,2016-12-17 00:00:00,2016-12-17 00:00:00,Crystal Palace,Chelsea,0,1,A,0,1,A,6,13,2,6,5,3,2,3,0,0,J Moss,6.5,4.2,1.57,,,,,,
20161217-middlesbrough-swansea,ENG Premier League,2016-2017,2016-12-17 00:00:00,2016-12-17 00:00:00,Middlesbrough,Swansea,3,0,H,2,0,H,10,14,4,2,3,8,1,0,0,0,N Swarbrick,2.1,3.4,4.0,,,,,,
20161217-stoke-leicester-city,ENG Premier League,2016-2017,2016-12-17 00:00:00,2016-12-17 00:00:00,Stoke,Leicester City,2,2,D,2,0,H,16,14,7,8,9,9,2,6,0,1,C Pawson,2.6,3.4,2.9,,,,,,
20161217-sunderland-watford,ENG Premier League,2016-2017,2016-12-17 00:00:00,2016-12-17 00:00:00,Sunderland,Watford,1,0,H,0,0,D,12,9,4,4,4,11,1,2,0,0,R Madley,2.63,3.3,2.9,,,,,,
20161217-west-bromwich-albion-manchester-united,ENG Premier League,2016-2017,2016-12-17 00:00:00,2016-12-17 00:00:00,West Bromwich Albion,Manchester United,0,2,A,0,1,A,10,10,1,5,2,3,3,3,0,0,A Taylor,5.75,3.8,1.7,,,,,,
20161217-west-ham-united-hull,ENG Premier League,2016-2017,2016-12-17 00:00:00,2016-12-17 00:00:00,West Ham United,Hull,1,0,H,0,0,D,18,16,6,5,10,6,2,4,0,0,L Mason,1.62,4.1,6.0,,,,,,
20161218-bournemouth-southampton,ENG Premier League,2016-2017,2016-12-18 00:00:00,2016-12-18 00:00:00,Bournemouth,Southampton,1,3,A,1,1,D,10,14,5,8,7,4,0,2,0,0,M Clattenburg,3.0,3.3,2.6,,,,,,
20161218-manchester-city-arsenal,ENG Premier League,2016-2017,2016-12-18 00:00:00,2016-12-18 00:00:00,Manchester City,Arsenal,2,1,H,0,1,A,14,6,5,1,8,1,4,2,0,0,M Atkinson,2.15,3.6,3.5,,,,,,
20161218-tottenham-hotspur-burnley,ENG Premier League,2016-2017,2016-12-18 00:00:00,2016-12-18 00:00:00,Tottenham Hotspur,Burnley,2,1,H,1,1,D,30,5,9,2,11,2,1,2,0,0,K Friend,1.22,7.0,15.0,,,,,,
20161219-everton-liverpool,ENG Premier League,2016-2017,2016-12-19 00:00:00,2016-12-19 00:00:00,Everton,Liverpool,0,1,A,0,0,D,6,11,1,4,1,6,3,1,0,0,M Dean,4.2,3.6,1.95,,,,,,
20161226-arsenal-west-bromwich-albion,ENG Premier League,2016-2017,2016-12-26 00:00:00,2016-12-26 00:00:00,Arsenal,West Bromwich Albion,1,0,H,0,0,D,26,3,11,1,6,5,2,1,0,0,N Swarbrick,1.33,5.5,8.5,,,,,,
20161226-burnley-middlesbrough,ENG Premier League,2016-2017,2016-12-26 00:00:00,2016-12-26 00:00:00,Burnley,Middlesbrough,1,0,H,0,0,D,6,8,4,2,7,3,6,5,0,0,C Pawson,2.9,3.1,2.6,,,,,,
20161226-chelsea-bournemouth,ENG Premier League,2016-2017,2016-12-26 00:00:00,2016-12-26 00:00:00,Chelsea,Bournemouth,3,0,H,1,0,H,14,7,4,3,5,5,1,1,0,0,M Jones,1.36,5.0,8.5,,,,,,
20161226-hull-manchester-city,ENG Premier League,2016-2017,2016-12-26 00:00:00,2016-12-26 00:00:00,Hull,Manchester City,0,3,A,0,0,D,10,16,3,6,4,7,1,0,0,0,R Madley,10.0,5.5,1.3,,,,,,
20161226-leicester-city-everton,ENG Premier League,2016-2017,2016-12-26 00:00:00,2016-12-26 00:00:00,Leicester City,Everton,0,2,A,0,0,D,7,8,2,3,3,4,3,0,0,0,S Attwell,2.5,3.3,2.9,,,,,,
20161226-manchester-united-sunderland,ENG Premier League,2016-2017,2016-12-26 00:00:00,2016-12-26 00:00:00,Manchester United,Sunderland,3,1,H,1,0,H,26,7,9,4,5,5,1,1,0,0,M Atkinson,1.22,6.5,13.0,,,,,,
20161226-swansea-west-ham-united,ENG Premier League,2016-2017,2016-12-26 00:00:00,2016-12-26 00:00:00,Swansea,West Ham United,1,4,A,0,1,A,14,14,7,7,8,4,0,0,0,0,A Marriner,2.63,3.2,2.8,,,,,,
20161226-watford-crystal-palace,ENG Premier League,2016-2017,2016-12-26 00:00:00,2016-12-26 00:00:00,Watford,Crystal Palace,1,1,D,0,1,A,9,10,3,4,7,3,2,4,0,0,M Clattenburg,2.5,3.3,2.9,,,,,,
20161227-liverpool-stoke,ENG Premier League,2016-2017,2016-12-27 00:00:00,2016-12-27 00:00:00,Liverpool,Stoke,4,1,H,2,1,H,20,6,6,2,8,2,0,1,0,0,M Oliver,1.3,5.5,10.0,,,,,,
20161228-southampton-tottenham-hotspur,ENG Premier League,2016-2017,2016-12-28 00:00:00,2016-12-28 00:00:00,Southampton,Tottenham Hotspur,1,4,A,1,1,D,9,17,2,5,2,10,1,4,1,0,M Dean,2.8,3.25,2.6,,,,,,
20161230-hull-everton,ENG Premier League,2016-2017,2016-12-30 00:00:00,2016-12-30 00:00:00,Hull,Everton,2,2,D,1,1,D,13,20,4,7,5,5,2,2,0,0,J Moss,4.33,3.5,1.95,,,,,,
20161231-burnley-sunderland,ENG Premier League,2016-2017,2016-12-31 00:00:00,2016-12-31 00:00:00,Burnley,Sunderland,4,1,H,1,0,H,16,11,6,3,6,2,1,1,0,0,G Scott,2.4,3.25,3.3,,,,,,
20161231-chelsea-stoke,ENG Premier League,2016-2017,2016-12-31 00:00:00,2016-12-31 00:00:00,Chelsea,Stoke,4,2,H,1,0,H,18,5,7,2,8,3,3,2,0,0,R Madley,1.25,6.5,14.0,,,,,,
20161231-leicester-city-west-ham-united,ENG Premier League,2016-2017,2016-12-31 00:00:00,2016-12-31 00:00:00,Leicester City,West Ham United,1,0,H,1,0,H,12,25,4,5,7,7,5,3,0,0,A Taylor,2.1,3.6,3.7,,,,,,
20161231-liverpool-manchester-city,ENG Premier League,2016-2017,2016-12-31 00:00:00,2016-12-31 00:00:00,Liverpool,Manchester City,1,0,H,1,0,H,5,9,1,2,4,6,2,1,0,0,C Pawson,2.35,3.6,3.1,,,,,,
20161231-manchester-united-middlesbrough,ENG Premier League,2016-2017,2016-12-31 00:00:00,2016-12-31 00:00:00,Manchester United,Middlesbrough,2,1,H,0,0,D,32,9,12,2,12,2,1,1,0,0,L Mason,1.25,6.0,16.0,,,,,,
20161231-southampton-west-bromwich-albion,ENG Premier League,2016-2017,2016-12-31 00:00:00,2016-12-31 00:00:00,Southampton,West Bromwich Albion,1,2,A,1,1,D,10,7,1,3,8,3,1,3,1,0,M Jones,1.75,3.7,5.5,,,,,,
20161231-swansea-bournemouth,ENG Premier League,2016-2017,2016-12-31 00:00:00,2016-12-31 00:00:00,Swansea,Bournemouth,0,3,A,0,2,A,14,11,5,6,4,3,2,0,0,0,K Friend,2.9,3.4,2.6,,,,,,
20170101-arsenal-crystal-palace,ENG Premier League,2016-2017,2017-01-01 00:00:00,2017-01-01 00:00:00,Arsenal,Crystal Palace,2,0,H,1,0,H,22,7,7,4,8,4,1,1,0,0,A Marriner,1.29,5.5,9.5,,,,,,
20170101-watford-tottenham-hotspur,ENG Premier League,2016-2017,2017-01-01 00:00:00,2017-01-01 00:00:00,Watford,Tottenham Hotspur,1,4,A,0,3,A,6,19,2,6,0,3,3,0,0,0,M Oliver,5.5,3.75,1.62,,,,,,
20170102-everton-southampton,ENG Premier League,2016-2017,2017-01-02 00:00:00,2017-01-02 00:00:00,Everton,Southampton,3,0,H,0,0,D,17,12,6,3,10,8,0,1,0,0,K Friend,2.2,3.4,3.6,,,,,,
20170102-manchester-city-burnley,ENG Premier League,2016-2017,2017-01-02 00:00:00,2017-01-02 00:00:00,Manchester City,Burnley,2,1,H,0,0,D,14,11,3,3,8,8,4,3,1,0,L Mason,1.17,8.5,19.0,,,,,,
20170102-middlesbrough-leicester-city,ENG Premier League,2016-2017,2017-01-02 00:00:00,2017-01-02 00:00:00,Middlesbrough,Leicester City,0,0,D,0,0,D,9,10,1,4,2,2,3,0,0,0,R Madley,2.75,3.2,2.88,,,,,,
20170102-sunderland-liverpool,ENG Premier League,2016-2017,2017-01-02 00:00:00,2017-01-02 00:00:00,Sunderland,Liverpool,2,2,D,1,1,D,10,21,5,15,2,5,2,3,0,0,A Taylor,11.0,5.5,1.33,,,,,,
20170102-west-bromwich-albion-hull,ENG Premier League,2016-2017,2017-01-02 00:00:00,2017-01-02 00:00:00,West Bromwich Albion,Hull,3,1,H,0,1,A,8,17,5,6,7,9,0,0,0,0,M Clattenburg,1.75,3.7,5.5,,,,,,
20170102-west-ham-united-manchester-united,ENG Premier League,2016-2017,2017-01-02 00:00:00,2017-01-02 00:00:00,West Ham United,Manchester United,0,2,A,0,0,D,8,13,2,6,2,1,1,2,1,0,M Dean,6.0,4.0,1.65,,,,,,
20170103-bournemouth-arsenal,ENG Premier League,2016-2017,2017-01-03 00:00:00,2017-01-03 00:00:00,Bournemouth,Arsenal,3,3,D,2,0,H,12,14,6,4,4,7,3,3,1,0,M Oliver,4.33,3.4,1.85,,,,,,
20170103-crystal-palace-swansea,ENG Premier League,2016-2017,2017-01-03 00:00:00,2017-01-03 00:00:00,Crystal Palace,Swansea,1,2,A,0,1,A,7,11,3,4,4,5,2,1,0,0,P Tierney,1.75,3.5,4.75,,,,,,
20170103-stoke-watford,ENG Premier League,2016-2017,2017-01-03 00:00:00,2017-01-03 00:00:00,Stoke,Watford,2,0,H,1,0,H,17,9,5,2,7,6,1,2,0,0,N Swarbrick,1.8,3.5,4.5,,,,,,
20170104-tottenham-hotspur-chelsea,ENG Premier League,2016-2017,2017-01-04 00:00:00,2017-01-04 00:00:00,Tottenham Hotspur,Chelsea,2,0,H,1,0,H,9,11,2,2,1,6,3,2,0,0,M Atkinson,2.63,3.25,2.63,,,,,,
20170114-burnley-southampton,ENG Premier League,2016-2017,2017-01-14 00:00:00,2017-01-14 00:00:00,Burnley,Southampton,1,0,H,0,0,D,9,20,3,5,2,7,1,2,0,0,P Tierney,3.6,3.4,2.2,,,,,,
20170114-hull-bournemouth,ENG Premier League,2016-2017,2017-01-14 00:00:00,2017-01-14 00:00:00,Hull,Bournemouth,3,1,H,1,1,D,14,8,3,6,4,5,0,1,0,0,M Atkinson,3.3,3.5,2.3,,,,,,
20170114-leicester-city-chelsea,ENG Premier League,2016-2017,2017-01-14 00:00:00,2017-01-14 00:00:00,Leicester City,Chelsea,0,3,A,0,1,A,7,8,2,3,3,5,1,0,0,0,A Marriner,6.0,4.1,1.62,,,,,,
20170114-sunderland-stoke,ENG Premier League,2016-2017,2017-01-14 00:00:00,2017-01-14 00:00:00,Sunderland,Stoke,1,3,A,1,3,A,14,14,3,6,5,2,3,1,0,0,M Dean,3.1,3.3,2.5,,,,,,
20170114-swansea-arsenal,ENG Premier League,2016-2017,2017-01-14 00:00:00,2017-01-14 00:00:00,Swansea,Arsenal,0,4,A,0,1,A,12,14,3,6,3,2,2,0,0,0,M Jones,7.0,4.75,1.5,,,,,,
20170114-tottenham-hotspur-west-bromwich-albion,ENG Premier League,2016-2017,2017-01-14 00:00:00,2017-01-14 00:00:00,Tottenham Hotspur,West Bromwich Albion,4,0,H,2,0,H,21,3,11,0,8,0,0,2,0,0,A Taylor,1.33,5.5,11.0,,,,,,
20170114-watford-middlesbrough,ENG Premier League,2016-2017,2017-01-14 00:00:00,2017-01-14 00:00:00,Watford,Middlesbrough,0,0,D,0,0,D,12,5,5,1,3,1,3,1,0,0,J Moss,2.5,3.2,3.2,,,,,,
20170114-west-ham-united-crystal-palace,ENG Premier League,2016-2017,2017-01-14 00:00:00,2017-01-14 00:00:00,West Ham United,Crystal Palace,3,0,H,0,0,D,14,10,3,1,2,2,4,2,0,0,N Swarbrick,2.38,3.4,3.2,,,,,,
20170115-everton-manchester-city,ENG Premier League,2016-2017,2017-01-15 00:00:00,2017-01-15 00:00:00,Everton,Manchester City,4,0,H,1,0,H,6,13,4,5,3,6,2,2,0,0,M Clattenburg,4.5,4.0,1.8,,,,,,
20170115-manchester-united-liverpool,ENG Premier League,2016-2017,2017-01-15 00:00:00,2017-01-15 00:00:00,Manchester United,Liverpool,1,1,D,0,1,A,9,13,3,4,5,7,1,3,0,0,M Oliver,2.15,3.4,3.75,,,,,,
20170121-bournemouth-watford,ENG Premier League,2016-2017,2017-01-21 00:00:00,2017-01-21 00:00:00,Bournemouth,Watford,2,2,D,0,1,A,15,10,5,3,9,4,1,1,0,0,L Mason,1.83,3.75,4.75,,,,,,
20170121-crystal-palace-everton,ENG Premier League,2016-2017,2017-01-21 00:00:00,2017-01-21 00:00:00,Crystal Palace,Everton,0,1,A,0,0,D,8,16,2,8,8,7,0,1,0,0,A Taylor,3.25,3.4,2.38,,,,,,
20170121-liverpool-swansea,ENG Premier League,2016-2017,2017-01-21 00:00:00,2017-01-21 00:00:00,Liverpool,Swansea,2,3,A,0,0,D,16,6,5,3,6,3,1,1,0,0,K Friend,1.22,7.0,15.0,,,,,,
20170121-manchester-city-tottenham-hotspur,ENG Premier League,2016-2017,2017-01-21 00:00:00,2017-01-21 00:00:00,Manchester City,Tottenham Hotspur,2,2,D,0,0,D,17,6,7,2,5,4,2,4,0,0,A Marriner,2.15,3.5,3.6,,,,,,
20170121-middlesbrough-west-ham-united,ENG Premier League,2016-2017,2017-01-21 00:00:00,2017-01-21 00:00:00,Middlesbrough,West Ham United,1,3,A,1,2,A,11,13,2,5,7,5,2,1,0,0,M Atkinson,2.5,3.2,3.25,,,,,,
20170121-stoke-manchester-united,ENG Premier League,2016-2017,2017-01-21 00:00:00,2017-01-21 00:00:00,Stoke,Manchester United,1,1,D,1,0,H,6,25,1,8,1,7,4,0,0,0,M Clattenburg,6.0,4.2,1.6,,,,,,
20170121-west-bromwich-albion-sunderland,ENG Premier League,2016-2017,2017-01-21 00:00:00,2017-01-21 00:00:00,West Bromwich Albion,Sunderland,2,0,H,2,0,H,14,9,5,3,1,4,1,1,0,0,C Pawson,1.7,3.8,5.75,,,,,,
20170122-arsenal-burnley,ENG Premier League,2016-2017,2017-01-22 00:00:00,2017-01-22 00:00:00,Arsenal,Burnley,2,1,H,0,0,D,24,13,8,7,10,4,1,3,1,0,J Moss,1.2,7.5,17.0,,,,,,
20170122-chelsea-hull,ENG Premier League,2016-2017,2017-01-22 00:00:00,2017-01-22 00:00:00,Chelsea,Hull,2,0,H,1,0,H,9,9,5,4,9,7,1,3,0,0,N Swarbrick,1.18,8.0,19.0,,,,,,
20170122-southampton-leicester-city,ENG Premier League,2016-2017,2017-01-22 00:00:00,2017-01-22 00:00:00,Southampton,Leicester City,3,0,H,2,0,H,20,11,7,2,7,2,0,1,0,0,M Oliver,1.83,3.5,5.25,,,,,,
20170131-arsenal-watford,ENG Premier League,2016-2017,2017-01-31 00:00:00,2017-01-31 00:00:00,Arsenal,Watford,1,2,A,0,2,A,20,10,5,6,9,5,3,3,0,0,A Marriner,1.22,7.0,15.0,,,,,,
20170131-bournemouth-crystal-palace,ENG Premier League,2016-2017,2017-01-31 00:00:00,2017-01-31 00:00:00,Bournemouth,Crystal Palace,0,2,A,0,0,D,10,11,2,4,2,3,0,4,0,0,J Moss,2.05,3.5,3.9,,,,,,
20170131-burnley-leicester-city,ENG Premier League,2016-2017,2017-01-31 00:00:00,2017-01-31 00:00:00,Burnley,Leicester City,1,0,H,0,0,D,24,13,3,5,10,2,1,0,0,0,M Dean,2.9,3.25,2.7,,,,,,
20170131-liverpool-chelsea,ENG Premier League,2016-2017,2017-01-31 00:00:00,2017-01-31 00:00:00,Liverpool,Chelsea,1,1,D,0,1,A,7,8,3,2,3,3,2,1,0,0,M Clattenburg,2.65,3.25,2.9,,,,,,
20170131-middlesbrough-west-bromwich-albion,ENG Premier League,2016-2017,2017-01-31 00:00:00,2017-01-31 00:00:00,Middlesbrough,West Bromwich Albion,1,1,D,1,1,D,11,16,3,5,4,2,2,1,0,0,S Attwell,2.7,3.1,3.0,,,,,,
20170131-sunderland-tottenham-hotspur,ENG Premier League,2016-2017,2017-01-31 00:00:00,2017-01-31 00:00:00,Sunderland,Tottenham Hotspur,0,0,D,0,0,D,3,14,1,3,2,12,2,1,0,0,L Mason,9.5,5.25,1.36,,,,,,
20170131-swansea-southampton,ENG Premier League,2016-2017,2017-01-31 00:00:00,2017-01-31 00:00:00,Swansea,Southampton,2,1,H,1,0,H,11,10,5,2,5,4,2,0,0,0,R East,3.4,3.4,2.3,,,,,,
20170201-manchester-united-hull,ENG Premier League,2016-2017,2017-02-01 00:00:00,2017-02-01 00:00:00,Manchester United,Hull,0,0,D,0,0,D,15,6,6,2,7,1,1,4,0,0,M Jones,1.2,7.5,17.0,,,,,,
20170201-stoke-everton,ENG Premier League,2016-2017,2017-02-01 00:00:00,2017-02-01 00:00:00,Stoke,Everton,1,1,D,1,1,D,14,14,7,5,5,5,1,0,0,0,C Pawson,2.88,3.4,2.63,,,,,,
20170201-west-ham-united-manchester-city,ENG Premier League,2016-2017,2017-02-01 00:00:00,2017-02-01 00:00:00,West Ham United,Manchester City,0,4,A,0,3,A,6,11,1,4,2,4,3,3,0,0,K Friend,6.0,4.5,1.57,,,,,,
20170204-chelsea-arsenal,ENG Premier League,2016-2017,2017-02-04 00:00:00,2017-02-04 00:00:00,Chelsea,Arsenal,3,1,H,1,0,H,13,9,6,5,10,13,1,1,0,0,M Atkinson,1.95,3.6,4.2,,,,,,
20170204-crystal-palace-sunderland,ENG Premier League,2016-2017,2017-02-04 00:00:00,2017-02-04 00:00:00,Crystal Palace,Sunderland,0,4,A,0,4,A,21,10,9,7,6,1,3,3,0,0,A Marriner,1.7,3.9,5.5,,,,,,
20170204-everton-bournemouth,ENG Premier League,2016-2017,2017-02-04 00:00:00,2017-02-04 00:00:00,Everton,Bournemouth,6,3,H,3,0,H,15,18,10,8,4,8,3,1,0,0,M Jones,1.7,4.0,5.25,,,,,,
20170204-hull-liverpool,ENG Premier League,2016-2017,2017-02-04 00:00:00,2017-02-04 00:00:00,Hull,Liverpool,2,0,H,1,0,H,7,22,4,5,1,15,2,1,0,0,L Mason,8.0,4.75,1.45,,,,,,
20170204-southampton-west-ham-united,ENG Premier League,2016-2017,2017-02-04 00:00:00,2017-02-04 00:00:00,Southampton,West Ham United,1,3,A,1,2,A,21,6,7,4,3,2,0,2,0,0,G Scott,1.85,3.75,4.5,,,,,,
20170204-tottenham-hotspur-middlesbrough,ENG Premier League,2016-2017,2017-02-04 00:00:00,2017-02-04 00:00:00,Tottenham Hotspur,Middlesbrough,1,0,H,0,0,D,17,8,5,0,11,2,0,1,0,0,M Clattenburg,1.29,6.0,13.0,,,,,,
20170204-watford-burnley,ENG Premier League,2016-2017,2017-02-04 00:00:00,2017-02-04 00:00:00,Watford,Burnley,2,1,H,2,0,H,16,11,7,7,3,6,5,0,0,1,M Oliver,2.15,3.3,3.9,,,,,,
20170204-west-bromwich-albion-stoke,ENG Premier League,2016-2017,2017-02-04 00:00:00,2017-02-04 00:00:00,West Bromwich Albion,Stoke,1,0,H,1,0,H,16,12,4,2,5,6,2,2,0,0,K Friend,2.3,3.25,3.5,,,,,,
20170205-leicester-city-manchester-united,ENG Premier League,2016-2017,2017-02-05 00:00:00,2017-02-05 00:00:00,Leicester City,Manchester United,0,3,A,0,2,A,11,15,1,9,10,3,2,4,0,0,A Taylor,5.75,4.0,1.65,,,,,,
20170205-manchester-city-swansea,ENG Premier League,2016-2017,2017-02-05 00:00:00,2017-02-05 00:00:00,Manchester City,Swansea,2,1,H,1,0,H,17,4,5,2,10,3,2,3,0,0,M Dean,1.22,7.0,15.0,,,,,,
20170211-arsenal-hull,ENG Premier League,2016-2017,2017-02-11 00:00:00,2017-02-11 00:00:00,Arsenal,Hull,2,0,H,1,0,H,17,9,7,4,3,8,3,1,0,1,M Clattenburg,1.29,6.0,13.0,,,,,,
20170211-liverpool-tottenham-hotspur,ENG Premier League,2016-2017,2017-02-11 00:00:00,2017-02-11 00:00:00,Liverpool,Tottenham Hotspur,2,0,H,2,0,H,17,7,9,2,10,3,3,4,0,0,A Taylor,2.3,3.4,3.4,,,,,,
20170211-manchester-united-watford,ENG Premier League,2016-2017,2017-02-11 00:00:00,2017-02-11 00:00:00,Manchester United,Watford,2,0,H,1,0,H,22,9,11,3,5,1,1,0,0,0,R Madley,1.25,6.5,14.0,,,,,,
20170211-middlesbrough-everton,ENG Premier League,2016-2017,2017-02-11 00:00:00,2017-02-11 00:00:00,Middlesbrough,Everton,0,0,D,0,0,D,9,7,3,3,5,2,2,0,0,0,M Dean,3.9,3.3,2.15,,,,,,
20170211-stoke-crystal-palace,ENG Premier League,2016-2017,2017-02-11 00:00:00,2017-02-11 00:00:00,Stoke,Crystal Palace,1,0,H,0,0,D,7,6,4,1,5,5,1,3,0,0,M Atkinson,2.15,3.3,3.9,,,,,,
20170211-sunderland-southampton,ENG Premier League,2016-2017,2017-02-11 00:00:00,2017-02-11 00:00:00,Sunderland,Southampton,0,4,A,0,2,A,6,15,1,8,6,2,1,0,0,0,P Tierney,3.9,3.4,2.1,,,,,,
20170211-west-ham-united-west-bromwich-albion,ENG Premier League,2016-2017,2017-02-11 00:00:00,2017-02-11 00:00:00,West Ham United,West Bromwich Albion,2,2,D,0,1,A,16,8,4,3,7,5,3,2,0,0,M Oliver,2.25,3.3,3.6,,,,,,
20170212-burnley-chelsea,ENG Premier League,2016-2017,2017-02-12 00:00:00,2017-02-12 00:00:00,Burnley,Chelsea,1,1,D,1,1,D,6,13,4,2,1,1,3,2,0,0,K Friend,9.0,5.0,1.4,,,,,,
20170212-swansea-leicester-city,ENG Premier League,2016-2017,2017-02-12 00:00:00,2017-02-12 00:00:00,Swansea,Leicester City,2,0,H,2,0,H,10,9,4,1,7,3,2,2,0,0,J Moss,2.4,3.3,3.25,,,,,,
20170213-bournemouth-manchester-city,ENG Premier League,2016-2017,2017-02-13 00:00:00,2017-02-13 00:00:00,Bournemouth,Manchester City,0,2,A,0,1,A,5,17,1,5,3,7,2,3,0,0,N Swarbrick,7.5,5.0,1.44,,,,,,
20170225-chelsea-swansea,ENG Premier League,2016-2017,2017-02-25 00:00:00,2017-02-25 00:00:00,Chelsea,Swansea,3,1,H,1,1,D,16,3,5,2,8,1,1,3,0,0,N Swarbrick,1.25,6.5,15.0,,,,,,
20170225-crystal-palace-middlesbrough,ENG Premier League,2016-2017,2017-02-25 00:00:00,2017-02-25 00:00:00,Crystal Palace,Middlesbrough,1,0,H,1,0,H,15,11,3,4,4,2,3,1,0,0,R Madley,2.1,3.2,4.2,,,,,,
20170225-everton-sunderland,ENG Premier League,2016-2017,2017-02-25 00:00:00,2017-02-25 00:00:00,Everton,Sunderland,2,0,H,1,0,H,20,10,8,1,10,6,0,2,0,0,S Attwell,1.4,5.25,8.5,,,,,,
20170225-hull-burnley,ENG Premier League,2016-2017,2017-02-25 00:00:00,2017-02-25 00:00:00,Hull,Burnley,1,1,D,0,0,D,15,10,1,3,6,3,1,1,0,1,M Atkinson,2.15,3.3,3.9,,,,,,
20170225-watford-west-ham-united,ENG Premier League,2016-2017,2017-02-25 00:00:00,2017-02-25 00:00:00,Watford,West Ham United,1,1,D,1,0,H,9,13,1,2,4,6,4,1,0,1,C Pawson,2.63,3.3,2.9,,,,,,
20170225-west-bromwich-albion-bournemouth,ENG Premier League,2016-2017,2017-02-25 00:00:00,2017-02-25 00:00:00,West Bromwich Albion,Bournemouth,2,1,H,2,1,H,13,12,4,4,8,6,2,0,0,0,M Clattenburg,2.1,3.4,4.0,,,,,,
20170226-tottenham-hotspur-stoke,ENG Premier League,2016-2017,2017-02-26 00:00:00,2017-02-26 00:00:00,Tottenham Hotspur,Stoke,4,0,H,4,0,H,21,5,9,3,8,5,2,3,0,0,J Moss,1.44,5.0,7.5,,,,,,
20170227-leicester-city-liverpool,ENG Premier League,2016-2017,2017-02-27 00:00:00,2017-02-27 00:00:00,Leicester City,Liverpool,3,1,H,2,0,H,13,17,7,7,5,12,0,0,0,0,M Oliver,5.5,4.2,1.65,,,,,,
20170304-leicester-city-hull,ENG Premier League,2016-2017,2017-03-04 00:00:00,2017-03-04 00:00:00,Leicester City,Hull,3,1,H,1,1,D,17,10,5,4,10,4,1,1,0,0,M Dean,1.85,3.6,4.75,,,,,,
20170304-liverpool-arsenal,ENG Premier League,2016-2017,2017-03-04 00:00:00,2017-03-04 00:00:00,Liverpool,Arsenal,3,1,H,2,0,H,18,7,7,3,9,3,1,2,0,0,R Madley,2.15,3.6,3.6,,,,,,
20170304-manchester-united-bournemouth,ENG Premier League,2016-2017,2017-03-04 00:00:00,2017-03-04 00:00:00,Manchester United,Bournemouth,1,1,D,1,1,D,20,3,7,1,15,2,3,2,0,1,K Friend,1.25,6.5,15.0,,,,,,
20170304-stoke-middlesbrough,ENG Premier League,2016-2017,2017-03-04 00:00:00,2017-03-04 00:00:00,Stoke,Middlesbrough,2,0,H,2,0,H,13,8,8,2,6,1,1,2,0,0,C Pawson,1.95,3.4,4.5,,,,,,
20170304-swansea-burnley,ENG Premier League,2016-2017,2017-03-04 00:00:00,2017-03-04 00:00:00,Swansea,Burnley,3,2,H,1,1,D,23,6,10,4,9,2,2,2,0,0,A Taylor,2.0,3.5,4.2,,,,,,
20170304-watford-southampton,ENG Premier League,2016-2017,2017-03-04 00:00:00,2017-03-04 00:00:00,Watford,Southampton,3,4,A,1,2,A,16,20,4,11,6,5,3,2,0,0,J Moss,3.6,3.4,2.2,,,,,,
20170304-west-bromwich-albion-crystal-palace,ENG Premier League,2016-2017,2017-03-04 00:00:00,2017-03-04 00:00:00,West Bromwich Albion,Crystal Palace,0,2,A,0,0,D,11,10,1,4,5,5,0,1,0,0,M Jones,2.2,3.3,3.8,,,,,,
20170305-sunderland-manchester-city,ENG Premier League,2016-2017,2017-03-05 00:00:00,2017-03-05 00:00:00,Sunderland,Manchester City,0,2,A,0,1,A,11,14,3,7,6,4,1,0,0,0,M Atkinson,11.0,6.5,1.29,,,,,,
20170305-tottenham-hotspur-everton,ENG Premier League,2016-2017,2017-03-05 00:00:00,2017-03-05 00:00:00,Tottenham Hotspur,Everton,3,2,H,1,0,H,20,8,7,4,7,2,1,2,0,0,M Oliver,1.67,4.2,5.25,,,,,,
20170306-west-ham-united-chelsea,ENG Premier League,2016-2017,2017-03-06 00:00:00,2017-03-06 00:00:00,West Ham United,Chelsea,1,2,A,0,1,A,11,9,2,4,6,4,0,1,0,0,A Marriner,6.0,4.1,1.62,,,,,,
20170308-manchester-city-stoke,ENG Premier League,2016-2017,2017-03-08 00:00:00,2017-03-08 00:00:00,Manchester City,Stoke,0,0,D,0,0,D,12,5,1,2,8,1,1,3,0,0,N Swarbrick,1.25,6.5,15.0,,,,,,
20170311-bournemouth-west-ham-united,ENG Premier League,2016-2017,2017-03-11 00:00:00,2017-03-11 00:00:00,Bournemouth,West Ham United,3,2,H,1,1,D,21,15,9,7,5,6,4,2,0,0,R Madley,2.6,3.5,2.8,,,,,,
20170311-everton-west-bromwich-albion,ENG Premier League,2016-2017,2017-03-11 00:00:00,2017-03-11 00:00:00,Everton,West Bromwich Albion,3,0,H,2,0,H,16,5,5,2,4,6,1,2,0,0,G Scott,1.67,3.8,6.0,,,,,,
20170311-hull-swansea,ENG Premier League,2016-2017,2017-03-11 00:00:00,2017-03-11 00:00:00,Hull,Swansea,2,1,H,0,0,D,15,11,7,3,2,7,3,1,0,0,A Marriner,2.55,3.3,3.0,,,,,,
20170312-liverpool-burnley,ENG Premier League,2016-2017,2017-03-12 00:00:00,2017-03-12 00:00:00,Liverpool,Burnley,2,1,H,1,1,D,10,11,3,1,11,1,2,2,0,0,C Pawson,1.25,6.5,14.0,,,,,,
20170318-bournemouth-swansea,ENG Premier League,2016-2017,2017-03-18 00:00:00,2017-03-18 00:00:00,Bournemouth,Swansea,2,0,H,1,0,H,12,10,6,1,2,4,0,2,0,0,M Dean,2.15,3.5,3.6,,,,,,
20170318-crystal-palace-watford,ENG Premier League,2016-2017,2017-03-18 00:00:00,2017-03-18 00:00:00,Crystal Palace,Watford,1,0,H,0,0,D,7,6,0,2,3,2,0,2,0,0,M Atkinson,1.91,3.5,4.75,,,,,,
20170318-everton-hull,ENG Premier League,2016-2017,2017-03-18 00:00:00,2017-03-18 00:00:00,Everton,Hull,4,0,H,1,0,H,14,6,8,0,5,8,2,0,0,1,P Tierney,1.53,4.33,7.0,,,,,,
20170318-stoke-chelsea,ENG Premier League,2016-2017,2017-03-18 00:00:00,2017-03-18 00:00:00,Stoke,Chelsea,1,2,A,1,1,D,5,20,1,7,5,11,4,2,1,0,A Taylor,6.5,4.0,1.62,,,,,,
20170318-sunderland-burnley,ENG Premier League,2016-2017,2017-03-18 00:00:00,2017-03-18 00:00:00,Sunderland,Burnley,0,0,D,0,0,D,14,17,5,3,3,5,2,1,0,0,R Madley,2.55,3.3,3.0,,,,,,
20170318-west-bromwich-albion-arsenal,ENG Premier League,2016-2017,2017-03-18 00:00:00,2017-03-18 00:00:00,West Bromwich Albion,Arsenal,3,1,H,1,1,D,12,11,8,2,4,5,1,0,0,0,N Swarbrick,5.25,4.0,1.73,,,,,,
20170318-west-ham-united-leicester-city,ENG Premier League,2016-2017,2017-03-18 00:00:00,2017-03-18 00:00:00,West Ham United,Leicester City,2,3,A,1,3,A,20,11,7,5,6,5,0,1,0,0,R East,2.3,3.5,3.3,,,,,,
20170319-manchester-city-liverpool,ENG Premier League,2016-2017,2017-03-19 00:00:00,2017-03-19 00:00:00,Manchester City,Liverpool,1,1,D,0,0,D,13,13,3,4,9,8,3,3,0,0,M Oliver,2.0,3.75,3.8,,,,,,
20170319-middlesbrough-manchester-united,ENG Premier League,2016-2017,2017-03-19 00:00:00,2017-03-19 00:00:00,Middlesbrough,Manchester United,1,3,A,0,1,A,10,14,3,6,8,3,1,1,0,0,J Moss,6.0,3.7,1.7,,,,,,
20170319-tottenham-hotspur-southampton,ENG Premier League,2016-2017,2017-03-19 00:00:00,2017-03-19 00:00:00,Tottenham Hotspur,Southampton,2,1,H,2,0,H,12,8,6,3,5,1,3,3,0,0,A Marriner,1.73,3.8,5.5,,,,,,
20170401-burnley-tottenham-hotspur,ENG Premier League,2016-2017,2017-04-01 00:00:00,2017-04-01 00:00:00,Burnley,Tottenham Hotspur,0,2,A,0,0,D,13,19,2,7,3,7,2,0,0,0,S Attwell,5.75,3.8,1.7,,,,,,
20170401-chelsea-crystal-palace,ENG Premier League,2016-2017,2017-04-01 00:00:00,2017-04-01 00:00:00,Chelsea,Crystal Palace,1,2,A,1,2,A,24,8,11,3,9,3,3,2,0,0,C Pawson,1.3,5.75,12.0,,,,,,
20170401-hull-west-ham-united,ENG Premier League,2016-2017,2017-04-01 00:00:00,2017-04-01 00:00:00,Hull,West Ham United,2,1,H,0,1,A,7,12,3,4,5,5,2,2,0,0,M Jones,2.45,3.4,3.1,,,,,,
20170401-leicester-city-stoke,ENG Premier League,2016-2017,2017-04-01 00:00:00,2017-04-01 00:00:00,Leicester City,Stoke,2,0,H,1,0,H,23,10,10,2,10,4,1,4,0,0,L Mason,2.05,3.5,4.0,,,,,,
20170401-liverpool-everton,ENG Premier League,2016-2017,2017-04-01 00:00:00,2017-04-01 00:00:00,Liverpool,Everton,3,1,H,2,1,H,10,9,6,4,2,3,1,3,0,0,A Taylor,1.73,3.9,5.25,,,,,,
20170401-manchester-united-west-bromwich-albion,ENG Premier League,2016-2017,2017-04-01 00:00:00,2017-04-01 00:00:00,Manchester United,West Bromwich Albion,0,0,D,0,0,D,18,3,3,1,6,1,3,3,0,0,M Dean,1.36,5.0,11.0,,,,,,
20170401-southampton-bournemouth,ENG Premier League,2016-2017,2017-04-01 00:00:00,2017-04-01 00:00:00,Southampton,Bournemouth,0,0,D,0,0,D,14,12,4,3,6,3,1,0,0,0,J Moss,1.65,4.0,6.0,,,,,,
20170401-watford-sunderland,ENG Premier League,2016-2017,2017-04-01 00:00:00,2017-04-01 00:00:00,Watford,Sunderland,1,0,H,0,0,D,23,11,10,3,13,9,1,3,0,0,L Probert,1.85,3.6,4.75,,,,,,
20170402-arsenal-manchester-city,ENG Premier League,2016-2017,2017-04-02 00:00:00,2017-04-02 00:00:00,Arsenal,Manchester City,2,2,D,1,2,A,8,14,3,5,3,8,3,2,0,0,A Marriner,3.1,3.75,2.3,,,,,,
20170402-swansea-middlesbrough,ENG Premier League,2016-2017,2017-04-02 00:00:00,2017-04-02 00:00:00,Swansea,Middlesbrough,0,0,D,0,0,D,15,8,3,1,11,3,2,3,0,0,R Madley,2.0,3.4,4.33,,,,,,
20170404-burnley-stoke,ENG Premier League,2016-2017,2017-04-04 00:00:00,2017-04-04 00:00:00,Burnley,Stoke,1,0,H,0,0,D,7,15,3,2,3,5,3,2,0,0,K Friend,2.5,3.1,3.3,,,,,,
20170404-leicester-city-sunderland,ENG Premier League,2016-2017,2017-04-04 00:00:00,2017-04-04 00:00:00,Leicester City,Sunderland,2,0,H,0,0,D,19,15,8,3,5,6,0,1,0,0,G Scott,1.45,4.5,8.5,,,,,,
20170404-manchester-united-everton,ENG Premier League,2016-2017,2017-04-04 00:00:00,2017-04-04 00:00:00,Manchester United,Everton,1,1,D,0,1,A,18,11,3,4,6,5,1,4,0,1,N Swarbrick,1.57,4.2,6.5,,,,,,
20170404-watford-west-bromwich-albion,ENG Premier League,2016-2017,2017-04-04 00:00:00,2017-04-04 00:00:00,Watford,West Bromwich Albion,2,0,H,1,0,H,9,18,2,2,5,6,1,4,1,0,P Tierney,2.5,3.2,3.2,,,,,,
20170405-arsenal-west-ham-united,ENG Premier League,2016-2017,2017-04-05 00:00:00,2017-04-05 00:00:00,Arsenal,West Ham United,3,0,H,0,0,D,21,7,8,2,5,0,2,2,0,0,M Atkinson,1.4,5.25,8.0,,,,,,
20170405-chelsea-manchester-city,ENG Premier League,2016-2017,2017-04-05 00:00:00,2017-04-05 00:00:00,Chelsea,Manchester City,2,1,H,2,1,H,10,17,4,7,2,9,1,3,0,0,M Dean,2.4,3.5,3.1,,,,,,
20170405-hull-middlesbrough,ENG Premier League,2016-2017,2017-04-05 00:00:00,2017-04-05 00:00:00,Hull,Middlesbrough,4,2,H,3,2,H,17,12,5,4,8,4,2,1,0,0,M Oliver,2.05,3.3,4.2,,,,,,
20170405-liverpool-bournemouth,ENG Premier League,2016-2017,2017-04-05 00:00:00,2017-04-05 00:00:00,Liverpool,Bournemouth,2,2,D,1,1,D,20,7,8,2,7,2,1,1,0,0,L Mason,1.36,5.25,9.5,,,,,,
20170405-southampton-crystal-palace,ENG Premier League,2016-2017,2017-04-05 00:00:00,2017-04-05 00:00:00,Southampton,Crystal Palace,3,1,H,1,1,D,25,17,9,3,11,11,2,1,0,0,R East,1.83,3.7,4.75,,,,,,
20170405-swansea-tottenham-hotspur,ENG Premier League,2016-2017,2017-04-05 00:00:00,2017-04-05 00:00:00,Swansea,Tottenham Hotspur,1,3,A,1,0,H,4,18,1,8,5,7,1,1,0,0,J Moss,5.0,4.0,1.73,,,,,,
20170408-bournemouth-chelsea,ENG Premier League,2016-2017,2017-04-08 00:00:00,2017-04-08 00:00:00,Bournemouth,Chelsea,1,3,A,1,2,A,12,15,1,5,4,4,2,3,0,0,A Marriner,6.5,4.0,1.6,,,,,,
20170408-manchester-city-hull,ENG Premier League,2016-2017,2017-04-08 00:00:00,2017-04-08 00:00:00,Manchester City,Hull,3,1,H,1,0,H,23,6,7,1,7,3,0,2,0,0,J Moss,1.2,7.5,17.0,,,,,,
20170408-middlesbrough-burnley,ENG Premier League,2016-2017,2017-04-08 00:00:00,2017-04-08 00:00:00,Middlesbrough,Burnley,0,0,D,0,0,D,12,7,5,2,4,3,0,3,0,0,M Atkinson,2.45,3.1,3.4,,,,,,
20170408-stoke-liverpool,ENG Premier League,2016-2017,2017-04-08 00:00:00,2017-04-08 00:00:00,Stoke,Liverpool,1,2,A,1,0,H,9,14,4,4,5,8,0,2,0,0,M Dean,4.0,3.75,1.95,,,,,,
20170408-tottenham-hotspur-watford,ENG Premier League,2016-2017,2017-04-08 00:00:00,2017-04-08 00:00:00,Tottenham Hotspur,Watford,4,0,H,3,0,H,19,8,6,2,7,5,0,1,0,0,A Taylor,1.25,6.5,15.0,,,,,,
20170408-west-bromwich-albion-southampton,ENG Premier League,2016-2017,2017-04-08 00:00:00,2017-04-08 00:00:00,West Bromwich Albion,Southampton,0,1,A,0,1,A,17,10,6,3,7,3,2,2,0,0,C Kavanagh,3.0,3.3,2.55,,,,,,
20170408-west-ham-united-swansea,ENG Premier League,2016-2017,2017-04-08 00:00:00,2017-04-08 00:00:00,West Ham United,Swansea,1,0,H,1,0,H,14,4,6,1,4,3,5,1,0,0,K Friend,2.1,3.6,3.7,,,,,,
20170409-everton-leicester-city,ENG Premier League,2016-2017,2017-04-09 00:00:00,2017-04-09 00:00:00,Everton,Leicester City,4,2,H,3,2,H,12,6,7,4,4,6,2,2,0,0,R Madley,1.75,3.9,5.0,,,,,,
20170409-sunderland-manchester-united,ENG Premier League,2016-2017,2017-04-09 00:00:00,2017-04-09 00:00:00,Sunderland,Manchester United,0,3,A,0,1,A,9,18,4,9,4,5,1,5,1,0,C Pawson,10.0,5.25,1.36,,,,,,
20170410-crystal-palace-arsenal,ENG Premier League,2016-2017,2017-04-10 00:00:00,2017-04-10 00:00:00,Crystal Palace,Arsenal,3,0,H,1,0,H,17,11,6,3,5,8,0,1,0,0,M Oliver,4.5,3.9,1.83,,,,,,
20170415-crystal-palace-leicester-city,ENG Premier League,2016-2017,2017-04-15 00:00:00,2017-04-15 00:00:00,Crystal Palace,Leicester City,2,2,D,0,1,A,15,6,4,2,8,5,0,2,0,0,M Dean,1.73,3.6,4.75,,,,,,
20170415-everton-burnley,ENG Premier League,2016-2017,2017-04-15 00:00:00,2017-04-15 00:00:00,Everton,Burnley,3,1,H,0,0,D,29,13,7,6,6,7,2,0,0,0,M Clattenburg,1.4,4.5,8.0,,,,,,
20170415-southampton-manchester-city,ENG Premier League,2016-2017,2017-04-15 00:00:00,2017-04-15 00:00:00,Southampton,Manchester City,0,3,A,0,0,D,8,18,1,5,3,8,3,0,0,0,N Swarbrick,4.33,4.0,1.73,,,,,,
20170415-stoke-hull,ENG Premier League,2016-2017,2017-04-15 00:00:00,2017-04-15 00:00:00,Stoke,Hull,3,1,H,1,0,H,14,14,4,3,3,7,0,2,0,0,S Attwell,1.95,3.3,4.0,,,,,,
20170415-sunderland-west-ham-united,ENG Premier League,2016-2017,2017-04-15 00:00:00,2017-04-15 00:00:00,Sunderland,West Ham United,2,2,D,1,1,D,14,7,4,3,8,1,1,0,0,1,A Marriner,3.3,3.25,2.2,,,,,,
20170415-tottenham-hotspur-bournemouth,ENG Premier League,2016-2017,2017-04-15 00:00:00,2017-04-15 00:00:00,Tottenham Hotspur,Bournemouth,4,0,H,2,0,H,24,5,14,1,13,1,0,1,0,0,M Oliver,1.25,6.0,10.0,,,,,,
20170415-watford-swansea,ENG Premier League,2016-2017,2017-04-15 00:00:00,2017-04-15 00:00:00,Watford,Swansea,1,0,H,1,0,H,15,13,7,4,6,2,0,0,0,0,L Mason,2.4,3.3,2.9,,,,,,
20170416-manchester-united-chelsea,ENG Premier League,2016-2017,2017-04-16 00:00:00,2017-04-16 00:00:00,Manchester United,Chelsea,2,0,H,1,0,H,9,5,3,0,1,3,3,3,0,0,R Madley,2.55,3.2,2.8,,,,,,
20170416-west-bromwich-albion-liverpool,ENG Premier League,2016-2017,2017-04-16 00:00:00,2017-04-16 00:00:00,West Bromwich Albion,Liverpool,0,1,A,0,1,A,7,15,2,2,4,4,3,1,0,0,J Moss,4.0,3.8,1.8,,,,,,
20170417-middlesbrough-arsenal,ENG Premier League,2016-2017,2017-04-17 00:00:00,2017-04-17 00:00:00,Middlesbrough,Arsenal,1,2,A,0,1,A,13,12,5,4,2,4,2,2,0,0,A Taylor,7.0,4.0,1.5,,,,,,
20170422-bournemouth-middlesbrough,ENG Premier League,2016-2017,2017-04-22 00:00:00,2017-04-22 00:00:00,Bournemouth,Middlesbrough,4,0,H,2,0,H,20,5,10,2,4,3,0,2,0,1,G Scott,1.85,3.75,4.5,,,,,,
20170422-hull-watford,ENG Premier League,2016-2017,2017-04-22 00:00:00,2017-04-22 00:00:00,Hull,Watford,2,0,H,0,0,D,8,13,3,2,4,7,3,1,1,0,R Madley,1.91,3.7,4.33,,,,,,
20170422-swansea-stoke,ENG Premier League,2016-2017,2017-04-22 00:00:00,2017-04-22 00:00:00,Swansea,Stoke,2,0,H,1,0,H,10,9,6,3,11,4,2,2,0,0,M Oliver,2.2,3.4,3.6,,,,,,
20170422-west-ham-united-everton,ENG Premier League,2016-2017,2017-04-22 00:00:00,2017-04-22 00:00:00,West Ham United,Everton,0,0,D,0,0,D,15,4,3,0,8,4,2,3,0,0,R East,3.3,3.6,2.25,,,,,,
20170423-burnley-manchester-united,ENG Premier League,2016-2017,2017-04-23 00:00:00,2017-04-23 00:00:00,Burnley,Manchester United,0,2,A,0,2,A,8,12,0,6,3,3,2,1,0,0,A Taylor,5.75,4.0,1.67,,,,,,
20170423-liverpool-crystal-palace,ENG Premier League,2016-2017,2017-04-23 00:00:00,2017-04-23 00:00:00,Liverpool,Crystal Palace,1,2,A,1,1,D,14,7,1,3,4,3,1,2,0,0,A Marriner,1.5,4.75,7.0,,,,,,
20170425-chelsea-southampton,ENG Premier League,2016-2017,2017-04-25 00:00:00,2017-04-25 00:00:00,Chelsea,Southampton,4,2,H,2,1,H,17,12,7,4,6,7,2,2,0,0,L Mason,1.45,4.6,8.5,,,,,,
20170426-arsenal-leicester-city,ENG Premier League,2016-2017,2017-04-26 00:00:00,2017-04-26 00:00:00,Arsenal,Leicester City,1,0,H,0,0,D,12,7,5,3,12,1,2,4,0,0,M Jones,1.6,4.5,5.75,,,,,,
20170426-crystal-palace-tottenham-hotspur,ENG Premier League,2016-2017,2017-04-26 00:00:00,2017-04-26 00:00:00,Crystal Palace,Tottenham Hotspur,0,1,A,0,0,D,6,18,1,4,2,11,3,3,0,0,J Moss,5.5,4.2,1.65,,,,,,
20170426-middlesbrough-sunderland,ENG Premier League,2016-2017,2017-04-26 00:00:00,2017-04-26 00:00:00,Middlesbrough,Sunderland,1,0,H,1,0,H,6,10,2,4,3,5,3,3,0,0,M Dean,2.3,3.4,3.4,,,,,,
20170427-manchester-city-manchester-united,ENG Premier League,2016-2017,2017-04-27 00:00:00,2017-04-27 00:00:00,Manchester City,Manchester United,0,0,D,0,0,D,19,3,6,1,7,4,1,0,0,1,M Atkinson,1.91,3.75,4.2,,,,,,
20170429-crystal-palace-burnley,ENG Premier League,2016-2017,2017-04-29 00:00:00,2017-04-29 00:00:00,Crystal Palace,Burnley,0,2,A,0,1,A,15,9,5,3,14,4,2,0,0,0,R Madley,1.75,3.5,4.75,,,,,,
20170429-southampton-hull,ENG Premier League,2016-2017,2017-04-29 00:00:00,2017-04-29 00:00:00,Southampton,Hull,0,0,D,0,0,D,11,9,2,1,6,6,0,3,0,0,M Dean,1.6,3.75,5.75,,,,,,
20170429-stoke-west-ham-united,ENG Premier League,2016-2017,2017-04-29 00:00:00,2017-04-29 00:00:00,Stoke,West Ham United,0,0,D,0,0,D,19,12,4,4,5,3,1,0,0,0,L Probert,2.0,3.5,3.6,,,,,,
20170429-sunderland-bournemouth,ENG Premier League,2016-2017,2017-04-29 00:00:00,2017-04-29 00:00:00,Sunderland,Bournemouth,0,1,A,0,0,D,17,15,5,7,6,5,3,2,0,0,S Attwell,3.0,3.4,2.3,,,,,,
20170429-west-bromwich-albion-leicester-city,ENG Premier League,2016-2017,2017-04-29 00:00:00,2017-04-29 00:00:00,West Bromwich Albion,Leicester City,0,1,A,0,1,A,16,6,4,1,5,6,2,2,0,0,M Clattenburg,2.4,3.5,2.75,,,,,,
20170430-everton-chelsea,ENG Premier League,2016-2017,2017-04-30 00:00:00,2017-04-30 00:00:00,Everton,Chelsea,0,3,A,0,0,D,12,11,4,5,2,4,3,4,0,0,J Moss,3.5,3.6,2.0,,,,,,
20170430-manchester-united-swansea,ENG Premier League,2016-2017,2017-04-30 00:00:00,2017-04-30 00:00:00,Manchester United,Swansea,1,1,D,1,0,H,12,12,6,4,5,2,2,2,0,0,N Swarbrick,1.36,4.75,8.0,,,,,,
20170430-middlesbrough-manchester-city,ENG Premier League,2016-2017,2017-04-30 00:00:00,2017-04-30 00:00:00,Middlesbrough,Manchester City,2,2,D,1,0,H,14,22,6,4,4,11,4,4,0,0,K Friend,13.0,5.25,1.25,,,,,,
20170430-tottenham-hotspur-arsenal,ENG Premier League,2016-2017,2017-04-30 00:00:00,2017-04-30 00:00:00,Tottenham Hotspur,Arsenal,2,0,H,0,0,D,20,12,11,4,14,5,1,3,0,0,M Oliver,1.85,3.75,4.0,,,,,,
20170501-watford-liverpool,ENG Premier League,2016-2017,2017-05-01 00:00:00,2017-05-01 00:00:00,Watford,Liverpool,0,1,A,0,1,A,9,12,2,8,3,5,3,1,0,0,C Pawson,5.75,4.5,1.5,,,,,,
20170505-west-ham-united-tottenham-hotspur,ENG Premier League,2016-2017,2017-05-05 00:00:00,2017-05-05 00:00:00,West Ham United,Tottenham Hotspur,1,0,H,0,0,D,13,11,5,5,3,7,4,2,0,0,A Taylor,8.5,5.25,1.4,,,,,,
20170506-bournemouth-stoke,ENG Premier League,2016-2017,2017-05-06 00:00:00,2017-05-06 00:00:00,Bournemouth,Stoke,2,2,D,0,1,A,12,14,2,3,0,7,2,0,0,0,P Tierney,2.25,3.6,3.3,,,,,,
20170506-burnley-west-bromwich-albion,ENG Premier League,2016-2017,2017-05-06 00:00:00,2017-05-06 00:00:00,Burnley,West Bromwich Albion,2,2,D,0,0,D,14,11,4,3,5,8,1,3,0,0,M Jones,2.25,3.3,3.6,,,,,,
20170506-hull-sunderland,ENG Premier League,2016-2017,2017-05-06 00:00:00,2017-05-06 00:00:00,Hull,Sunderland,0,2,A,0,0,D,16,12,6,5,7,4,3,1,0,0,N Swarbrick,1.44,4.75,8.0,,,,,,
20170506-leicester-city-watford,ENG Premier League,2016-2017,2017-05-06 00:00:00,2017-05-06 00:00:00,Leicester City,Watford,3,0,H,1,0,H,11,14,5,7,10,1,0,0,0,0,R East,1.57,4.2,6.5,,,,,,
20170506-manchester-city-crystal-palace,ENG Premier League,2016-2017,2017-05-06 00:00:00,2017-05-06 00:00:00,Manchester City,Crystal Palace,5,0,H,1,0,H,26,5,12,2,9,3,1,3,0,0,M Oliver,1.29,6.5,11.0,,,,,,
20170506-swansea-everton,ENG Premier League,2016-2017,2017-05-06 00:00:00,2017-05-06 00:00:00,Swansea,Everton,1,0,H,1,0,H,9,8,4,2,9,5,0,0,0,0,M Atkinson,2.8,3.5,2.63,,,,,,
20170507-arsenal-manchester-united,ENG Premier League,2016-2017,2017-05-07 00:00:00,2017-05-07 00:00:00,Arsenal,Manchester United,2,0,H,0,0,D,9,10,4,4,5,9,1,0,0,0,A Marriner,1.91,3.7,4.33,,,,,,
20170507-liverpool-southampton,ENG Premier League,2016-2017,2017-05-07 00:00:00,2017-05-07 00:00:00,Liverpool,Southampton,0,0,D,0,0,D,17,4,8,0,3,6,1,3,0,0,R Madley,1.62,4.2,6.0,,,,,,
20170508-chelsea-middlesbrough,ENG Premier League,2016-2017,2017-05-08 00:00:00,2017-05-08 00:00:00,Chelsea,Middlesbrough,3,0,H,2,0,H,21,2,7,1,8,1,0,2,0,0,C Pawson,1.17,9.0,19.0,,,,,,
20170510-southampton-arsenal,ENG Premier League,2016-2017,2017-05-10 00:00:00,2017-05-10 00:00:00,Southampton,Arsenal,0,2,A,0,0,D,14,11,3,4,8,5,1,2,0,0,J Moss,3.6,3.8,2.05,,,,,,
20170512-everton-watford,ENG Premier League,2016-2017,2017-05-12 00:00:00,2017-05-12 00:00:00,Everton,Watford,1,0,H,0,0,D,15,14,6,2,9,8,0,3,0,0,K Friend,1.5,4.5,7.5,,,,,,
20170512-west-bromwich-albion-chelsea,ENG Premier League,2016-2017,2017-05-12 00:00:00,2017-05-12 00:00:00,West Bromwich Albion,Chelsea,0,1,A,0,0,D,7,24,2,5,5,8,3,0,0,0,M Oliver,10.0,5.25,1.36,,,,,,
20170513-bournemouth-burnley,ENG Premier League,2016-2017,2017-05-13 00:00:00,2017-05-13 00:00:00,Bournemouth,Burnley,2,1,H,1,0,H,18,14,6,3,7,1,0,1,0,0,L Probert,1.91,3.75,4.2,,,,,,
20170513-manchester-city-leicester-city,ENG Premier League,2016-2017,2017-05-13 00:00:00,2017-05-13 00:00:00,Manchester City,Leicester City,2,1,H,2,1,H,17,9,5,4,9,3,3,3,0,0,R Madley,1.25,7.0,12.0,,,,,,
20170513-middlesbrough-southampton,ENG Premier League,2016-2017,2017-05-13 00:00:00,2017-05-13 00:00:00,Middlesbrough,Southampton,1,2,A,0,1,A,14,14,3,4,6,3,3,0,0,0,A Taylor,4.0,3.6,2.0,,,,,,
20170513-stoke-arsenal,ENG Premier League,2016-2017,2017-05-13 00:00:00,2017-05-13 00:00:00,Stoke,Arsenal,1,4,A,0,1,A,10,10,4,6,7,6,1,2,0,0,M Dean,4.75,4.1,1.75,,,,,,
20170513-sunderland-swansea,ENG Premier League,2016-2017,2017-05-13 00:00:00,2017-05-13 00:00:00,Sunderland,Swansea,0,2,A,0,2,A,13,3,4,3,8,4,4,0,0,0,A Marriner,4.2,3.8,1.91,,,,,,
20170514-crystal-palace-hull,ENG Premier League,2016-2017,2017-05-14 00:00:00,2017-05-14 00:00:00,Crystal Palace,Hull,4,0,H,2,0,H,12,9,4,0,3,7,3,5,0,0,M Atkinson,2.1,3.6,3.75,,,,,,
20170514-tottenham-hotspur-manchester-united,ENG Premier League,2016-2017,2017-05-14 00:00:00,2017-05-14 00:00:00,Tottenham Hotspur,Manchester United,2,1,H,1,0,H,14,8,7,2,8,3,1,2,0,0,J Moss,1.73,3.9,5.25,,,,,,
20170514-west-ham-united-liverpool,ENG Premier League,2016-2017,2017-05-14 00:00:00,2017-05-14 00:00:00,West Ham United,Liverpool,0,4,A,0,1,A,10,26,3,11,4,6,2,0,0,0,N Swarbrick,5.25,4.0,1.7,,,,,,
20170515-chelsea-watford,ENG Premier League,2016-2017,2017-05-15 00:00:00,2017-05-15 00:00:00,Chelsea,Watford,4,3,H,2,1,H,24,9,9,3,8,3,2,4,0,1,L Mason,1.25,6.75,13.0,,,,,,
20170516-arsenal-sunderland,ENG Premier League,2016-2017,2017-05-16 00:00:00,2017-05-16 00:00:00,Arsenal,Sunderland,2,0,H,0,0,D,36,6,13,2,17,3,4,2,0,0,R East,1.09,13.0,29.0,,,,,,
20170516-manchester-city-west-bromwich-albion,ENG Premier League,2016-2017,2017-05-16 00:00:00,2017-05-16 00:00:00,Manchester City,West Bromwich Albion,3,1,H,2,0,H,21,5,10,2,7,1,1,2,0,0,C Pawson,1.14,9.0,23.0,,,,,,
20170517-southampton-manchester-united,ENG Premier League,2016-2017,2017-05-17 00:00:00,2017-05-17 00:00:00,Southampton,Manchester United,0,0,D,0,0,D,17,11,6,1,7,3,2,1,0,0,M Dean,2.75,3.3,2.8,,,,,,
20170518-leicester-city-tottenham-hotspur,ENG Premier League,2016-2017,2017-05-18 00:00:00,2017-05-18 00:00:00,Leicester City,Tottenham Hotspur,1,6,A,0,2,A,12,26,5,12,4,4,3,1,0,0,M Oliver,4.5,3.8,1.85,,,,,,
20170521-arsenal-everton,ENG Premier League,2016-2017,2017-05-21 00:00:00,2017-05-21 00:00:00,Arsenal,Everton,3,1,H,2,0,H,17,22,9,7,4,6,2,4,1,0,M Oliver,1.45,5.0,7.5,,,,,,
20170521-burnley-west-ham-united,ENG Premier League,2016-2017,2017-05-21 00:00:00,2017-05-21 00:00:00,Burnley,West Ham United,1,2,A,1,1,D,9,14,1,4,2,5,2,2,0,0,R Madley,2.45,3.5,3.0,,,,,,
20170521-chelsea-sunderland,ENG Premier League,2016-2017,2017-05-21 00:00:00,2017-05-21 00:00:00,Chelsea,Sunderland,5,1,H,1,1,D,28,7,8,3,11,1,1,1,0,0,N Swarbrick,1.14,9.0,23.0,,,,,,
20170521-hull-tottenham-hotspur,ENG Premier League,2016-2017,2017-05-21 00:00:00,2017-05-21 00:00:00,Hull,Tottenham Hotspur,1,7,A,0,3,A,10,19,4,14,2,3,0,0,0,0,A Marriner,7.0,4.75,1.5,,,,,,
20170521-leicester-city-bournemouth,ENG Premier League,2016-2017,2017-05-21 00:00:00,2017-05-21 00:00:00,Leicester City,Bournemouth,1,1,D,0,1,A,21,10,5,4,9,1,4,1,0,0,l Mason,2.0,3.6,4.0,,,,,,
20170521-liverpool-middlesbrough,ENG Premier League,2016-2017,2017-05-21 00:00:00,2017-05-21 00:00:00,Liverpool,Middlesbrough,3,0,H,1,0,H,25,9,10,3,3,3,0,1,0,0,M Atkinson,1.14,9.0,23.0,,,,,,
20170521-manchester-united-crystal-palace,ENG Premier League,2016-2017,2017-05-21 00:00:00,2017-05-21 00:00:00,Manchester United,Crystal Palace,2,0,H,2,0,H,9,6,2,1,3,6,2,0,0,0,A Taylor,2.5,3.3,3.1,,,,,,
20170521-southampton-stoke,ENG Premier League,2016-2017,2017-05-21 00:00:00,2017-05-21 00:00:00,Southampton,Stoke,0,1,A,0,0,D,14,14,6,3,4,10,2,4,0,0,L Probert,1.8,3.8,4.75,,,,,,
20170521-swansea-west-bromwich-albion,ENG Premier League,2016-2017,2017-05-21 00:00:00,2017-05-21 00:00:00,Swansea,West Bromwich Albion,2,1,H,0,1,A,12,16,2,5,7,4,1,1,0,0,M Dean,2.1,3.5,3.75,,,,,,
20170521-watford-manchester-city,ENG Premier League,2016-2017,2017-05-21 00:00:00,2017-05-21 00:00:00,Watford,Manchester City,0,5,A,0,4,A,6,15,3,9,4,5,1,0,0,0,J Moss,11.0,6.0,1.3,,,,,,
20170811-arsenal-leicester-city,ENG Premier League,2017-2018,2017-08-11 00:00:00,2017-08-11 00:00:00,Arsenal,Leicester City,4,3,H,2,2,D,27,6,10,3,9,4,0,1,0,0,M Dean,1.53,4.5,6.5,,,,,,
20170812-brighton-hove-albion-manchester-city,ENG Premier League,2017-2018,2017-08-12 00:00:00,2017-08-12 00:00:00,Brighton & Hove Albion,Manchester City,0,2,A,0,0,D,6,14,2,4,3,10,0,2,0,0,M Oliver,11.0,5.5,1.33,,,,,,
20170812-chelsea-burnley,ENG Premier League,2017-2018,2017-08-12 00:00:00,2017-08-12 00:00:00,Chelsea,Burnley,2,3,A,0,3,A,19,10,6,5,8,5,3,3,2,0,C Pawson,1.25,6.5,15.0,,,,,,
20170812-crystal-palace-huddersfield,ENG Premier League,2017-2018,2017-08-12 00:00:00,2017-08-12 00:00:00,Crystal Palace,Huddersfield,0,3,A,0,2,A,14,8,4,6,12,9,1,3,0,0,J Moss,1.83,3.6,5.0,,,,,,
20170812-everton-stoke,ENG Premier League,2017-2018,2017-08-12 00:00:00,2017-08-12 00:00:00,Everton,Stoke,1,0,H,1,0,H,9,9,4,1,6,7,1,1,0,0,N Swarbrick,1.7,3.8,5.75,,,,,,
20170812-southampton-swansea,ENG Premier League,2017-2018,2017-08-12 00:00:00,2017-08-12 00:00:00,Southampton,Swansea,0,0,D,0,0,D,29,4,2,0,13,0,2,1,0,0,M Jones,1.62,4.0,6.5,,,,,,
20170812-watford-liverpool,ENG Premier League,2017-2018,2017-08-12 00:00:00,2017-08-12 00:00:00,Watford,Liverpool,3,3,D,2,1,H,9,14,4,5,3,3,0,3,0,0,A Taylor,6.0,4.2,1.62,,,,,,
20170812-west-bromwich-albion-bournemouth,ENG Premier League,2017-2018,2017-08-12 00:00:00,2017-08-12 00:00:00,West Bromwich Albion,Bournemouth,1,0,H,1,0,H,16,9,6,2,8,2,3,1,0,0,R Madley,2.4,3.3,3.3,,,,,,
20170813-manchester-united-west-ham-united,ENG Premier League,2017-2018,2017-08-13 00:00:00,2017-08-13 00:00:00,Manchester United,West Ham United,4,0,H,1,0,H,22,9,6,1,11,1,2,2,0,0,M Atkinson,1.3,5.75,12.0,,,,,,
20170813-newcastle-united-tottenham-hotspur,ENG Premier League,2017-2018,2017-08-13 00:00:00,2017-08-13 00:00:00,Newcastle United,Tottenham Hotspur,0,2,A,0,0,D,6,18,3,6,5,7,1,2,1,0,A Marriner,5.5,4.0,1.7,,,,,,
20170819-bournemouth-watford,ENG Premier League,2017-2018,2017-08-19 00:00:00,2017-08-19 00:00:00,Bournemouth,Watford,0,2,A,0,0,D,6,19,2,7,8,5,1,3,0,0,R East,2.0,3.6,4.0,,,,,,
20170819-burnley-west-bromwich-albion,ENG Premier League,2017-2018,2017-08-19 00:00:00,2017-08-19 00:00:00,Burnley,West Bromwich Albion,0,1,A,0,0,D,20,8,0,1,5,5,1,0,0,1,M Atkinson,2.63,3.2,3.0,,,,,,
20170819-leicester-city-brighton-hove-albion,ENG Premier League,2017-2018,2017-08-19 00:00:00,2017-08-19 00:00:00,Leicester City,Brighton & Hove Albion,2,0,H,1,0,H,14,5,4,2,6,2,1,0,0,0,L Probert,1.73,3.8,5.5,,,,,,
20170819-liverpool-crystal-palace,ENG Premier League,2017-2018,2017-08-19 00:00:00,2017-08-19 00:00:00,Liverpool,Crystal Palace,1,0,H,0,0,D,23,4,13,1,4,2,1,3,0,0,K Friend,1.36,5.25,9.5,,,,,,
20170819-southampton-west-ham-united,ENG Premier League,2017-2018,2017-08-19 00:00:00,2017-08-19 00:00:00,Southampton,West Ham United,3,2,H,2,1,H,14,16,5,8,7,2,1,1,0,1,L Mason,1.75,3.8,5.25,,,,,,
20170819-stoke-arsenal,ENG Premier League,2017-2018,2017-08-19 00:00:00,2017-08-19 00:00:00,Stoke,Arsenal,1,0,H,0,0,D,11,18,4,6,2,9,0,0,0,0,A Marriner,4.5,3.8,1.85,,,,,,
20170819-swansea-manchester-united,ENG Premier League,2017-2018,2017-08-19 00:00:00,2017-08-19 00:00:00,Swansea,Manchester United,0,4,A,0,1,A,6,17,1,8,3,5,1,1,0,0,J Moss,11.0,5.0,1.36,,,,,,
20170820-huddersfield-newcastle-united,ENG Premier League,2017-2018,2017-08-20 00:00:00,2017-08-20 00:00:00,Huddersfield,Newcastle United,1,0,H,0,0,D,7,13,3,5,7,3,3,4,0,0,C Pawson,2.5,3.25,3.2,,,,,,
20170820-tottenham-hotspur-chelsea,ENG Premier League,2017-2018,2017-08-20 00:00:00,2017-08-20 00:00:00,Tottenham Hotspur,Chelsea,1,2,A,0,1,A,18,9,6,2,14,3,3,3,0,0,A Taylor,2.1,3.6,3.75,,,,,,
20170821-manchester-city-everton,ENG Premier League,2017-2018,2017-08-21 00:00:00,2017-08-21 00:00:00,Manchester City,Everton,1,1,D,0,1,A,19,7,6,2,7,1,1,2,1,1,R Madley,1.33,5.75,10.0,,,,,,
20170826-bournemouth-manchester-city,ENG Premier League,2017-2018,2017-08-26 00:00:00,2017-08-26 00:00:00,Bournemouth,Manchester City,1,2,A,1,1,D,9,19,3,8,2,5,5,4,0,1,M Dean,11.0,6.0,1.3,,,,,,
20170826-crystal-palace-swansea,ENG Premier League,2017-2018,2017-08-26 00:00:00,2017-08-26 00:00:00,Crystal Palace,Swansea,0,2,A,0,1,A,16,7,3,3,1,1,4,1,0,0,A Marriner,1.95,3.5,4.33,,,,,,
20170826-huddersfield-southampton,ENG Premier League,2017-2018,2017-08-26 00:00:00,2017-08-26 00:00:00,Huddersfield,Southampton,0,0,D,0,0,D,16,6,6,3,5,4,0,1,0,0,S Attwell,3.9,3.4,2.1,,,,,,
20170826-manchester-united-leicester-city,ENG Premier League,2017-2018,2017-08-26 00:00:00,2017-08-26 00:00:00,Manchester United,Leicester City,2,0,H,0,0,D,22,11,7,4,9,3,1,2,0,0,M Oliver,1.33,5.5,11.0,,,,,,
20170826-newcastle-united-west-ham-united,ENG Premier League,2017-2018,2017-08-26 00:00:00,2017-08-26 00:00:00,Newcastle United,West Ham United,3,0,H,1,0,H,16,8,8,3,7,5,1,3,0,0,N Swarbrick,2.3,3.4,3.4,,,,,,
20170826-watford-brighton-hove-albion,ENG Premier League,2017-2018,2017-08-26 00:00:00,2017-08-26 00:00:00,Watford,Brighton & Hove Albion,0,0,D,0,0,D,8,16,0,2,3,11,0,1,1,0,G Scott,1.91,3.4,4.0,,,,,,
20170827-chelsea-everton,ENG Premier League,2017-2018,2017-08-27 00:00:00,2017-08-27 00:00:00,Chelsea,Everton,2,0,H,2,0,H,18,7,7,0,6,3,2,2,0,0,J Moss,1.45,4.5,8.5,,,,,,
20170827-liverpool-arsenal,ENG Premier League,2017-2018,2017-08-27 00:00:00,2017-08-27 00:00:00,Liverpool,Arsenal,4,0,H,2,0,H,18,8,10,0,4,3,2,4,0,0,C Pawson,2.15,3.7,3.5,,,,,,
20170827-tottenham-hotspur-burnley,ENG Premier League,2017-2018,2017-08-27 00:00:00,2017-08-27 00:00:00,Tottenham Hotspur,Burnley,1,1,D,0,0,D,28,13,5,3,10,7,0,0,0,0,L Mason,1.25,6.5,15.0,,,,,,
20170827-west-bromwich-albion-stoke,ENG Premier League,2017-2018,2017-08-27 00:00:00,2017-08-27 00:00:00,West Bromwich Albion,Stoke,1,1,D,0,0,D,10,16,2,2,10,4,2,2,0,0,A Taylor,2.4,3.1,3.5,,,,,,
20170909-arsenal-bournemouth,ENG Premier League,2017-2018,2017-09-09 00:00:00,2017-09-09 00:00:00,Arsenal,Bournemouth,3,0,H,2,0,H,17,7,9,2,10,3,0,1,0,0,A Taylor,1.36,5.5,9.0,,,,,,
20170909-brighton-hove-albion-west-bromwich-albion,ENG Premier League,2017-2018,2017-09-09 00:00:00,2017-09-09 00:00:00,Brighton & Hove Albion,West Bromwich Albion,3,1,H,1,0,H,12,12,6,3,2,6,2,0,0,0,C Kavanagh,2.7,3.1,3.0,,,,,,
20170909-everton-tottenham-hotspur,ENG Premier League,2017-2018,2017-09-09 00:00:00,2017-09-09 00:00:00,Everton,Tottenham Hotspur,0,3,A,0,2,A,12,15,1,6,7,3,3,1,0,0,G Scott,3.8,3.5,2.1,,,,,,
20170909-leicester-city-chelsea,ENG Premier League,2017-2018,2017-09-09 00:00:00,2017-09-09 00:00:00,Leicester City,Chelsea,1,2,A,0,1,A,8,16,2,6,2,9,1,0,0,0,L Mason,4.75,3.9,1.8,,,,,,
20170909-manchester-city-liverpool,ENG Premier League,2017-2018,2017-09-09 00:00:00,2017-09-09 00:00:00,Manchester City,Liverpool,5,0,H,2,0,H,13,10,7,3,8,3,2,2,0,1,J Moss,1.85,4.0,4.2,,,,,,
20170909-southampton-watford,ENG Premier League,2017-2018,2017-09-09 00:00:00,2017-09-09 00:00:00,Southampton,Watford,0,2,A,0,1,A,9,12,1,3,7,4,0,0,0,0,L Probert,1.65,4.0,6.0,,,,,,
20170909-stoke-manchester-united,ENG Premier League,2017-2018,2017-09-09 00:00:00,2017-09-09 00:00:00,Stoke,Manchester United,2,2,D,1,1,D,10,18,5,8,5,11,0,0,0,0,N Swarbrick,7.5,4.5,1.5,,,,,,
20170910-burnley-crystal-palace,ENG Premier League,2017-2018,2017-09-10 00:00:00,2017-09-10 00:00:00,Burnley,Crystal Palace,1,0,H,1,0,H,4,23,2,5,3,13,1,1,0,0,M Oliver,2.3,3.25,3.5,,,,,,
20170910-swansea-newcastle-united,ENG Premier League,2017-2018,2017-09-10 00:00:00,2017-09-10 00:00:00,Swansea,Newcastle United,0,1,A,0,0,D,10,16,4,8,7,5,2,3,0,0,M Jones,2.4,3.25,3.3,,,,,,
20170911-west-ham-united-huddersfield,ENG Premier League,2017-2018,2017-09-11 00:00:00,2017-09-11 00:00:00,West Ham United,Huddersfield,2,0,H,0,0,D,19,10,3,2,10,3,1,2,0,0,K Friend,1.95,3.5,4.5,,,,,,
20170915-bournemouth-brighton-hove-albion,ENG Premier League,2017-2018,2017-09-15 00:00:00,2017-09-15 00:00:00,Bournemouth,Brighton & Hove Albion,2,1,H,0,0,D,15,9,3,2,6,4,0,0,0,0,C Pawson,2.15,3.4,3.8,,,,,,
20170916-crystal-palace-southampton,ENG Premier League,2017-2018,2017-09-16 00:00:00,2017-09-16 00:00:00,Crystal Palace,Southampton,0,1,A,0,1,A,14,13,3,4,5,5,5,1,0,0,R Madley,3.0,3.3,2.6,,,,,,
20170916-huddersfield-leicester-city,ENG Premier League,2017-2018,2017-09-16 00:00:00,2017-09-16 00:00:00,Huddersfield,Leicester City,1,1,D,0,0,D,15,10,3,1,8,4,1,1,0,0,J Moss,3.5,3.4,2.25,,,,,,
20170916-liverpool-burnley,ENG Premier League,2017-2018,2017-09-16 00:00:00,2017-09-16 00:00:00,Liverpool,Burnley,1,1,D,1,1,D,35,5,9,4,12,2,1,2,0,0,R East,1.29,6.0,13.0,,,,,,
20170916-newcastle-united-stoke,ENG Premier League,2017-2018,2017-09-16 00:00:00,2017-09-16 00:00:00,Newcastle United,Stoke,2,1,H,1,0,H,14,13,3,4,7,5,3,1,0,0,S Attwell,2.38,3.25,3.4,,,,,,
20170916-tottenham-hotspur-swansea,ENG Premier League,2017-2018,2017-09-16 00:00:00,2017-09-16 00:00:00,Tottenham Hotspur,Swansea,0,0,D,0,0,D,26,4,8,0,11,1,1,3,0,0,M Dean,1.22,7.0,15.0,,,,,,
20170916-watford-manchester-city,ENG Premier League,2017-2018,2017-09-16 00:00:00,2017-09-16 00:00:00,Watford,Manchester City,0,6,A,0,3,A,7,28,1,10,3,11,2,0,0,0,A Taylor,9.0,6.0,1.33,,,,,,
20170916-west-bromwich-albion-west-ham-united,ENG Premier League,2017-2018,2017-09-16 00:00:00,2017-09-16 00:00:00,West Bromwich Albion,West Ham United,0,0,D,0,0,D,6,9,1,1,2,3,2,2,0,0,P Tierney,2.38,3.25,3.4,,,,,,
20170917-chelsea-arsenal,ENG Premier League,2017-2018,2017-09-17 00:00:00,2017-09-17 00:00:00,Chelsea,Arsenal,0,0,D,0,0,D,13,11,4,2,5,1,1,3,1,0,M Oliver,1.8,4.0,4.5,,,,,,
20170917-manchester-united-everton,ENG Premier League,2017-2018,2017-09-17 00:00:00,2017-09-17 00:00:00,Manchester United,Everton,4,0,H,1,0,H,16,7,7,3,4,1,1,1,0,0,A Marriner,1.36,5.25,10.0,,,,,,
20170923-burnley-huddersfield,ENG Premier League,2017-2018,2017-09-23 00:00:00,2017-09-23 00:00:00,Burnley,Huddersfield,0,0,D,0,0,D,5,9,3,2,3,4,3,2,0,0,C Kavanagh,2.15,3.25,3.9,,,,,,
20170923-everton-bournemouth,ENG Premier League,2017-2018,2017-09-23 00:00:00,2017-09-23 00:00:00,Everton,Bournemouth,2,1,H,0,0,D,12,8,4,4,4,6,3,1,0,0,M Atkinson,1.65,4.0,5.75,,,,,,
20170923-leicester-city-liverpool,ENG Premier League,2017-2018,2017-09-23 00:00:00,2017-09-23 00:00:00,Leicester City,Liverpool,2,3,A,1,2,A,12,23,7,6,3,6,3,3,0,0,A Taylor,4.1,3.9,1.91,,,,,,
20170923-manchester-city-crystal-palace,ENG Premier League,2017-2018,2017-09-23 00:00:00,2017-09-23 00:00:00,Manchester City,Crystal Palace,5,0,H,1,0,H,25,5,9,0,8,2,3,1,0,0,N Swarbrick,1.14,10.0,21.0,,,,,,
20170923-southampton-manchester-united,ENG Premier League,2017-2018,2017-09-23 00:00:00,2017-09-23 00:00:00,Southampton,Manchester United,0,1,A,0,1,A,14,9,4,4,8,4,1,4,0,0,C Pawson,5.5,3.8,1.73,,,,,,
20170923-stoke-chelsea,ENG Premier League,2017-2018,2017-09-23 00:00:00,2017-09-23 00:00:00,Stoke,Chelsea,0,4,A,0,2,A,13,7,2,4,5,0,2,2,0,0,M Dean,6.0,4.1,1.62,,,,,,
20170923-swansea-watford,ENG Premier League,2017-2018,2017-09-23 00:00:00,2017-09-23 00:00:00,Swansea,Watford,1,2,A,0,1,A,10,8,3,4,5,4,1,3,0,0,L Mason,2.4,3.3,3.25,,,,,,
20170923-west-ham-united-tottenham-hotspur,ENG Premier League,2017-2018,2017-09-23 00:00:00,2017-09-23 00:00:00,West Ham United,Tottenham Hotspur,2,3,A,0,2,A,10,15,4,5,4,3,4,2,0,1,M Oliver,6.0,4.33,1.6,,,,,,
20170924-brighton-hove-albion-newcastle-united,ENG Premier League,2017-2018,2017-09-24 00:00:00,2017-09-24 00:00:00,Brighton & Hove Albion,Newcastle United,1,0,H,0,0,D,7,17,3,5,2,8,2,1,0,0,A Marriner,2.8,3.1,2.9,,,,,,
20170925-arsenal-west-bromwich-albion,ENG Premier League,2017-2018,2017-09-25 00:00:00,2017-09-25 00:00:00,Arsenal,West Bromwich Albion,2,0,H,1,0,H,16,7,6,3,7,4,1,4,0,0,R Madley,1.33,5.5,11.0,,,,,,
20170930-bournemouth-leicester-city,ENG Premier League,2017-2018,2017-09-30 00:00:00,2017-09-30 00:00:00,Bournemouth,Leicester City,0,0,D,0,0,D,19,8,4,1,7,5,1,0,0,0,G Scott,2.8,3.25,2.5,,,,,,
20170930-chelsea-manchester-city,ENG Premier League,2017-2018,2017-09-30 00:00:00,2017-09-30 00:00:00,Chelsea,Manchester City,0,1,A,0,0,D,4,17,2,6,4,8,0,2,0,0,M Atkinson,2.75,3.3,2.5,,,,,,
20170930-huddersfield-tottenham-hotspur,ENG Premier League,2017-2018,2017-09-30 00:00:00,2017-09-30 00:00:00,Huddersfield,Tottenham Hotspur,0,4,A,0,3,A,6,14,1,7,4,7,1,1,0,0,N Swarbrick,8.5,4.75,1.36,,,,,,
20170930-manchester-united-crystal-palace,ENG Premier League,2017-2018,2017-09-30 00:00:00,2017-09-30 00:00:00,Manchester United,Crystal Palace,4,0,H,2,0,H,18,6,7,1,6,5,0,0,0,0,M Dean,1.17,7.0,15.0,,,,,,
20170930-stoke-southampton,ENG Premier League,2017-2018,2017-09-30 00:00:00,2017-09-30 00:00:00,Stoke,Southampton,2,1,H,1,0,H,17,21,6,3,5,6,1,2,0,0,M Jones,2.88,3.2,2.45,,,,,,
20170930-west-bromwich-albion-watford,ENG Premier League,2017-2018,2017-09-30 00:00:00,2017-09-30 00:00:00,West Bromwich Albion,Watford,2,2,D,2,1,H,9,15,4,3,7,6,3,0,0,0,M Oliver,2.15,3.2,3.5,,,,,,
20170930-west-ham-united-swansea,ENG Premier League,2017-2018,2017-09-30 00:00:00,2017-09-30 00:00:00,West Ham United,Swansea,1,0,H,0,0,D,9,6,4,1,2,1,3,2,0,0,R East,1.8,3.5,4.5,,,,,,
20171001-arsenal-brighton-hove-albion,ENG Premier League,2017-2018,2017-10-01 00:00:00,2017-10-01 00:00:00,Arsenal,Brighton & Hove Albion,2,0,H,1,0,H,25,9,12,1,6,5,0,2,0,0,K Friend,1.2,6.5,13.0,,,,,,
20171001-everton-burnley,ENG Premier League,2017-2018,2017-10-01 00:00:00,2017-10-01 00:00:00,Everton,Burnley,0,1,A,0,1,A,23,5,4,2,9,3,2,2,0,0,J Moss,1.67,3.6,5.75,,,,,,
20171001-newcastle-united-liverpool,ENG Premier League,2017-2018,2017-10-01 00:00:00,2017-10-01 00:00:00,Newcastle United,Liverpool,1,1,D,1,1,D,8,17,5,2,1,5,1,1,0,0,C Pawson,5.0,3.8,1.67,,,,,,
20171014-burnley-west-ham-united,ENG Premier League,2017-2018,2017-10-14 00:00:00,2017-10-14 00:00:00,Burnley,West Ham United,1,1,D,0,1,A,20,8,5,6,7,4,2,2,0,1,S Attwell,2.75,3.25,2.8,,,,,,
20171014-crystal-palace-chelsea,ENG Premier League,2017-2018,2017-10-14 00:00:00,2017-10-14 00:00:00,Crystal Palace,Chelsea,2,1,H,2,1,H,14,15,5,5,5,8,2,1,0,0,A Marriner,9.0,5.0,1.4,,,,,,
20171014-liverpool-manchester-united,ENG Premier League,2017-2018,2017-10-14 00:00:00,2017-10-14 00:00:00,Liverpool,Manchester United,0,0,D,0,0,D,19,6,5,1,7,3,0,2,0,0,M Atkinson,2.8,3.25,2.8,,,,,,
20171014-manchester-city-stoke,ENG Premier League,2017-2018,2017-10-14 00:00:00,2017-10-14 00:00:00,Manchester City,Stoke,7,2,H,3,1,H,20,5,11,1,5,0,0,1,0,0,C Pawson,1.14,9.5,21.0,,,,,,
20171014-swansea-huddersfield,ENG Premier League,2017-2018,2017-10-14 00:00:00,2017-10-14 00:00:00,Swansea,Huddersfield,2,0,H,1,0,H,7,7,3,2,5,3,1,5,0,0,P Tierney,2.2,3.25,3.75,,,,,,
20171014-tottenham-hotspur-bournemouth,ENG Premier League,2017-2018,2017-10-14 00:00:00,2017-10-14 00:00:00,Tottenham Hotspur,Bournemouth,1,0,H,0,0,D,18,5,6,1,9,5,1,3,0,0,R Madley,1.2,8.0,15.0,,,,,,
20171014-watford-arsenal,ENG Premier League,2017-2018,2017-10-14 00:00:00,2017-10-14 00:00:00,Watford,Arsenal,2,1,H,0,1,A,11,9,2,6,2,5,1,0,0,0,N Swarbrick,5.25,4.33,1.65,,,,,,
20171015-brighton-hove-albion-everton,ENG Premier League,2017-2018,2017-10-15 00:00:00,2017-10-15 00:00:00,Brighton & Hove Albion,Everton,1,1,D,0,0,D,12,13,3,6,7,1,4,1,0,0,M Oliver,3.25,3.3,2.4,,,,,,
20171015-southampton-newcastle-united,ENG Premier League,2017-2018,2017-10-15 00:00:00,2017-10-15 00:00:00,Southampton,Newcastle United,2,2,D,0,1,A,12,19,2,5,3,8,1,2,0,0,K Friend,1.91,3.6,4.5,,,,,,
20171016-leicester-city-west-bromwich-albion,ENG Premier League,2017-2018,2017-10-16 00:00:00,2017-10-16 00:00:00,Leicester City,West Bromwich Albion,1,1,D,0,0,D,11,5,3,1,4,1,2,2,0,0,M Dean,2.05,3.4,4.2,,,,,,
20171020-west-ham-united-brighton-hove-albion,ENG Premier League,2017-2018,2017-10-20 00:00:00,2017-10-20 00:00:00,West Ham United,Brighton & Hove Albion,0,3,A,0,2,A,16,7,2,5,10,3,1,0,0,0,M Atkinson,1.83,3.5,5.25,,,,,,
20171021-chelsea-watford,ENG Premier League,2017-2018,2017-10-21 00:00:00,2017-10-21 00:00:00,Chelsea,Watford,4,2,H,1,1,D,14,16,8,5,6,6,2,3,0,0,J Moss,1.36,5.25,10.0,,,,,,
20171021-huddersfield-manchester-united,ENG Premier League,2017-2018,2017-10-21 00:00:00,2017-10-21 00:00:00,Huddersfield,Manchester United,2,1,H,2,0,H,5,9,3,3,4,7,4,2,0,0,L Mason,11.0,5.0,1.36,,,,,,
20171021-manchester-city-burnley,ENG Premier League,2017-2018,2017-10-21 00:00:00,2017-10-21 00:00:00,Manchester City,Burnley,3,0,H,1,0,H,15,6,10,0,4,5,2,3,0,0,R East,1.11,12.0,26.0,,,,,,
20171021-newcastle-united-crystal-palace,ENG Premier League,2017-2018,2017-10-21 00:00:00,2017-10-21 00:00:00,Newcastle United,Crystal Palace,1,0,H,0,0,D,7,10,3,0,3,5,4,2,0,0,S Attwell,2.0,3.5,4.2,,,,,,
20171021-southampton-west-bromwich-albion,ENG Premier League,2017-2018,2017-10-21 00:00:00,2017-10-21 00:00:00,Southampton,West Bromwich Albion,1,0,H,0,0,D,20,7,6,2,8,3,0,1,0,0,G Scott,1.85,3.39,5.25,,,,,,
20171021-stoke-bournemouth,ENG Premier League,2017-2018,2017-10-21 00:00:00,2017-10-21 00:00:00,Stoke,Bournemouth,1,2,A,0,2,A,10,7,2,3,8,3,0,1,0,0,L Probert,2.14,3.5,3.6,,,,,,
20171021-swansea-leicester-city,ENG Premier League,2017-2018,2017-10-21 00:00:00,2017-10-21 00:00:00,Swansea,Leicester City,1,2,A,0,1,A,19,11,4,6,7,6,0,1,0,0,M Oliver,2.79,3.25,2.75,,,,,,
20171022-everton-arsenal,ENG Premier League,2017-2018,2017-10-22 00:00:00,2017-10-22 00:00:00,Everton,Arsenal,2,5,A,1,1,D,8,30,3,14,0,7,1,1,1,0,C Pawson,3.79,3.6,2.04,,,,,,
20171022-tottenham-hotspur-liverpool,ENG Premier League,2017-2018,2017-10-22 00:00:00,2017-10-22 00:00:00,Tottenham Hotspur,Liverpool,4,1,H,3,1,H,14,12,6,7,3,5,0,1,0,0,A Marriner,2.25,3.5,3.39,,,,,,
20171028-arsenal-swansea,ENG Premier League,2017-2018,2017-10-28 00:00:00,2017-10-28 00:00:00,Arsenal,Swansea,2,1,H,0,1,A,17,4,5,2,5,2,0,0,0,0,L Mason,1.25,7.0,12.0,,,,,,
20171028-bournemouth-chelsea,ENG Premier League,2017-2018,2017-10-28 00:00:00,2017-10-28 00:00:00,Bournemouth,Chelsea,0,1,A,0,0,D,7,18,1,5,5,5,2,0,0,0,C Pawson,6.0,4.2,1.61,,,,,,
20171028-crystal-palace-west-ham-united,ENG Premier League,2017-2018,2017-10-28 00:00:00,2017-10-28 00:00:00,Crystal Palace,West Ham United,2,2,D,0,2,A,19,6,9,2,11,2,1,2,0,0,R Madley,2.39,3.29,3.29,,,,,,
20171028-liverpool-huddersfield,ENG Premier League,2017-2018,2017-10-28 00:00:00,2017-10-28 00:00:00,Liverpool,Huddersfield,3,0,H,0,0,D,16,1,8,0,9,2,0,1,0,0,K Friend,1.25,6.75,13.0,,,,,,
20171028-manchester-united-tottenham-hotspur,ENG Premier League,2017-2018,2017-10-28 00:00:00,2017-10-28 00:00:00,Manchester United,Tottenham Hotspur,1,0,H,0,0,D,11,13,3,4,6,3,1,0,0,0,J Moss,2.14,3.39,3.79,,,,,,
20171028-watford-stoke,ENG Premier League,2017-2018,2017-10-28 00:00:00,2017-10-28 00:00:00,Watford,Stoke,0,1,A,0,1,A,13,6,0,2,8,1,4,4,0,0,M Oliver,2.04,3.6,3.79,,,,,,
20171028-west-bromwich-albion-manchester-city,ENG Premier League,2017-2018,2017-10-28 00:00:00,2017-10-28 00:00:00,West Bromwich Albion,Manchester City,2,3,A,1,2,A,6,15,4,5,1,2,2,3,0,0,M Jones,11.0,6.5,1.28,,,,,,
20171029-brighton-hove-albion-southampton,ENG Premier League,2017-2018,2017-10-29 00:00:00,2017-10-29 00:00:00,Brighton & Hove Albion,Southampton,1,1,D,0,1,A,7,6,2,1,2,7,3,1,0,0,N Swarbrick,3.29,3.2,2.45,,,,,,
20171029-leicester-city-everton,ENG Premier League,2017-2018,2017-10-29 00:00:00,2017-10-29 00:00:00,Leicester City,Everton,2,0,H,2,0,H,9,16,3,2,3,10,0,2,0,0,A Marriner,2.14,3.39,3.75,,,,,,
20171030-burnley-newcastle-united,ENG Premier League,2017-2018,2017-10-30 00:00:00,2017-10-30 00:00:00,Burnley,Newcastle United,1,0,H,0,0,D,12,12,5,5,5,3,3,0,0,0,M Dean,2.89,3.2,2.7,,,,,,
20171104-huddersfield-west-bromwich-albion,ENG Premier League,2017-2018,2017-11-04 00:00:00,2017-11-04 00:00:00,Huddersfield,West Bromwich Albion,1,0,H,1,0,H,7,9,3,3,3,5,1,4,1,0,R East,2.79,3.0,3.0,,,,,,
20171104-newcastle-united-bournemouth,ENG Premier League,2017-2018,2017-11-04 00:00:00,2017-11-04 00:00:00,Newcastle United,Bournemouth,0,1,A,0,0,D,16,16,4,6,11,9,2,2,0,0,P Tierney,2.0,3.5,4.2,,,,,,
20171104-southampton-burnley,ENG Premier League,2017-2018,2017-11-04 00:00:00,2017-11-04 00:00:00,Southampton,Burnley,0,1,A,0,0,D,13,5,3,1,9,1,0,0,0,0,L Probert,1.66,3.75,6.5,,,,,,
20171104-stoke-leicester-city,ENG Premier League,2017-2018,2017-11-04 00:00:00,2017-11-04 00:00:00,Stoke,Leicester City,2,2,D,1,1,D,11,14,7,4,4,10,0,0,0,0,R Madley,2.7,3.29,2.87,,,,,,
20171104-swansea-brighton-hove-albion,ENG Premier League,2017-2018,2017-11-04 00:00:00,2017-11-04 00:00:00,Swansea,Brighton & Hove Albion,0,1,A,0,1,A,12,5,2,2,8,7,2,1,0,0,M Dean,2.39,3.2,3.39,,,,,,
20171104-west-ham-united-liverpool,ENG Premier League,2017-2018,2017-11-04 00:00:00,2017-11-04 00:00:00,West Ham United,Liverpool,1,4,A,0,2,A,6,15,1,7,2,3,3,0,0,0,N Swarbrick,5.25,4.33,1.66,,,,,,
20171105-chelsea-manchester-united,ENG Premier League,2017-2018,2017-11-05 00:00:00,2017-11-05 00:00:00,Chelsea,Manchester United,1,0,H,0,0,D,18,10,8,2,4,7,1,3,0,0,A Taylor,2.5,3.2,3.2,,,,,,
20171105-everton-watford,ENG Premier League,2017-2018,2017-11-05 00:00:00,2017-11-05 00:00:00,Everton,Watford,3,2,H,0,0,D,10,11,5,3,2,5,0,2,0,0,G Scott,2.2,3.39,3.6,,,,,,
20171105-manchester-city-arsenal,ENG Premier League,2017-2018,2017-11-05 00:00:00,2017-11-05 00:00:00,Manchester City,Arsenal,3,1,H,1,0,H,9,6,5,3,5,5,1,6,0,0,M Oliver,1.39,5.5,7.5,,,,,,
20171105-tottenham-hotspur-crystal-palace,ENG Premier League,2017-2018,2017-11-05 00:00:00,2017-11-05 00:00:00,Tottenham Hotspur,Crystal Palace,1,0,H,0,0,D,12,11,2,3,10,9,0,2,0,0,K Friend,1.28,6.0,12.0,,,,,,
20171118-arsenal-tottenham-hotspur,ENG Premier League,2017-2018,2017-11-18 00:00:00,2017-11-18 00:00:00,Arsenal,Tottenham Hotspur,2,0,H,2,0,H,14,14,5,4,7,4,4,1,0,0,M Dean,2.5,3.6,2.89,,,,,,
20171118-bournemouth-huddersfield,ENG Premier League,2017-2018,2017-11-18 00:00:00,2017-11-18 00:00:00,Bournemouth,Huddersfield,4,0,H,2,0,H,11,20,5,3,8,11,3,2,1,0,L Probert,1.83,3.5,5.25,,,,,,
20171118-burnley-swansea,ENG Premier League,2017-2018,2017-11-18 00:00:00,2017-11-18 00:00:00,Burnley,Swansea,2,0,H,2,0,H,16,13,7,1,8,6,1,1,0,0,M Atkinson,2.14,3.2,4.0,,,,,,
20171118-crystal-palace-everton,ENG Premier League,2017-2018,2017-11-18 00:00:00,2017-11-18 00:00:00,Crystal Palace,Everton,2,2,D,2,2,D,16,8,7,5,9,4,2,3,0,0,A Taylor,2.39,3.25,3.29,,,,,,
20171118-leicester-city-manchester-city,ENG Premier League,2017-2018,2017-11-18 00:00:00,2017-11-18 00:00:00,Leicester City,Manchester City,0,2,A,0,1,A,2,12,0,4,1,7,1,1,0,0,G Scott,9.5,5.75,1.33,,,,,,
20171118-liverpool-southampton,ENG Premier League,2017-2018,2017-11-18 00:00:00,2017-11-18 00:00:00,Liverpool,Southampton,3,0,H,2,0,H,21,5,8,0,10,2,1,1,0,0,M Jones,1.39,5.0,9.0,,,,,,
20171118-manchester-united-newcastle-united,ENG Premier League,2017-2018,2017-11-18 00:00:00,2017-11-18 00:00:00,Manchester United,Newcastle United,4,1,H,2,1,H,16,12,7,5,11,4,1,1,0,0,C Pawson,1.28,5.75,13.0,,,,,,
20171118-west-bromwich-albion-chelsea,ENG Premier League,2017-2018,2017-11-18 00:00:00,2017-11-18 00:00:00,West Bromwich Albion,Chelsea,0,4,A,0,3,A,7,11,2,7,3,4,2,3,0,0,J Moss,6.5,4.0,1.61,,,,,,
20171119-watford-west-ham-united,ENG Premier League,2017-2018,2017-11-19 00:00:00,2017-11-19 00:00:00,Watford,West Ham United,2,0,H,1,0,H,17,10,7,6,3,1,1,4,0,0,A Marriner,2.1,3.5,3.75,,,,,,
20171120-brighton-hove-albion-stoke,ENG Premier League,2017-2018,2017-11-20 00:00:00,2017-11-20 00:00:00,Brighton & Hove Albion,Stoke,2,2,D,1,2,A,9,13,3,6,6,7,1,0,0,0,L Mason,2.39,3.2,3.39,,,,,,
20171124-west-ham-united-leicester-city,ENG Premier League,2017-2018,2017-11-24 00:00:00,2017-11-24 00:00:00,West Ham United,Leicester City,1,1,D,1,1,D,8,7,4,2,5,5,1,1,0,0,M Atkinson,2.7,3.39,2.75,,,,,,
20171125-crystal-palace-stoke,ENG Premier League,2017-2018,2017-11-25 00:00:00,2017-11-25 00:00:00,Crystal Palace,Stoke,2,1,H,0,0,D,10,9,5,3,5,2,1,1,0,0,M Dean,2.04,3.5,4.0,,,,,,
20171125-liverpool-chelsea,ENG Premier League,2017-2018,2017-11-25 00:00:00,2017-11-25 00:00:00,Liverpool,Chelsea,1,1,D,0,0,D,16,11,4,3,7,8,0,0,0,0,M Oliver,2.14,3.6,3.5,,,,,,
20171125-manchester-united-brighton-hove-albion,ENG Premier League,2017-2018,2017-11-25 00:00:00,2017-11-25 00:00:00,Manchester United,Brighton & Hove Albion,1,0,H,0,0,D,15,8,4,2,5,0,0,2,0,0,N Swarbrick,1.19,7.0,19.0,,,,,,
20171125-newcastle-united-watford,ENG Premier League,2017-2018,2017-11-25 00:00:00,2017-11-25 00:00:00,Newcastle United,Watford,0,3,A,0,2,A,12,12,2,4,6,3,1,2,0,0,C Kavanagh,2.2,3.5,3.5,,,,,,
20171125-swansea-bournemouth,ENG Premier League,2017-2018,2017-11-25 00:00:00,2017-11-25 00:00:00,Swansea,Bournemouth,0,0,D,0,0,D,10,9,1,5,4,5,4,2,0,0,S Attwell,2.79,3.25,2.79,,,,,,
20171125-tottenham-hotspur-west-bromwich-albion,ENG Premier League,2017-2018,2017-11-25 00:00:00,2017-11-25 00:00:00,Tottenham Hotspur,West Bromwich Albion,1,1,D,0,1,A,24,5,5,2,8,0,1,4,0,0,M Jones,1.25,6.0,16.0,,,,,,
20171126-burnley-arsenal,ENG Premier League,2017-2018,2017-11-26 00:00:00,2017-11-26 00:00:00,Burnley,Arsenal,0,1,A,0,0,D,8,17,2,2,5,5,2,0,0,0,L Mason,6.5,4.5,1.53,,,,,,
20171126-huddersfield-manchester-city,ENG Premier League,2017-2018,2017-11-26 00:00:00,2017-11-26 00:00:00,Huddersfield,Manchester City,1,2,A,1,0,H,4,14,0,5,3,7,2,3,1,0,C Pawson,17.0,8.0,1.18,,,,,,
20171126-southampton-everton,ENG Premier League,2017-2018,2017-11-26 00:00:00,2017-11-26 00:00:00,Southampton,Everton,4,1,H,1,1,D,17,5,5,2,7,2,0,0,0,0,K Friend,1.9,3.39,4.75,,,,,,
20171128-brighton-hove-albion-crystal-palace,ENG Premier League,2017-2018,2017-11-28 00:00:00,2017-11-28 00:00:00,Brighton & Hove Albion,Crystal Palace,0,0,D,0,0,D,10,10,4,4,10,5,2,0,0,0,A Marriner,2.7,3.1,3.0,,,,,,
20171128-leicester-city-tottenham-hotspur,ENG Premier League,2017-2018,2017-11-28 00:00:00,2017-11-28 00:00:00,Leicester City,Tottenham Hotspur,2,1,H,2,0,H,7,18,4,6,4,9,1,2,0,0,A Taylor,5.0,3.89,1.75,,,,,,
20171128-watford-manchester-united,ENG Premier League,2017-2018,2017-11-28 00:00:00,2017-11-28 00:00:00,Watford,Manchester United,2,4,A,0,3,A,12,15,3,7,5,5,2,1,0,0,J Moss,5.25,3.89,1.72,,,,,,
20171128-west-bromwich-albion-newcastle-united,ENG Premier League,2017-2018,2017-11-28 00:00:00,2017-11-28 00:00:00,West Bromwich Albion,Newcastle United,2,2,D,1,0,H,8,14,4,4,1,6,0,0,0,0,L Probert,2.37,3.1,3.5,,,,,,
20171129-arsenal-huddersfield,ENG Premier League,2017-2018,2017-11-29 00:00:00,2017-11-29 00:00:00,Arsenal,Huddersfield,5,0,H,1,0,H,21,7,7,2,7,2,0,1,0,0,G Scott,1.19,7.5,17.0,,,,,,
20171129-bournemouth-burnley,ENG Premier League,2017-2018,2017-11-29 00:00:00,2017-11-29 00:00:00,Bournemouth,Burnley,1,2,A,0,1,A,10,10,2,4,4,6,0,1,0,0,R East,2.0,3.39,4.33,,,,,,
20171129-chelsea-swansea,ENG Premier League,2017-2018,2017-11-29 00:00:00,2017-11-29 00:00:00,Chelsea,Swansea,1,0,H,0,0,D,21,2,10,0,15,1,1,0,0,0,N Swarbrick,1.18,8.0,17.0,,,,,,
20171129-everton-west-ham-united,ENG Premier League,2017-2018,2017-11-29 00:00:00,2017-11-29 00:00:00,Everton,West Ham United,4,0,H,2,0,H,8,7,5,3,2,6,2,1,0,0,M Oliver,2.37,3.29,3.29,,,,,,
20171129-manchester-city-southampton,ENG Premier League,2017-2018,2017-11-29 00:00:00,2017-11-29 00:00:00,Manchester City,Southampton,2,1,H,0,0,D,26,7,12,2,6,5,1,1,0,0,P Tierney,1.19,8.0,15.0,,,,,,
20171129-stoke-liverpool,ENG Premier League,2017-2018,2017-11-29 00:00:00,2017-11-29 00:00:00,Stoke,Liverpool,0,3,A,0,1,A,10,14,1,7,5,9,1,5,0,0,M Atkinson,6.5,4.5,1.55,,,,,,
20171202-arsenal-manchester-united,ENG Premier League,2017-2018,2017-12-02 00:00:00,2017-12-02 00:00:00,Arsenal,Manchester United,1,3,A,0,2,A,33,8,15,4,12,1,3,2,0,1,A Marriner,2.5,3.39,3.0,,,,,,
20171202-brighton-hove-albion-liverpool,ENG Premier League,2017-2018,2017-12-02 00:00:00,2017-12-02 00:00:00,Brighton & Hove Albion,Liverpool,1,5,A,0,2,A,6,12,2,6,2,2,1,0,0,0,G Scott,7.5,4.5,1.5,,,,,,
20171202-chelsea-newcastle-united,ENG Premier League,2017-2018,2017-12-02 00:00:00,2017-12-02 00:00:00,Chelsea,Newcastle United,3,1,H,2,1,H,23,8,9,2,11,4,0,1,0,0,K Friend,1.25,6.5,15.0,,,,,,
20171202-everton-huddersfield,ENG Premier League,2017-2018,2017-12-02 00:00:00,2017-12-02 00:00:00,Everton,Huddersfield,2,0,H,0,0,D,6,5,4,3,2,5,2,1,0,0,C Kavanagh,1.72,3.79,5.5,,,,,,
20171202-leicester-city-burnley,ENG Premier League,2017-2018,2017-12-02 00:00:00,2017-12-02 00:00:00,Leicester City,Burnley,1,0,H,1,0,H,16,14,3,4,10,7,0,2,0,0,P Tierney,1.83,3.6,5.0,,,,,,
20171202-stoke-swansea,ENG Premier League,2017-2018,2017-12-02 00:00:00,2017-12-02 00:00:00,Stoke,Swansea,2,1,H,2,1,H,10,10,3,3,2,6,2,0,0,0,C Pawson,1.95,3.39,4.5,,,,,,
20171202-watford-tottenham-hotspur,ENG Premier League,2017-2018,2017-12-02 00:00:00,2017-12-02 00:00:00,Watford,Tottenham Hotspur,1,1,D,1,1,D,6,8,2,2,7,2,4,1,0,1,M Atkinson,5.0,4.0,1.72,,,,,,
20171202-west-bromwich-albion-crystal-palace,ENG Premier League,2017-2018,2017-12-02 00:00:00,2017-12-02 00:00:00,West Bromwich Albion,Crystal Palace,0,0,D,0,0,D,20,10,6,2,3,7,3,1,0,0,M Oliver,2.5,3.2,3.2,,,,,,
20171203-bournemouth-southampton,ENG Premier League,2017-2018,2017-12-03 00:00:00,2017-12-03 00:00:00,Bournemouth,Southampton,1,1,D,1,0,H,16,15,5,4,5,4,2,1,0,0,J Moss,2.89,3.25,2.39,,,,,,
20171203-manchester-city-west-ham-united,ENG Premier League,2017-2018,2017-12-03 00:00:00,2017-12-03 00:00:00,Manchester City,West Ham United,2,1,H,0,1,A,24,7,8,4,10,4,2,2,0,0,M Dean,1.08,11.0,21.0,,,,,,
20171209-burnley-watford,ENG Premier League,2017-2018,2017-12-09 00:00:00,2017-12-09 00:00:00,Burnley,Watford,1,0,H,1,0,H,8,11,5,2,3,5,1,0,0,1,L Probert,2.6,3.25,3.0,,,,,,
20171209-crystal-palace-bournemouth,ENG Premier League,2017-2018,2017-12-09 00:00:00,2017-12-09 00:00:00,Crystal Palace,Bournemouth,2,2,D,2,2,D,24,11,8,5,6,3,5,2,0,0,K Friend,2.04,3.5,4.0,,,,,,
20171209-huddersfield-brighton-hove-albion,ENG Premier League,2017-2018,2017-12-09 00:00:00,2017-12-09 00:00:00,Huddersfield,Brighton & Hove Albion,2,0,H,2,0,H,19,7,6,2,8,1,0,0,0,0,S Attwell,2.7,3.1,3.0,,,,,,
20171209-newcastle-united-leicester-city,ENG Premier League,2017-2018,2017-12-09 00:00:00,2017-12-09 00:00:00,Newcastle United,Leicester City,2,3,A,1,1,D,10,13,4,5,6,5,2,1,0,0,N Swarbrick,2.62,3.29,2.89,,,,,,
20171209-swansea-west-bromwich-albion,ENG Premier League,2017-2018,2017-12-09 00:00:00,2017-12-09 00:00:00,Swansea,West Bromwich Albion,1,0,H,0,0,D,18,7,3,1,6,3,2,5,0,0,M Dean,2.7,3.1,3.0,,,,,,
20171209-tottenham-hotspur-stoke,ENG Premier League,2017-2018,2017-12-09 00:00:00,2017-12-09 00:00:00,Tottenham Hotspur,Stoke,5,1,H,1,0,H,20,4,11,3,12,6,1,0,0,0,R East,1.28,6.5,11.0,,,,,,
20171209-west-ham-united-chelsea,ENG Premier League,2017-2018,2017-12-09 00:00:00,2017-12-09 00:00:00,West Ham United,Chelsea,1,0,H,1,0,H,5,19,2,2,4,3,6,1,0,0,A Taylor,7.5,4.5,1.5,,,,,,
20171210-liverpool-everton,ENG Premier League,2017-2018,2017-12-10 00:00:00,2017-12-10 00:00:00,Liverpool,Everton,1,1,D,1,0,H,23,3,3,2,12,1,1,3,0,0,C Pawson,1.3,6.0,11.0,,,,,,
20171210-manchester-united-manchester-city,ENG Premier League,2017-2018,2017-12-10 00:00:00,2017-12-10 00:00:00,Manchester United,Manchester City,1,2,A,1,1,D,8,14,5,7,2,8,4,2,0,0,M Oliver,3.39,3.5,2.25,,,,,,
20171210-southampton-arsenal,ENG Premier League,2017-2018,2017-12-10 00:00:00,2017-12-10 00:00:00,Southampton,Arsenal,1,1,D,1,0,H,6,11,3,6,4,5,2,2,0,0,R Madley,4.0,3.75,1.95,,,,,,
20171212-burnley-stoke,ENG Premier League,2017-2018,2017-12-12 00:00:00,2017-12-12 00:00:00,Burnley,Stoke,1,0,H,0,0,D,10,14,2,7,6,4,0,0,0,0,M Jones,2.29,3.2,3.6,,,,,,
20171212-crystal-palace-watford,ENG Premier League,2017-2018,2017-12-12 00:00:00,2017-12-12 00:00:00,Crystal Palace,Watford,2,1,H,0,1,A,14,7,4,2,4,6,2,1,0,1,L Mason,2.29,3.5,3.25,,,,,,
20171212-huddersfield-chelsea,ENG Premier League,2017-2018,2017-12-12 00:00:00,2017-12-12 00:00:00,Huddersfield,Chelsea,1,3,A,0,2,A,7,12,2,5,1,3,0,0,0,0,A Marriner,9.0,4.5,1.44,,,,,,
20171213-liverpool-west-bromwich-albion,ENG Premier League,2017-2018,2017-12-13 00:00:00,2017-12-13 00:00:00,Liverpool,West Bromwich Albion,0,0,D,0,0,D,14,6,5,1,5,7,1,0,0,0,P Tierney,1.22,7.0,15.0,,,,,,
20171213-manchester-united-bournemouth,ENG Premier League,2017-2018,2017-12-13 00:00:00,2017-12-13 00:00:00,Manchester United,Bournemouth,1,0,H,1,0,H,9,14,2,7,4,9,1,2,0,0,G Scott,1.28,6.0,12.0,,,,,,
20171213-newcastle-united-everton,ENG Premier League,2017-2018,2017-12-13 00:00:00,2017-12-13 00:00:00,Newcastle United,Everton,0,1,A,0,1,A,16,7,4,4,4,1,1,2,1,0,M Atkinson,2.39,3.29,3.25,,,,,,
20171213-southampton-leicester-city,ENG Premier League,2017-2018,2017-12-13 00:00:00,2017-12-13 00:00:00,Southampton,Leicester City,1,4,A,0,3,A,12,16,4,11,9,9,1,0,0,0,C Kavanagh,2.1,3.39,3.89,,,,,,
20171213-swansea-manchester-city,ENG Premier League,2017-2018,2017-12-13 00:00:00,2017-12-13 00:00:00,Swansea,Manchester City,0,4,A,0,2,A,7,23,3,10,2,5,0,0,0,0,A Taylor,15.0,6.5,1.25,,,,,,
20171213-tottenham-hotspur-brighton-hove-albion,ENG Premier League,2017-2018,2017-12-13 00:00:00,2017-12-13 00:00:00,Tottenham Hotspur,Brighton & Hove Albion,2,0,H,1,0,H,25,7,8,4,10,2,1,1,0,0,R Madley,1.25,6.5,15.0,,,,,,
20171213-west-ham-united-arsenal,ENG Premier League,2017-2018,2017-12-13 00:00:00,2017-12-13 00:00:00,West Ham United,Arsenal,0,0,D,0,0,D,6,22,0,3,1,7,1,0,0,0,J Moss,5.25,4.2,1.66,,,,,,
20171216-arsenal-newcastle-united,ENG Premier League,2017-2018,2017-12-16 00:00:00,2017-12-16 00:00:00,Arsenal,Newcastle United,1,0,H,1,0,H,23,10,5,2,7,5,2,1,0,0,S Attwell,1.25,6.5,14.0,,,,,,
20171216-brighton-hove-albion-burnley,ENG Premier League,2017-2018,2017-12-16 00:00:00,2017-12-16 00:00:00,Brighton & Hove Albion,Burnley,0,0,D,0,0,D,12,11,2,6,8,2,4,2,0,0,C Kavanagh,2.62,3.0,3.2,,,,,,
20171216-chelsea-southampton,ENG Premier League,2017-2018,2017-12-16 00:00:00,2017-12-16 00:00:00,Chelsea,Southampton,1,0,H,1,0,H,24,6,8,2,8,4,1,3,0,0,R East,1.39,5.0,9.0,,,,,,
20171216-leicester-city-crystal-palace,ENG Premier League,2017-2018,2017-12-16 00:00:00,2017-12-16 00:00:00,Leicester City,Crystal Palace,0,3,A,0,2,A,11,13,2,6,6,4,2,2,1,0,M Atkinson,1.89,3.6,4.5,,,,,,
20171216-manchester-city-tottenham-hotspur,ENG Premier League,2017-2018,2017-12-16 00:00:00,2017-12-16 00:00:00,Manchester City,Tottenham Hotspur,4,1,H,1,0,H,20,7,11,2,5,1,2,4,0,0,C Pawson,1.55,4.59,6.0,,,,,,
20171216-stoke-west-ham-united,ENG Premier League,2017-2018,2017-12-16 00:00:00,2017-12-16 00:00:00,Stoke,West Ham United,0,3,A,0,1,A,17,14,0,7,7,9,2,1,0,0,G Scott,2.29,3.29,3.5,,,,,,
20171216-watford-huddersfield,ENG Premier League,2017-2018,2017-12-16 00:00:00,2017-12-16 00:00:00,Watford,Huddersfield,1,4,A,0,2,A,13,15,3,9,8,7,2,1,1,1,M Oliver,1.8,3.75,5.0,,,,,,
20171217-bournemouth-liverpool,ENG Premier League,2017-2018,2017-12-17 00:00:00,2017-12-17 00:00:00,Bournemouth,Liverpool,0,4,A,0,3,A,6,21,2,7,2,3,1,1,0,0,A Marriner,6.5,4.5,1.53,,,,,,
20171217-west-bromwich-albion-manchester-united,ENG Premier League,2017-2018,2017-12-17 00:00:00,2017-12-17 00:00:00,West Bromwich Albion,Manchester United,1,2,A,0,2,A,12,8,5,3,6,3,1,3,0,0,A Taylor,6.5,4.0,1.6,,,,,,
20171218-everton-swansea,ENG Premier League,2017-2018,2017-12-18 00:00:00,2017-12-18 00:00:00,Everton,Swansea,3,1,H,1,1,D,12,8,7,3,6,3,2,3,0,0,J Moss,1.72,3.75,5.5,,,,,,
20171222-arsenal-liverpool,ENG Premier League,2017-2018,2017-12-22 00:00:00,2017-12-22 00:00:00,Arsenal,Liverpool,3,3,D,0,1,A,11,14,4,9,7,8,1,0,0,0,M Atkinson,2.54,3.6,2.79,,,,,,
20171223-brighton-hove-albion-watford,ENG Premier League,2017-2018,2017-12-23 00:00:00,2017-12-23 00:00:00,Brighton & Hove Albion,Watford,1,0,H,0,0,D,14,13,3,1,6,4,0,0,0,0,P Tierney,2.62,3.2,3.0,,,,,,
20171223-burnley-tottenham-hotspur,ENG Premier League,2017-2018,2017-12-23 00:00:00,2017-12-23 00:00:00,Burnley,Tottenham Hotspur,0,3,A,0,1,A,5,18,2,8,4,4,1,2,0,0,M Oliver,7.0,4.2,1.55,,,,,,
20171223-everton-chelsea,ENG Premier League,2017-2018,2017-12-23 00:00:00,2017-12-23 00:00:00,Everton,Chelsea,0,0,D,0,0,D,5,25,0,8,2,7,3,0,0,0,R Madley,6.0,3.89,1.66,,,,,,
20171223-leicester-city-manchester-united,ENG Premier League,2017-2018,2017-12-23 00:00:00,2017-12-23 00:00:00,Leicester City,Manchester United,2,2,D,1,1,D,11,19,3,6,4,6,2,2,1,0,J Moss,4.5,3.6,1.9,,,,,,
20171223-manchester-city-bournemouth,ENG Premier League,2017-2018,2017-12-23 00:00:00,2017-12-23 00:00:00,Manchester City,Bournemouth,4,0,H,1,0,H,14,5,5,1,4,6,0,1,0,0,M Jones,1.12,11.0,23.0,,,,,,
20171223-southampton-huddersfield,ENG Premier League,2017-2018,2017-12-23 00:00:00,2017-12-23 00:00:00,Southampton,Huddersfield,1,1,D,1,0,H,12,10,6,3,9,1,2,1,0,0,L Probert,1.61,3.89,6.5,,,,,,
20171223-stoke-west-bromwich-albion,ENG Premier League,2017-2018,2017-12-23 00:00:00,2017-12-23 00:00:00,Stoke,West Bromwich Albion,3,1,H,2,0,H,9,17,5,7,1,11,1,0,0,0,N Swarbrick,2.29,3.25,3.5,,,,,,
20171223-swansea-crystal-palace,ENG Premier League,2017-2018,2017-12-23 00:00:00,2017-12-23 00:00:00,Swansea,Crystal Palace,1,1,D,0,0,D,7,13,2,5,6,3,2,3,0,0,C Pawson,3.29,3.2,2.45,,,,,,
20171223-west-ham-united-newcastle-united,ENG Premier League,2017-2018,2017-12-23 00:00:00,2017-12-23 00:00:00,West Ham United,Newcastle United,2,3,A,1,1,D,19,11,6,4,6,3,1,1,0,0,L Mason,2.1,3.39,3.89,,,,,,
20171226-bournemouth-west-ham-united,ENG Premier League,2017-2018,2017-12-26 00:00:00,2017-12-26 00:00:00,Bournemouth,West Ham United,3,3,D,1,1,D,26,10,10,5,7,4,3,4,0,0,S Attwell,2.79,3.29,2.75,,,,,,
20171226-chelsea-brighton-hove-albion,ENG Premier League,2017-2018,2017-12-26 00:00:00,2017-12-26 00:00:00,Chelsea,Brighton & Hove Albion,2,0,H,0,0,D,25,8,8,1,13,1,0,1,0,0,M Dean,1.19,7.5,17.0,,,,,,
20171226-huddersfield-stoke,ENG Premier League,2017-2018,2017-12-26 00:00:00,2017-12-26 00:00:00,Huddersfield,Stoke,1,1,D,1,0,H,18,15,8,7,8,5,2,4,0,0,A Taylor,2.5,3.2,3.2,,,,,,
20171226-liverpool-swansea,ENG Premier League,2017-2018,2017-12-26 00:00:00,2017-12-26 00:00:00,Liverpool,Swansea,5,0,H,1,0,H,22,7,9,4,4,2,0,1,0,0,K Friend,1.16,9.0,19.0,,,,,,
20171226-manchester-united-burnley,ENG Premier League,2017-2018,2017-12-26 00:00:00,2017-12-26 00:00:00,Manchester United,Burnley,2,2,D,0,2,A,23,3,6,2,12,2,3,7,0,0,M Atkinson,1.25,6.5,15.0,,,,,,
20171226-tottenham-hotspur-southampton,ENG Premier League,2017-2018,2017-12-26 00:00:00,2017-12-26 00:00:00,Tottenham Hotspur,Southampton,5,2,H,2,0,H,16,16,7,6,3,8,0,2,0,0,G Scott,1.36,5.25,10.0,,,,,,
20171226-watford-leicester-city,ENG Premier League,2017-2018,2017-12-26 00:00:00,2017-12-26 00:00:00,Watford,Leicester City,2,1,H,1,1,D,11,11,1,5,8,8,3,3,0,0,C Kavanagh,2.54,3.5,2.87,,,,,,
20171226-west-bromwich-albion-everton,ENG Premier League,2017-2018,2017-12-26 00:00:00,2017-12-26 00:00:00,West Bromwich Albion,Everton,0,0,D,0,0,D,17,7,3,3,10,2,2,0,0,0,R East,2.54,3.2,3.1,,,,,,
20171227-newcastle-united-manchester-city,ENG Premier League,2017-2018,2017-12-27 00:00:00,2017-12-27 00:00:00,Newcastle United,Manchester City,0,1,A,0,1,A,6,22,2,6,3,8,1,0,0,0,A Marriner,13.0,6.75,1.25,,,,,,
20171228-crystal-palace-arsenal,ENG Premier League,2017-2018,2017-12-28 00:00:00,2017-12-28 00:00:00,Crystal Palace,Arsenal,2,3,A,0,1,A,16,16,2,9,5,4,0,1,0,0,M Oliver,4.5,4.0,1.8,,,,,,
20171230-bournemouth-everton,ENG Premier League,2017-2018,2017-12-30 00:00:00,2017-12-30 00:00:00,Bournemouth,Everton,2,1,H,1,0,H,19,6,7,1,4,4,0,0,0,0,L Probert,2.37,3.29,3.29,,,,,,
20171230-chelsea-stoke,ENG Premier League,2017-2018,2017-12-30 00:00:00,2017-12-30 00:00:00,Chelsea,Stoke,5,0,H,3,0,H,21,1,12,1,7,0,1,1,0,0,K Friend,1.16,8.5,19.0,,,,,,
20171230-huddersfield-burnley,ENG Premier League,2017-2018,2017-12-30 00:00:00,2017-12-30 00:00:00,Huddersfield,Burnley,0,0,D,0,0,D,3,11,1,4,5,4,2,1,0,0,P Tierney,2.37,3.1,3.5,,,,,,
20171230-liverpool-leicester-city,ENG Premier League,2017-2018,2017-12-30 00:00:00,2017-12-30 00:00:00,Liverpool,Leicester City,2,1,H,0,1,A,17,7,6,1,7,1,3,2,0,0,N Swarbrick,1.3,6.0,11.0,,,,,,
20171230-manchester-united-southampton,ENG Premier League,2017-2018,2017-12-30 00:00:00,2017-12-30 00:00:00,Manchester United,Southampton,0,0,D,0,0,D,15,8,3,3,10,7,2,4,0,0,C Pawson,1.36,5.5,9.0,,,,,,
20171230-newcastle-united-brighton-hove-albion,ENG Premier League,2017-2018,2017-12-30 00:00:00,2017-12-30 00:00:00,Newcastle United,Brighton & Hove Albion,0,0,D,0,0,D,11,10,2,3,3,6,2,2,0,0,A Taylor,2.14,3.2,4.0,,,,,,
20171230-watford-swansea,ENG Premier League,2017-2018,2017-12-30 00:00:00,2017-12-30 00:00:00,Watford,Swansea,1,2,A,1,0,H,9,9,4,4,1,8,4,2,0,0,M Atkinson,1.66,3.79,6.0,,,,,,
20171231-crystal-palace-manchester-city,ENG Premier League,2017-2018,2017-12-31 00:00:00,2017-12-31 00:00:00,Crystal Palace,Manchester City,0,0,D,0,0,D,10,15,1,4,7,8,5,4,0,0,J Moss,11.0,6.5,1.28,,,,,,
20171231-west-bromwich-albion-arsenal,ENG Premier League,2017-2018,2017-12-31 00:00:00,2017-12-31 00:00:00,West Bromwich Albion,Arsenal,1,1,D,0,0,D,14,14,3,4,5,6,3,3,0,0,M Dean,5.0,4.0,1.72,,,,,,
20180101-brighton-hove-albion-bournemouth,ENG Premier League,2017-2018,2018-01-01 00:00:00,2018-01-01 00:00:00,Brighton & Hove Albion,Bournemouth,2,2,D,1,1,D,15,26,6,8,5,12,2,1,0,0,M Oliver,2.37,3.2,3.39,,,,,,
20180101-burnley-liverpool,ENG Premier League,2017-2018,2018-01-01 00:00:00,2018-01-01 00:00:00,Burnley,Liverpool,1,2,A,0,0,D,13,19,4,5,3,9,0,0,0,0,R East,7.5,4.5,1.5,,,,,,
20180101-everton-manchester-united,ENG Premier League,2017-2018,2018-01-01 00:00:00,2018-01-01 00:00:00,Everton,Manchester United,0,2,A,0,0,D,12,21,0,6,6,6,2,0,0,0,A Marriner,5.5,3.5,1.8,,,,,,
20180101-leicester-city-huddersfield,ENG Premier League,2017-2018,2018-01-01 00:00:00,2018-01-01 00:00:00,Leicester City,Huddersfield,3,0,H,0,0,D,11,6,5,1,4,1,1,1,0,0,G Scott,1.66,3.79,6.0,,,,,,
20180101-stoke-newcastle-united,ENG Premier League,2017-2018,2018-01-01 00:00:00,2018-01-01 00:00:00,Stoke,Newcastle United,0,1,A,0,0,D,11,14,4,6,10,5,3,1,0,0,C Kavanagh,2.29,3.29,3.5,,,,,,
20180102-manchester-city-watford,ENG Premier League,2017-2018,2018-01-02 00:00:00,2018-01-02 00:00:00,Manchester City,Watford,3,1,H,2,0,H,17,7,7,4,9,1,1,1,0,0,L Mason,1.12,8.5,19.0,,,,,,
20180102-southampton-crystal-palace,ENG Premier League,2017-2018,2018-01-02 00:00:00,2018-01-02 00:00:00,Southampton,Crystal Palace,1,2,A,1,0,H,10,11,3,4,4,7,0,1,0,0,S Attwell,1.9,3.39,4.0,,,,,,
20180102-swansea-tottenham-hotspur,ENG Premier League,2017-2018,2018-01-02 00:00:00,2018-01-02 00:00:00,Swansea,Tottenham Hotspur,0,2,A,0,1,A,8,12,1,5,6,5,2,2,0,0,R Madley,12.0,4.75,1.3,,,,,,
20180102-west-ham-united-west-bromwich-albion,ENG Premier League,2017-2018,2018-01-02 00:00:00,2018-01-02 00:00:00,West Ham United,West Bromwich Albion,2,1,H,0,1,A,13,10,5,3,3,4,3,2,0,0,M Jones,1.9,3.39,4.09,,,,,,
20180103-arsenal-chelsea,ENG Premier League,2017-2018,2018-01-03 00:00:00,2018-01-03 00:00:00,Arsenal,Chelsea,2,2,D,0,0,D,14,19,6,6,10,8,3,2,0,0,A Taylor,2.6,3.39,2.6,,,,,,
20180104-tottenham-hotspur-west-ham-united,ENG Premier League,2017-2018,2018-01-04 00:00:00,2018-01-04 00:00:00,Tottenham Hotspur,West Ham United,1,1,D,0,0,D,31,3,8,1,7,1,0,2,0,0,M Dean,1.25,6.0,10.0,,,,,,
20180113-chelsea-leicester-city,ENG Premier League,2017-2018,2018-01-13 00:00:00,2018-01-13 00:00:00,Chelsea,Leicester City,0,0,D,0,0,D,17,14,7,1,6,3,2,2,0,1,M Jones,1.3,5.75,12.0,,,,,,
20180113-crystal-palace-burnley,ENG Premier League,2017-2018,2018-01-13 00:00:00,2018-01-13 00:00:00,Crystal Palace,Burnley,1,0,H,1,0,H,17,8,2,2,3,2,0,3,0,0,M Oliver,2.0,3.29,4.5,,,,,,
20180113-huddersfield-west-ham-united,ENG Premier League,2017-2018,2018-01-13 00:00:00,2018-01-13 00:00:00,Huddersfield,West Ham United,1,4,A,1,1,D,8,8,2,6,7,3,1,1,0,0,J Moss,2.62,3.1,3.1,,,,,,
20180113-newcastle-united-swansea,ENG Premier League,2017-2018,2018-01-13 00:00:00,2018-01-13 00:00:00,Newcastle United,Swansea,1,1,D,0,0,D,12,8,4,5,4,5,0,3,0,0,G Scott,1.95,3.39,4.5,,,,,,
20180113-tottenham-hotspur-everton,ENG Premier League,2017-2018,2018-01-13 00:00:00,2018-01-13 00:00:00,Tottenham Hotspur,Everton,4,0,H,1,0,H,20,7,10,0,3,3,0,2,0,0,C Pawson,1.28,6.0,13.0,,,,,,
20180113-watford-southampton,ENG Premier League,2017-2018,2018-01-13 00:00:00,2018-01-13 00:00:00,Watford,Southampton,2,2,D,0,2,A,16,10,4,4,5,4,0,5,0,0,R East,2.5,3.39,3.0,,,,,,
20180113-west-bromwich-albion-brighton-hove-albion,ENG Premier League,2017-2018,2018-01-13 00:00:00,2018-01-13 00:00:00,West Bromwich Albion,Brighton & Hove Albion,2,0,H,1,0,H,15,13,4,1,9,6,0,0,0,0,M Atkinson,2.14,3.0,4.33,,,,,,
20180114-bournemouth-arsenal,ENG Premier League,2017-2018,2018-01-14 00:00:00,2018-01-14 00:00:00,Bournemouth,Arsenal,2,1,H,0,0,D,13,12,5,3,4,5,2,2,0,0,K Friend,4.75,4.2,1.75,,,,,,
20180114-liverpool-manchester-city,ENG Premier League,2017-2018,2018-01-14 00:00:00,2018-01-14 00:00:00,Liverpool,Manchester City,4,3,H,1,1,D,16,11,7,4,5,6,2,3,0,0,A Marriner,3.1,3.75,2.29,,,,,,
20180115-manchester-united-stoke,ENG Premier League,2017-2018,2018-01-15 00:00:00,2018-01-15 00:00:00,Manchester United,Stoke,3,0,H,2,0,H,20,11,9,5,6,1,2,1,0,0,A Taylor,1.22,7.0,15.0,,,,,,
20180120-arsenal-crystal-palace,ENG Premier League,2017-2018,2018-01-20 00:00:00,2018-01-20 00:00:00,Arsenal,Crystal Palace,4,1,H,4,0,H,16,9,10,5,5,10,0,0,0,0,C Kavanagh,1.5,4.75,7.0,,,,,,
20180120-brighton-hove-albion-chelsea,ENG Premier League,2017-2018,2018-01-20 00:00:00,2018-01-20 00:00:00,Brighton & Hove Albion,Chelsea,0,4,A,0,2,A,10,14,3,10,5,3,3,0,0,0,J Moss,6.5,3.89,1.61,,,,,,
20180120-burnley-manchester-united,ENG Premier League,2017-2018,2018-01-20 00:00:00,2018-01-20 00:00:00,Burnley,Manchester United,0,1,A,0,0,D,13,12,2,2,5,4,3,3,0,0,M Dean,7.5,3.89,1.57,,,,,,
20180120-everton-west-bromwich-albion,ENG Premier League,2017-2018,2018-01-20 00:00:00,2018-01-20 00:00:00,Everton,West Bromwich Albion,1,1,D,0,1,A,9,15,4,5,0,3,2,1,0,0,S Attwell,2.14,3.2,4.0,,,,,,
20180120-leicester-city-watford,ENG Premier League,2017-2018,2018-01-20 00:00:00,2018-01-20 00:00:00,Leicester City,Watford,2,0,H,1,0,H,9,11,5,3,4,5,0,0,0,0,L Probert,1.85,3.89,4.33,,,,,,
20180120-manchester-city-newcastle-united,ENG Premier League,2017-2018,2018-01-20 00:00:00,2018-01-20 00:00:00,Manchester City,Newcastle United,3,1,H,1,0,H,21,6,9,4,18,0,0,1,0,0,P Tierney,1.12,10.0,26.0,,,,,,
20180120-stoke-huddersfield,ENG Premier League,2017-2018,2018-01-20 00:00:00,2018-01-20 00:00:00,Stoke,Huddersfield,2,0,H,0,0,D,11,6,6,3,3,2,1,1,0,0,M Oliver,2.04,3.39,4.09,,,,,,
20180120-west-ham-united-bournemouth,ENG Premier League,2017-2018,2018-01-20 00:00:00,2018-01-20 00:00:00,West Ham United,Bournemouth,1,1,D,0,0,D,12,8,4,3,6,3,3,1,0,0,M Atkinson,2.0,3.6,4.0,,,,,,
20180121-southampton-tottenham-hotspur,ENG Premier League,2017-2018,2018-01-21 00:00:00,2018-01-21 00:00:00,Southampton,Tottenham Hotspur,1,1,D,1,1,D,10,17,4,2,2,9,2,3,0,0,K Friend,5.75,4.09,1.64,,,,,,
20180122-swansea-liverpool,ENG Premier League,2017-2018,2018-01-22 00:00:00,2018-01-22 00:00:00,Swansea,Liverpool,1,0,H,1,0,H,3,21,2,4,3,9,0,2,0,0,N Swarbrick,12.0,5.75,1.3,,,,,,
20180130-huddersfield-liverpool,ENG Premier League,2017-2018,2018-01-30 00:00:00,2018-01-30 00:00:00,Huddersfield,Liverpool,0,3,A,0,2,A,5,14,1,7,1,4,0,0,0,0,K Friend,12.0,5.75,1.3,,,,,,
20180130-swansea-arsenal,ENG Premier League,2017-2018,2018-01-30 00:00:00,2018-01-30 00:00:00,Swansea,Arsenal,3,1,H,1,1,D,12,9,4,4,4,3,0,3,0,0,L Mason,7.0,4.59,1.5,,,,,,
20180130-west-ham-united-crystal-palace,ENG Premier League,2017-2018,2018-01-30 00:00:00,2018-01-30 00:00:00,West Ham United,Crystal Palace,1,1,D,1,1,D,8,9,3,3,5,3,1,3,0,0,N Swarbrick,3.1,3.25,2.54,,,,,,
20180131-chelsea-bournemouth,ENG Premier League,2017-2018,2018-01-31 00:00:00,2018-01-31 00:00:00,Chelsea,Bournemouth,0,3,A,0,0,D,21,11,5,5,8,5,1,0,0,0,L Probert,1.28,6.5,11.0,,,,,,
20180131-everton-leicester-city,ENG Premier League,2017-2018,2018-01-31 00:00:00,2018-01-31 00:00:00,Everton,Leicester City,2,1,H,2,0,H,9,8,4,1,5,5,0,2,0,0,C Kavanagh,3.0,3.2,2.62,,,,,,
20180131-manchester-city-west-bromwich-albion,ENG Premier League,2017-2018,2018-01-31 00:00:00,2018-01-31 00:00:00,Manchester City,West Bromwich Albion,3,0,H,1,0,H,19,3,10,1,9,1,1,3,0,0,R Madley,1.14,10.0,21.0,,,,,,
20180131-newcastle-united-burnley,ENG Premier League,2017-2018,2018-01-31 00:00:00,2018-01-31 00:00:00,Newcastle United,Burnley,1,1,D,0,0,D,14,11,4,2,7,4,1,2,0,0,S Hooper,2.2,3.2,3.89,,,,,,
20180131-southampton-brighton-hove-albion,ENG Premier League,2017-2018,2018-01-31 00:00:00,2018-01-31 00:00:00,Southampton,Brighton & Hove Albion,1,1,D,0,1,A,18,9,3,2,7,2,3,1,0,0,M Dean,1.75,3.5,6.0,,,,,,
20180131-stoke-watford,ENG Premier League,2017-2018,2018-01-31 00:00:00,2018-01-31 00:00:00,Stoke,Watford,0,0,D,0,0,D,11,12,4,2,2,6,4,3,0,0,J Moss,2.25,3.5,3.39,,,,,,
20180131-tottenham-hotspur-manchester-united,ENG Premier League,2017-2018,2018-01-31 00:00:00,2018-01-31 00:00:00,Tottenham Hotspur,Manchester United,2,0,H,2,0,H,22,6,6,3,6,3,2,2,0,0,A Marriner,2.35,3.29,3.39,,,,,,
20180203-arsenal-everton,ENG Premier League,2017-2018,2018-02-03 00:00:00,2018-02-03 00:00:00,Arsenal,Everton,5,1,H,4,0,H,15,11,7,2,4,6,2,0,0,0,N Swarbrick,1.3,5.75,12.0,,,,,,
20180203-bournemouth-stoke,ENG Premier League,2017-2018,2018-02-03 00:00:00,2018-02-03 00:00:00,Bournemouth,Stoke,2,1,H,0,1,A,15,13,8,4,8,1,2,3,0,0,P Tierney,1.9,3.7,4.33,,,,,,
20180203-brighton-hove-albion-west-ham-united,ENG Premier League,2017-2018,2018-02-03 00:00:00,2018-02-03 00:00:00,Brighton & Hove Albion,West Ham United,3,1,H,1,1,D,21,4,5,1,4,1,3,1,0,0,R East,2.35,3.0,3.7,,,,,,
20180203-burnley-manchester-city,ENG Premier League,2017-2018,2018-02-03 00:00:00,2018-02-03 00:00:00,Burnley,Manchester City,1,1,D,0,1,A,8,20,3,7,3,13,4,1,0,0,M Atkinson,13.0,6.0,1.28,,,,,,
20180203-leicester-city-swansea,ENG Premier League,2017-2018,2018-02-03 00:00:00,2018-02-03 00:00:00,Leicester City,Swansea,1,1,D,1,0,H,13,3,5,1,3,3,1,0,0,0,A Taylor,1.8,3.6,5.25,,,,,,
20180203-manchester-united-huddersfield,ENG Premier League,2017-2018,2018-02-03 00:00:00,2018-02-03 00:00:00,Manchester United,Huddersfield,2,0,H,0,0,D,16,4,7,0,5,2,2,4,0,0,S Attwell,1.16,8.5,19.0,,,,,,
20180203-west-bromwich-albion-southampton,ENG Premier League,2017-2018,2018-02-03 00:00:00,2018-02-03 00:00:00,West Bromwich Albion,Southampton,2,3,A,1,2,A,9,13,3,5,5,7,2,1,0,0,M Oliver,2.54,3.2,3.1,,,,,,
20180204-crystal-palace-newcastle-united,ENG Premier League,2017-2018,2018-02-04 00:00:00,2018-02-04 00:00:00,Crystal Palace,Newcastle United,1,1,D,0,1,A,21,11,6,8,5,6,1,1,0,0,A Marriner,2.04,3.39,4.2,,,,,,
20180204-liverpool-tottenham-hotspur,ENG Premier League,2017-2018,2018-02-04 00:00:00,2018-02-04 00:00:00,Liverpool,Tottenham Hotspur,2,2,D,1,0,H,9,13,3,6,3,7,3,1,0,0,J Moss,2.1,3.75,3.6,,,,,,
20180205-watford-chelsea,ENG Premier League,2017-2018,2018-02-05 00:00:00,2018-02-05 00:00:00,Watford,Chelsea,4,1,H,1,0,H,21,7,8,3,6,2,2,2,0,1,M Dean,6.25,4.0,1.61,,,,,,
20180210-everton-crystal-palace,ENG Premier League,2017-2018,2018-02-10 00:00:00,2018-02-10 00:00:00,Everton,Crystal Palace,3,1,H,0,0,D,11,16,5,4,8,7,1,1,0,0,J Moss,2.25,3.25,3.2,,,,,,
20180210-manchester-city-leicester-city,ENG Premier League,2017-2018,2018-02-10 00:00:00,2018-02-10 00:00:00,Manchester City,Leicester City,5,1,H,1,1,D,19,2,11,2,8,2,2,3,0,0,M Jones,1.19,6.5,13.0,,,,,,
20180210-stoke-brighton-hove-albion,ENG Premier League,2017-2018,2018-02-10 00:00:00,2018-02-10 00:00:00,Stoke,Brighton & Hove Albion,1,1,D,0,1,A,15,14,3,6,7,4,0,0,0,0,R Madley,2.2,3.2,3.39,,,,,,
20180210-swansea-burnley,ENG Premier League,2017-2018,2018-02-10 00:00:00,2018-02-10 00:00:00,Swansea,Burnley,1,0,H,0,0,D,12,13,4,1,5,2,2,1,0,0,A Marriner,2.37,3.0,3.25,,,,,,
20180210-tottenham-hotspur-arsenal,ENG Premier League,2017-2018,2018-02-10 00:00:00,2018-02-10 00:00:00,Tottenham Hotspur,Arsenal,1,0,H,0,0,D,18,6,6,1,10,2,2,1,0,0,A Taylor,2.0,3.6,3.5,,,,,,
20180210-west-ham-united-watford,ENG Premier League,2017-2018,2018-02-10 00:00:00,2018-02-10 00:00:00,West Ham United,Watford,2,0,H,1,0,H,8,11,4,4,8,7,1,1,0,0,G Scott,2.5,3.29,2.79,,,,,,
20180211-huddersfield-bournemouth,ENG Premier League,2017-2018,2018-02-11 00:00:00,2018-02-11 00:00:00,Huddersfield,Bournemouth,4,1,H,2,1,H,15,7,4,2,2,6,0,3,0,0,M Oliver,3.25,3.2,2.25,,,,,,
20180211-newcastle-united-manchester-united,ENG Premier League,2017-2018,2018-02-11 00:00:00,2018-02-11 00:00:00,Newcastle United,Manchester United,1,0,H,0,0,D,10,13,3,6,0,10,0,2,0,0,C Pawson,5.5,3.75,1.61,,,,,,
20180211-southampton-liverpool,ENG Premier League,2017-2018,2018-02-11 00:00:00,2018-02-11 00:00:00,Southampton,Liverpool,0,2,A,0,2,A,6,16,4,4,3,1,1,2,0,0,M Atkinson,4.2,3.79,1.8,,,,,,
20180212-chelsea-west-bromwich-albion,ENG Premier League,2017-2018,2018-02-12 00:00:00,2018-02-12 00:00:00,Chelsea,West Bromwich Albion,3,0,H,1,0,H,20,8,8,1,8,7,0,2,0,0,L Mason,1.36,4.75,8.0,,,,,,
20180224-bournemouth-newcastle-united,ENG Premier League,2017-2018,2018-02-24 00:00:00,2018-02-24 00:00:00,Bournemouth,Newcastle United,2,2,D,0,2,A,18,15,5,4,8,1,1,4,0,0,R East,2.1,3.5,3.79,,,,,,
20180224-brighton-hove-albion-swansea,ENG Premier League,2017-2018,2018-02-24 00:00:00,2018-02-24 00:00:00,Brighton & Hove Albion,Swansea,4,1,H,1,0,H,16,11,5,1,3,5,1,0,0,0,M Dean,2.14,3.25,4.0,,,,,,
20180224-burnley-southampton,ENG Premier League,2017-2018,2018-02-24 00:00:00,2018-02-24 00:00:00,Burnley,Southampton,1,1,D,0,0,D,9,13,3,6,7,5,1,0,0,0,R Madley,2.89,3.1,2.79,,,,,,
20180224-leicester-city-stoke,ENG Premier League,2017-2018,2018-02-24 00:00:00,2018-02-24 00:00:00,Leicester City,Stoke,1,1,D,0,1,A,19,6,9,2,13,1,1,3,0,0,M Oliver,1.72,3.89,5.25,,,,,,
20180224-liverpool-west-ham-united,ENG Premier League,2017-2018,2018-02-24 00:00:00,2018-02-24 00:00:00,Liverpool,West Ham United,4,1,H,1,0,H,21,7,12,4,8,2,0,2,0,0,S Attwell,1.22,7.5,13.0,,,,,,
20180224-watford-everton,ENG Premier League,2017-2018,2018-02-24 00:00:00,2018-02-24 00:00:00,Watford,Everton,1,0,H,0,0,D,13,7,5,2,6,5,3,1,0,0,A Taylor,2.25,3.39,3.5,,,,,,
20180224-west-bromwich-albion-huddersfield,ENG Premier League,2017-2018,2018-02-24 00:00:00,2018-02-24 00:00:00,West Bromwich Albion,Huddersfield,1,2,A,0,0,D,10,16,3,7,6,3,1,1,0,0,J Moss,1.95,3.29,4.75,,,,,,
20180225-crystal-palace-tottenham-hotspur,ENG Premier League,2017-2018,2018-02-25 00:00:00,2018-02-25 00:00:00,Crystal Palace,Tottenham Hotspur,0,1,A,0,0,D,5,14,3,4,2,13,0,1,0,0,K Friend,7.5,4.5,1.5,,,,,,
20180225-manchester-united-chelsea,ENG Premier League,2017-2018,2018-02-25 00:00:00,2018-02-25 00:00:00,Manchester United,Chelsea,2,1,H,1,1,D,10,14,5,7,3,4,2,2,0,0,M Atkinson,2.29,3.25,3.5,,,,,,
20180301-arsenal-manchester-city,ENG Premier League,2017-2018,2018-03-01 00:00:00,2018-03-01 00:00:00,Arsenal,Manchester City,0,3,A,0,3,A,10,9,5,5,6,1,1,1,0,0,A Marriner,4.5,4.0,1.72,,,,,,
20180303-burnley-everton,ENG Premier League,2017-2018,2018-03-03 00:00:00,2018-03-03 00:00:00,Burnley,Everton,2,1,H,0,1,A,21,10,8,4,10,4,1,1,0,1,C Kavanagh,2.5,3.1,3.29,,,,,,
20180303-leicester-city-bournemouth,ENG Premier League,2017-2018,2018-03-03 00:00:00,2018-03-03 00:00:00,Leicester City,Bournemouth,1,1,D,0,1,A,23,8,4,3,13,1,2,1,0,0,L Probert,1.85,3.75,4.5,,,,,,
20180303-liverpool-newcastle-united,ENG Premier League,2017-2018,2018-03-03 00:00:00,2018-03-03 00:00:00,Liverpool,Newcastle United,2,0,H,1,0,H,14,7,3,2,8,3,0,0,0,0,G Scott,1.22,7.0,15.0,,,,,,
20180303-southampton-stoke,ENG Premier League,2017-2018,2018-03-03 00:00:00,2018-03-03 00:00:00,Southampton,Stoke,0,0,D,0,0,D,18,12,6,3,15,4,0,1,0,0,A Taylor,1.75,3.75,5.25,,,,,,
20180303-swansea-west-ham-united,ENG Premier League,2017-2018,2018-03-03 00:00:00,2018-03-03 00:00:00,Swansea,West Ham United,4,1,H,2,0,H,9,7,8,2,4,5,0,3,0,0,M Atkinson,2.6,3.25,3.0,,,,,,
20180303-tottenham-hotspur-huddersfield,ENG Premier League,2017-2018,2018-03-03 00:00:00,2018-03-03 00:00:00,Tottenham Hotspur,Huddersfield,2,0,H,1,0,H,15,3,7,3,8,1,1,1,0,0,K Friend,1.19,7.5,17.0,,,,,,
20180303-watford-west-bromwich-albion,ENG Premier League,2017-2018,2018-03-03 00:00:00,2018-03-03 00:00:00,Watford,West Bromwich Albion,1,0,H,0,0,D,15,9,4,2,4,6,2,0,0,0,P Tierney,2.14,3.29,3.89,,,,,,
20180304-brighton-hove-albion-arsenal,ENG Premier League,2017-2018,2018-03-04 00:00:00,2018-03-04 00:00:00,Brighton & Hove Albion,Arsenal,2,1,H,2,1,H,13,15,6,7,6,11,3,3,0,0,S Attwell,4.2,3.79,1.9,,,,,,
20180304-manchester-city-chelsea,ENG Premier League,2017-2018,2018-03-04 00:00:00,2018-03-04 00:00:00,Manchester City,Chelsea,1,0,H,0,0,D,13,3,3,0,5,2,2,1,0,0,M Oliver,1.61,4.2,6.0,,,,,,
20180305-crystal-palace-manchester-united,ENG Premier League,2017-2018,2018-03-05 00:00:00,2018-03-05 00:00:00,Crystal Palace,Manchester United,2,3,A,1,0,H,10,17,4,8,3,7,1,3,0,0,N Swarbrick,7.0,4.0,1.57,,,,,,
20180310-chelsea-crystal-palace,ENG Premier League,2017-2018,2018-03-10 00:00:00,2018-03-10 00:00:00,Chelsea,Crystal Palace,2,1,H,2,0,H,27,9,11,2,12,3,1,2,0,0,A Taylor,1.3,5.75,12.0,,,,,,
20180310-everton-brighton-hove-albion,ENG Premier League,2017-2018,2018-03-10 00:00:00,2018-03-10 00:00:00,Everton,Brighton & Hove Albion,2,0,H,0,0,D,13,10,3,4,10,3,0,1,0,1,R East,2.2,3.2,3.89,,,,,,
20180310-huddersfield-swansea,ENG Premier League,2017-2018,2018-03-10 00:00:00,2018-03-10 00:00:00,Huddersfield,Swansea,0,0,D,0,0,D,30,0,4,0,12,0,2,3,0,1,M Oliver,2.54,3.1,3.2,,,,,,
20180310-manchester-united-liverpool,ENG Premier League,2017-2018,2018-03-10 00:00:00,2018-03-10 00:00:00,Manchester United,Liverpool,2,1,H,2,0,H,5,14,2,2,1,13,2,1,0,0,C Pawson,2.75,3.39,2.75,,,,,,
20180310-newcastle-united-southampton,ENG Premier League,2017-2018,2018-03-10 00:00:00,2018-03-10 00:00:00,Newcastle United,Southampton,3,0,H,2,0,H,7,6,5,2,2,6,0,2,0,0,A Marriner,2.79,3.2,2.79,,,,,,
20180310-west-bromwich-albion-leicester-city,ENG Premier League,2017-2018,2018-03-10 00:00:00,2018-03-10 00:00:00,West Bromwich Albion,Leicester City,1,4,A,1,1,D,6,14,2,6,7,6,1,3,0,0,R Madley,3.0,3.25,2.6,,,,,,
20180310-west-ham-united-burnley,ENG Premier League,2017-2018,2018-03-10 00:00:00,2018-03-10 00:00:00,West Ham United,Burnley,0,3,A,0,0,D,13,7,4,4,5,1,2,2,0,0,L Mason,2.29,3.2,3.6,,,,,,
20180311-arsenal-watford,ENG Premier League,2017-2018,2018-03-11 00:00:00,2018-03-11 00:00:00,Arsenal,Watford,3,0,H,1,0,H,11,11,7,4,4,9,2,1,0,0,M Atkinson,1.44,5.0,7.5,,,,,,
20180311-bournemouth-tottenham-hotspur,ENG Premier League,2017-2018,2018-03-11 00:00:00,2018-03-11 00:00:00,Bournemouth,Tottenham Hotspur,1,4,A,1,1,D,14,12,3,8,4,5,1,1,0,0,M Dean,6.5,4.5,1.55,,,,,,
20180312-stoke-manchester-city,ENG Premier League,2017-2018,2018-03-12 00:00:00,2018-03-12 00:00:00,Stoke,Manchester City,0,2,A,0,1,A,3,17,0,6,3,10,1,0,0,0,J Moss,15.0,6.5,1.25,,,,,,
20180317-bournemouth-west-bromwich-albion,ENG Premier League,2017-2018,2018-03-17 00:00:00,2018-03-17 00:00:00,Bournemouth,West Bromwich Albion,2,1,H,0,0,D,17,11,5,6,3,2,1,2,0,0,G Scott,1.83,3.6,5.0,,,,,,
20180317-huddersfield-crystal-palace,ENG Premier League,2017-2018,2018-03-17 00:00:00,2018-03-17 00:00:00,Huddersfield,Crystal Palace,0,2,A,0,1,A,6,17,2,6,4,7,3,2,0,0,M Dean,3.0,3.1,2.7,,,,,,
20180317-liverpool-watford,ENG Premier League,2017-2018,2018-03-17 00:00:00,2018-03-17 00:00:00,Liverpool,Watford,5,0,H,2,0,H,13,4,10,1,6,1,1,0,0,0,A Taylor,1.19,8.0,15.0,,,,,,
20180317-stoke-everton,ENG Premier League,2017-2018,2018-03-17 00:00:00,2018-03-17 00:00:00,Stoke,Everton,1,2,A,0,0,D,9,17,4,9,1,9,1,1,1,0,M Atkinson,2.5,3.29,3.1,,,,,,
20180331-brighton-hove-albion-leicester-city,ENG Premier League,2017-2018,2018-03-31 00:00:00,2018-03-31 00:00:00,Brighton & Hove Albion,Leicester City,0,2,A,0,0,D,15,6,3,4,6,1,2,4,0,1,C Kavanagh,2.7,3.2,2.62,,,,,,
20180331-crystal-palace-liverpool,ENG Premier League,2017-2018,2018-03-31 00:00:00,2018-03-31 00:00:00,Crystal Palace,Liverpool,1,2,A,1,0,H,6,16,3,6,4,6,2,2,0,0,N Swarbrick,7.0,4.33,1.44,,,,,,
20180331-everton-manchester-city,ENG Premier League,2017-2018,2018-03-31 00:00:00,2018-03-31 00:00:00,Everton,Manchester City,1,3,A,0,3,A,6,18,2,4,2,11,0,0,0,0,P Tierney,9.0,5.0,1.33,,,,,,
20180331-manchester-united-swansea,ENG Premier League,2017-2018,2018-03-31 00:00:00,2018-03-31 00:00:00,Manchester United,Swansea,2,0,H,2,0,H,11,3,5,2,3,3,0,0,0,0,R Madley,1.25,6.0,10.0,,,,,,
20180331-newcastle-united-huddersfield,ENG Premier League,2017-2018,2018-03-31 00:00:00,2018-03-31 00:00:00,Newcastle United,Huddersfield,1,0,H,0,0,D,18,4,3,0,3,3,1,4,0,0,M Atkinson,1.75,3.39,5.0,,,,,,
20180331-watford-bournemouth,ENG Premier League,2017-2018,2018-03-31 00:00:00,2018-03-31 00:00:00,Watford,Bournemouth,2,2,D,1,1,D,16,13,5,6,7,4,4,0,0,0,A Marriner,2.29,3.29,3.1,,,,,,
20180331-west-bromwich-albion-burnley,ENG Premier League,2017-2018,2018-03-31 00:00:00,2018-03-31 00:00:00,West Bromwich Albion,Burnley,1,2,A,0,1,A,8,11,3,4,1,6,1,3,0,0,L Probert,2.5,3.0,3.1,,,,,,
20180331-west-ham-united-southampton,ENG Premier League,2017-2018,2018-03-31 00:00:00,2018-03-31 00:00:00,West Ham United,Southampton,3,0,H,3,0,H,13,9,5,0,5,9,0,3,0,0,J Moss,2.7,3.25,2.6,,,,,,
20180401-arsenal-stoke,ENG Premier League,2017-2018,2018-04-01 00:00:00,2018-04-01 00:00:00,Arsenal,Stoke,3,0,H,0,0,D,24,8,11,2,6,5,1,2,0,0,C Pawson,1.28,5.5,10.0,,,,,,
20180401-chelsea-tottenham-hotspur,ENG Premier League,2017-2018,2018-04-01 00:00:00,2018-04-01 00:00:00,Chelsea,Tottenham Hotspur,1,3,A,1,1,D,14,12,4,7,5,5,0,1,0,0,A Marriner,2.29,3.29,3.1,,,,,,
20180407-bournemouth-crystal-palace,ENG Premier League,2017-2018,2018-04-07 00:00:00,2018-04-07 00:00:00,Bournemouth,Crystal Palace,2,2,D,0,0,D,20,13,5,6,11,3,2,2,0,0,J Moss,2.5,3.39,3.0,,,,,,
20180407-brighton-hove-albion-huddersfield,ENG Premier League,2017-2018,2018-04-07 00:00:00,2018-04-07 00:00:00,Brighton & Hove Albion,Huddersfield,1,1,D,1,1,D,13,14,4,5,5,3,1,0,1,0,A Taylor,1.85,3.5,5.0,,,,,,
20180407-everton-liverpool,ENG Premier League,2017-2018,2018-04-07 00:00:00,2018-04-07 00:00:00,Everton,Liverpool,0,0,D,0,0,D,6,10,1,3,3,2,0,0,0,0,M Oliver,4.2,3.75,1.9,,,,,,
20180407-leicester-city-newcastle-united,ENG Premier League,2017-2018,2018-04-07 00:00:00,2018-04-07 00:00:00,Leicester City,Newcastle United,1,2,A,0,1,A,8,8,1,4,7,5,1,3,0,0,S Attwell,1.95,3.6,4.2,,,,,,
20180407-manchester-city-manchester-united,ENG Premier League,2017-2018,2018-04-07 00:00:00,2018-04-07 00:00:00,Manchester City,Manchester United,2,3,A,2,0,H,20,5,6,4,8,4,6,3,0,0,M Atkinson,1.89,3.79,4.2,,,,,,
20180407-stoke-tottenham-hotspur,ENG Premier League,2017-2018,2018-04-07 00:00:00,2018-04-07 00:00:00,Stoke,Tottenham Hotspur,1,2,A,0,0,D,10,15,4,4,6,3,4,3,0,0,G Scott,11.0,5.5,1.33,,,,,,
20180407-watford-burnley,ENG Premier League,2017-2018,2018-04-07 00:00:00,2018-04-07 00:00:00,Watford,Burnley,1,2,A,0,0,D,14,7,5,4,11,1,2,2,0,0,P Tierney,2.39,3.2,3.39,,,,,,
20180407-west-bromwich-albion-swansea,ENG Premier League,2017-2018,2018-04-07 00:00:00,2018-04-07 00:00:00,West Bromwich Albion,Swansea,1,1,D,0,0,D,15,7,3,1,5,1,3,2,0,0,R East,2.37,3.2,3.39,,,,,,
20180408-arsenal-southampton,ENG Premier League,2017-2018,2018-04-08 00:00:00,2018-04-08 00:00:00,Arsenal,Southampton,3,2,H,2,1,H,13,15,7,8,8,6,2,1,1,1,A Marriner,1.57,4.5,6.0,,,,,,
20180408-chelsea-west-ham-united,ENG Premier League,2017-2018,2018-04-08 00:00:00,2018-04-08 00:00:00,Chelsea,West Ham United,1,1,D,1,0,H,23,5,6,2,10,6,0,1,0,0,K Friend,1.28,6.0,12.0,,,,,,
20180414-burnley-leicester-city,ENG Premier League,2017-2018,2018-04-14 00:00:00,2018-04-14 00:00:00,Burnley,Leicester City,2,1,H,2,0,H,8,15,3,6,4,8,2,1,0,0,M Atkinson,2.62,3.2,3.0,,,,,,
20180414-crystal-palace-brighton-hove-albion,ENG Premier League,2017-2018,2018-04-14 00:00:00,2018-04-14 00:00:00,Crystal Palace,Brighton & Hove Albion,3,2,H,3,2,H,15,12,8,3,5,6,3,2,0,0,A Marriner,1.9,3.5,4.75,,,,,,
20180414-huddersfield-watford,ENG Premier League,2017-2018,2018-04-14 00:00:00,2018-04-14 00:00:00,Huddersfield,Watford,1,0,H,0,0,D,9,4,1,2,9,6,2,2,0,0,C Pawson,2.62,3.25,3.0,,,,,,
20180414-liverpool-bournemouth,ENG Premier League,2017-2018,2018-04-14 00:00:00,2018-04-14 00:00:00,Liverpool,Bournemouth,3,0,H,1,0,H,20,6,7,1,7,5,1,1,0,0,C Kavanagh,1.25,7.0,12.0,,,,,,
20180414-southampton-chelsea,ENG Premier League,2017-2018,2018-04-14 00:00:00,2018-04-14 00:00:00,Southampton,Chelsea,2,3,A,1,0,H,10,17,7,5,4,7,5,3,0,0,M Dean,4.5,3.75,1.85,,,,,,
20180414-swansea-everton,ENG Premier League,2017-2018,2018-04-14 00:00:00,2018-04-14 00:00:00,Swansea,Everton,1,1,D,0,1,A,17,12,7,3,6,3,1,1,0,0,L Mason,2.54,3.25,3.1,,,,,,
20180414-tottenham-hotspur-manchester-city,ENG Premier League,2017-2018,2018-04-14 00:00:00,2018-04-14 00:00:00,Tottenham Hotspur,Manchester City,1,3,A,1,2,A,8,17,3,6,5,7,3,4,0,0,J Moss,2.62,3.6,2.7,,,,,,
20180415-manchester-united-west-bromwich-albion,ENG Premier League,2017-2018,2018-04-15 00:00:00,2018-04-15 00:00:00,Manchester United,West Bromwich Albion,0,1,A,0,0,D,14,10,4,4,4,4,1,1,0,0,P Tierney,1.18,8.0,19.0,,,,,,
20180415-newcastle-united-arsenal,ENG Premier League,2017-2018,2018-04-15 00:00:00,2018-04-15 00:00:00,Newcastle United,Arsenal,2,1,H,1,1,D,8,15,4,3,2,5,1,0,0,0,A Taylor,3.29,3.6,2.25,,,,,,
20180416-west-ham-united-stoke,ENG Premier League,2017-2018,2018-04-16 00:00:00,2018-04-16 00:00:00,West Ham United,Stoke,1,1,D,0,0,D,18,11,6,7,10,1,2,3,0,0,M Oliver,2.0,3.6,4.0,,,,,,
20180417-brighton-hove-albion-tottenham-hotspur,ENG Premier League,2017-2018,2018-04-17 00:00:00,2018-04-17 00:00:00,Brighton & Hove Albion,Tottenham Hotspur,1,1,D,0,0,D,8,16,5,6,3,4,1,0,0,0,K Friend,6.5,4.33,1.55,,,,,,
20180418-bournemouth-manchester-united,ENG Premier League,2017-2018,2018-04-18 00:00:00,2018-04-18 00:00:00,Bournemouth,Manchester United,0,2,A,0,1,A,13,13,2,4,8,5,3,1,0,0,G Scott,5.0,3.89,1.75,,,,,,
20180419-burnley-chelsea,ENG Premier League,2017-2018,2018-04-19 00:00:00,2018-04-19 00:00:00,Burnley,Chelsea,1,2,A,0,1,A,5,16,2,5,3,2,1,0,0,0,R Madley,4.0,3.39,1.9,,,,,,
20180419-leicester-city-southampton,ENG Premier League,2017-2018,2018-04-19 00:00:00,2018-04-19 00:00:00,Leicester City,Southampton,0,0,D,0,0,D,11,6,3,2,11,3,0,0,0,0,R East,2.25,3.29,3.2,,,,,,
20180421-watford-crystal-palace,ENG Premier League,2017-2018,2018-04-21 00:00:00,2018-04-21 00:00:00,Watford,Crystal Palace,0,0,D,0,0,D,14,6,4,1,4,3,3,5,0,0,C Kavanagh,2.89,3.39,2.54,,,,,,
20180421-west-bromwich-albion-liverpool,ENG Premier League,2017-2018,2018-04-21 00:00:00,2018-04-21 00:00:00,West Bromwich Albion,Liverpool,2,2,D,0,1,A,13,9,6,3,7,4,0,1,0,0,S Attwell,7.5,4.5,1.5,,,,,,
20180422-arsenal-west-ham-united,ENG Premier League,2017-2018,2018-04-22 00:00:00,2018-04-22 00:00:00,Arsenal,West Ham United,4,1,H,0,0,D,20,11,8,4,8,6,3,2,0,0,L Mason,1.55,4.59,6.0,,,,,,
20180422-manchester-city-swansea,ENG Premier League,2017-2018,2018-04-22 00:00:00,2018-04-22 00:00:00,Manchester City,Swansea,5,0,H,2,0,H,19,4,12,1,5,1,0,1,0,0,C Pawson,1.14,9.0,23.0,,,,,,
20180422-stoke-burnley,ENG Premier League,2017-2018,2018-04-22 00:00:00,2018-04-22 00:00:00,Stoke,Burnley,1,1,D,1,0,H,8,16,3,7,3,8,2,1,0,0,M Dean,2.29,3.29,3.5,,,,,,
20180423-everton-newcastle-united,ENG Premier League,2017-2018,2018-04-23 00:00:00,2018-04-23 00:00:00,Everton,Newcastle United,1,0,H,0,0,D,9,9,1,2,4,6,2,1,0,0,R Madley,2.29,3.39,3.39,,,,,,
20180428-burnley-brighton-hove-albion,ENG Premier League,2017-2018,2018-04-28 00:00:00,2018-04-28 00:00:00,Burnley,Brighton & Hove Albion,0,0,D,0,0,D,10,9,4,1,3,4,0,2,0,0,R East,2.25,3.2,3.7,,,,,,
20180428-crystal-palace-leicester-city,ENG Premier League,2017-2018,2018-04-28 00:00:00,2018-04-28 00:00:00,Crystal Palace,Leicester City,5,0,H,2,0,H,15,6,9,1,8,2,1,1,0,1,M Dean,2.04,3.6,3.79,,,,,,
20180428-huddersfield-everton,ENG Premier League,2017-2018,2018-04-28 00:00:00,2018-04-28 00:00:00,Huddersfield,Everton,0,2,A,0,1,A,9,7,2,5,4,3,1,0,0,0,L Probert,2.62,3.1,3.1,,,,,,
20180428-liverpool-stoke,ENG Premier League,2017-2018,2018-04-28 00:00:00,2018-04-28 00:00:00,Liverpool,Stoke,0,0,D,0,0,D,20,5,2,1,9,2,1,2,0,0,A Marriner,1.33,5.75,10.0,,,,,,
20180428-newcastle-united-west-bromwich-albion,ENG Premier League,2017-2018,2018-04-28 00:00:00,2018-04-28 00:00:00,Newcastle United,West Bromwich Albion,0,1,A,0,1,A,17,9,2,2,5,1,1,3,0,0,D Coote,1.85,3.6,4.75,,,,,,
20180428-southampton-bournemouth,ENG Premier League,2017-2018,2018-04-28 00:00:00,2018-04-28 00:00:00,Southampton,Bournemouth,2,1,H,1,1,D,14,14,6,7,5,8,5,1,0,0,A Taylor,1.72,4.0,5.0,,,,,,
20180428-swansea-chelsea,ENG Premier League,2017-2018,2018-04-28 00:00:00,2018-04-28 00:00:00,Swansea,Chelsea,0,1,A,0,1,A,10,11,3,3,1,2,1,1,0,0,J Moss,7.0,4.33,1.53,,,,,,
20180429-manchester-united-arsenal,ENG Premier League,2017-2018,2018-04-29 00:00:00,2018-04-29 00:00:00,Manchester United,Arsenal,2,1,H,1,0,H,17,8,3,3,9,0,0,1,0,0,K Friend,1.44,4.75,8.0,,,,,,
20180429-west-ham-united-manchester-city,ENG Premier League,2017-2018,2018-04-29 00:00:00,2018-04-29 00:00:00,West Ham United,Manchester City,1,4,A,1,2,A,4,19,1,7,0,7,0,1,0,0,N Swarbrick,10.0,5.75,1.33,,,,,,
20180430-tottenham-hotspur-watford,ENG Premier League,2017-2018,2018-04-30 00:00:00,2018-04-30 00:00:00,Tottenham Hotspur,Watford,2,0,H,1,0,H,13,13,3,5,4,0,1,0,0,0,M Oliver,1.16,8.5,21.0,,,,,,
20180504-brighton-hove-albion-manchester-united,ENG Premier League,2017-2018,2018-05-04 00:00:00,2018-05-04 00:00:00,Brighton & Hove Albion,Manchester United,1,0,H,0,0,D,11,16,4,3,5,6,2,0,0,0,C Pawson,4.75,3.6,1.85,,,,,,
20180505-bournemouth-swansea,ENG Premier League,2017-2018,2018-05-05 00:00:00,2018-05-05 00:00:00,Bournemouth,Swansea,1,0,H,1,0,H,13,12,5,3,11,6,1,4,0,0,K Friend,2.1,3.6,3.7,,,,,,
20180505-everton-southampton,ENG Premier League,2017-2018,2018-05-05 00:00:00,2018-05-05 00:00:00,Everton,Southampton,1,1,D,0,0,D,9,11,3,5,3,4,2,4,0,1,J Moss,2.89,3.29,2.62,,,,,,
20180505-leicester-city-west-ham-united,ENG Premier League,2017-2018,2018-05-05 00:00:00,2018-05-05 00:00:00,Leicester City,West Ham United,0,2,A,0,1,A,13,13,2,3,8,3,1,2,0,0,C Kavanagh,2.25,3.5,3.39,,,,,,
20180505-stoke-crystal-palace,ENG Premier League,2017-2018,2018-05-05 00:00:00,2018-05-05 00:00:00,Stoke,Crystal Palace,1,2,A,1,0,H,7,13,2,2,1,7,5,2,0,0,M Atkinson,2.7,3.39,2.79,,,,,,
20180505-watford-newcastle-united,ENG Premier League,2017-2018,2018-05-05 00:00:00,2018-05-05 00:00:00,Watford,Newcastle United,2,1,H,2,0,H,11,9,8,1,2,5,2,1,0,0,R East,2.37,3.39,3.2,,,,,,
20180505-west-bromwich-albion-tottenham-hotspur,ENG Premier League,2017-2018,2018-05-05 00:00:00,2018-05-05 00:00:00,West Bromwich Albion,Tottenham Hotspur,1,0,H,0,0,D,9,18,1,5,5,9,4,1,0,0,M Jones,8.0,4.75,1.44,,,,,,
20180506-arsenal-burnley,ENG Premier League,2017-2018,2018-05-06 00:00:00,2018-05-06 00:00:00,Arsenal,Burnley,5,0,H,2,0,H,16,6,8,2,4,5,0,1,0,0,A Marriner,1.57,4.2,6.5,,,,,,
20180506-chelsea-liverpool,ENG Premier League,2017-2018,2018-05-06 00:00:00,2018-05-06 00:00:00,Chelsea,Liverpool,1,0,H,1,0,H,12,10,4,5,3,1,3,2,0,0,A Taylor,2.25,3.6,3.29,,,,,,
20180506-manchester-city-huddersfield,ENG Premier League,2017-2018,2018-05-06 00:00:00,2018-05-06 00:00:00,Manchester City,Huddersfield,0,0,D,0,0,D,15,5,2,3,10,1,0,3,0,0,M Dean,1.08,13.0,34.0,,,,,,
20180508-swansea-southampton,ENG Premier League,2017-2018,2018-05-08 00:00:00,2018-05-08 00:00:00,Swansea,Southampton,0,1,A,0,0,D,11,13,3,8,7,6,2,1,0,0,M Oliver,3.1,3.25,2.54,,,,,,
20180509-chelsea-huddersfield,ENG Premier League,2017-2018,2018-05-09 00:00:00,2018-05-09 00:00:00,Chelsea,Huddersfield,1,1,D,0,0,D,22,3,5,2,9,0,0,1,0,0,L Mason,1.16,8.5,19.0,,,,,,
20180509-leicester-city-arsenal,ENG Premier League,2017-2018,2018-05-09 00:00:00,2018-05-09 00:00:00,Leicester City,Arsenal,3,1,H,1,0,H,19,14,10,7,6,6,2,2,0,1,G Scott,3.75,3.79,2.0,,,,,,
20180509-manchester-city-brighton-hove-albion,ENG Premier League,2017-2018,2018-05-09 00:00:00,2018-05-09 00:00:00,Manchester City,Brighton & Hove Albion,3,1,H,2,1,H,19,6,7,3,4,3,0,1,0,0,P Tierney,1.12,10.0,27.0,,,,,,
20180509-tottenham-hotspur-newcastle-united,ENG Premier League,2017-2018,2018-05-09 00:00:00,2018-05-09 00:00:00,Tottenham Hotspur,Newcastle United,1,0,H,0,0,D,11,14,7,3,6,4,2,3,0,0,N Swarbrick,1.18,8.5,17.0,,,,,,
20180510-west-ham-united-manchester-united,ENG Premier League,2017-2018,2018-05-10 00:00:00,2018-05-10 00:00:00,West Ham United,Manchester United,0,0,D,0,0,D,9,16,2,6,1,6,1,1,0,0,J Moss,4.75,3.79,1.8,,,,,,
20180513-burnley-bournemouth,ENG Premier League,2017-2018,2018-05-13 00:00:00,2018-05-13 00:00:00,Burnley,Bournemouth,1,2,A,1,0,H,12,16,4,5,7,8,0,0,0,0,P Tierney,2.14,3.5,3.6,,,,,,
20180513-crystal-palace-west-bromwich-albion,ENG Premier League,2017-2018,2018-05-13 00:00:00,2018-05-13 00:00:00,Crystal Palace,West Bromwich Albion,2,0,H,0,0,D,11,7,5,1,4,2,2,3,0,0,J Moss,1.8,3.79,4.75,,,,,,
20180513-huddersfield-arsenal,ENG Premier League,2017-2018,2018-05-13 00:00:00,2018-05-13 00:00:00,Huddersfield,Arsenal,0,1,A,0,1,A,18,9,3,4,7,4,1,0,0,0,M Oliver,6.0,4.33,1.6,,,,,,
20180513-liverpool-brighton-hove-albion,ENG Premier League,2017-2018,2018-05-13 00:00:00,2018-05-13 00:00:00,Liverpool,Brighton & Hove Albion,4,0,H,2,0,H,22,2,11,1,7,3,0,0,0,0,K Friend,1.19,8.0,15.0,,,,,,
20180513-manchester-united-watford,ENG Premier League,2017-2018,2018-05-13 00:00:00,2018-05-13 00:00:00,Manchester United,Watford,1,0,H,1,0,H,7,7,1,3,6,5,4,0,0,0,L Mason,1.39,5.25,8.5,,,,,,
20180513-newcastle-united-chelsea,ENG Premier League,2017-2018,2018-05-13 00:00:00,2018-05-13 00:00:00,Newcastle United,Chelsea,3,0,H,1,0,H,16,6,6,2,4,2,0,1,0,0,M Atkinson,6.5,4.2,1.6,,,,,,
20180513-southampton-manchester-city,ENG Premier League,2017-2018,2018-05-13 00:00:00,2018-05-13 00:00:00,Southampton,Manchester City,0,1,A,0,0,D,8,13,3,2,1,12,3,1,0,0,A Marriner,9.0,5.0,1.39,,,,,,
20180513-swansea-stoke,ENG Premier League,2017-2018,2018-05-13 00:00:00,2018-05-13 00:00:00,Swansea,Stoke,1,2,A,1,2,A,26,8,11,5,6,0,1,2,0,0,A Taylor,1.9,3.79,4.2,,,,,,
20180513-tottenham-hotspur-leicester-city,ENG Premier League,2017-2018,2018-05-13 00:00:00,2018-05-13 00:00:00,Tottenham Hotspur,Leicester City,5,4,H,1,2,A,14,16,6,9,4,4,1,2,0,0,C Pawson,1.33,6.0,9.0,,,,,,
20180513-west-ham-united-everton,ENG Premier League,2017-2018,2018-05-13 00:00:00,2018-05-13 00:00:00,West Ham United,Everton,3,1,H,1,0,H,15,14,4,7,6,6,0,1,0,0,G Scott,2.45,3.5,3.0,,,,,,
20180810-manchester-united-leicester-city,ENG Premier League,2018-2019,2018-08-10 00:00:00,2018-08-10 00:00:00,Manchester United,Leicester City,2,1,H,1,0,H,8,13,6,4,2,5,2,1,0,0,A Marriner,1.57,3.9,7.5,,,,,,
20180811-bournemouth-cardiff,ENG Premier League,2018-2019,2018-08-11 00:00:00,2018-08-11 00:00:00,Bournemouth,Cardiff,2,0,H,1,0,H,12,10,4,1,7,4,1,1,0,0,K Friend,1.9,3.6,4.5,,,,,,
20180811-fulham-crystal-palace,ENG Premier League,2018-2019,2018-08-11 00:00:00,2018-08-11 00:00:00,Fulham,Crystal Palace,0,2,A,0,1,A,15,10,6,9,5,5,1,2,0,0,M Dean,2.5,3.4,3.0,,,,,,
20180811-huddersfield-chelsea,ENG Premier League,2018-2019,2018-08-11 00:00:00,2018-08-11 00:00:00,Huddersfield,Chelsea,0,3,A,0,2,A,6,13,1,4,2,5,2,1,0,0,C Kavanagh,6.5,4.0,1.61,,,,,,
20180811-newcastle-united-tottenham-hotspur,ENG Premier League,2018-2019,2018-08-11 00:00:00,2018-08-11 00:00:00,Newcastle United,Tottenham Hotspur,1,2,A,1,2,A,15,15,2,5,3,5,2,2,0,0,M Atkinson,3.9,3.5,2.04,,,,,,
20180811-watford-brighton-hove-albion,ENG Premier League,2018-2019,2018-08-11 00:00:00,2018-08-11 00:00:00,Watford,Brighton & Hove Albion,2,0,H,1,0,H,19,6,5,0,8,2,2,2,0,0,J Moss,2.37,3.2,3.4,,,,,,
20180811-wolverhampton-wanderers-everton,ENG Premier League,2018-2019,2018-08-11 00:00:00,2018-08-11 00:00:00,Wolverhampton Wanderers,Everton,2,2,D,1,1,D,11,6,4,5,3,6,0,1,0,1,C Pawson,2.37,3.3,3.3,,,,,,
20180812-arsenal-manchester-city,ENG Premier League,2018-2019,2018-08-12 00:00:00,2018-08-12 00:00:00,Arsenal,Manchester City,0,2,A,0,1,A,9,17,3,8,2,9,2,2,0,0,M Oliver,4.0,3.8,1.95,,,,,,
20180812-liverpool-west-ham-united,ENG Premier League,2018-2019,2018-08-12 00:00:00,2018-08-12 00:00:00,Liverpool,West Ham United,4,0,H,2,0,H,18,5,8,2,5,4,1,2,0,0,A Taylor,1.25,6.5,14.0,,,,,,
20180812-southampton-burnley,ENG Premier League,2018-2019,2018-08-12 00:00:00,2018-08-12 00:00:00,Southampton,Burnley,0,0,D,0,0,D,18,16,3,6,8,5,0,1,0,0,G Scott,1.85,3.5,5.0,,,,,,
20180818-cardiff-newcastle-united,ENG Premier League,2018-2019,2018-08-18 00:00:00,2018-08-18 00:00:00,Cardiff,Newcastle United,0,0,D,0,0,D,12,12,1,6,5,5,2,2,0,1,C Pawson,3.25,3.1,2.54,,,,,,
20180818-chelsea-arsenal,ENG Premier League,2018-2019,2018-08-18 00:00:00,2018-08-18 00:00:00,Chelsea,Arsenal,3,2,H,2,2,D,24,15,11,6,5,1,0,2,0,0,M Atkinson,1.8,4.0,4.5,,,,,,
20180818-everton-southampton,ENG Premier League,2018-2019,2018-08-18 00:00:00,2018-08-18 00:00:00,Everton,Southampton,2,1,H,2,0,H,13,15,7,4,2,5,0,5,0,0,L Mason,1.9,3.5,4.75,,,,,,
20180818-leicester-city-wolverhampton-wanderers,ENG Premier League,2018-2019,2018-08-18 00:00:00,2018-08-18 00:00:00,Leicester City,Wolverhampton Wanderers,2,0,H,2,0,H,6,11,2,3,1,9,2,1,1,0,M Dean,2.04,3.5,3.9,,,,,,
20180818-tottenham-hotspur-fulham,ENG Premier League,2018-2019,2018-08-18 00:00:00,2018-08-18 00:00:00,Tottenham Hotspur,Fulham,3,1,H,1,0,H,25,10,11,3,5,2,0,0,0,0,A Taylor,1.28,6.0,12.0,,,,,,
20180818-west-ham-united-bournemouth,ENG Premier League,2018-2019,2018-08-18 00:00:00,2018-08-18 00:00:00,West Ham United,Bournemouth,1,2,A,1,0,H,11,12,5,5,6,4,6,2,0,0,S Attwell,2.1,3.6,3.7,,,,,,
20180819-brighton-hove-albion-manchester-united,ENG Premier League,2018-2019,2018-08-19 00:00:00,2018-08-19 00:00:00,Brighton & Hove Albion,Manchester United,3,2,H,3,1,H,6,9,3,3,3,5,1,1,0,0,K Friend,5.5,3.6,1.75,,,,,,
20180819-burnley-watford,ENG Premier League,2018-2019,2018-08-19 00:00:00,2018-08-19 00:00:00,Burnley,Watford,1,3,A,1,1,D,8,9,3,6,5,2,1,2,0,0,P Tierney,2.45,3.1,3.4,,,,,,
20180819-manchester-city-huddersfield,ENG Premier League,2018-2019,2018-08-19 00:00:00,2018-08-19 00:00:00,Manchester City,Huddersfield,6,1,H,3,1,H,32,5,14,1,10,3,0,2,0,0,A Marriner,1.1,13.0,26.0,,,,,,
20180820-crystal-palace-liverpool,ENG Premier League,2018-2019,2018-08-20 00:00:00,2018-08-20 00:00:00,Crystal Palace,Liverpool,0,2,A,0,1,A,8,16,2,6,6,7,1,1,1,0,M Oliver,7.0,5.0,1.44,,,,,,
20180825-arsenal-west-ham-united,ENG Premier League,2018-2019,2018-08-25 00:00:00,2018-08-25 00:00:00,Arsenal,West Ham United,3,1,H,1,1,D,17,13,10,5,10,2,1,3,0,0,G Scott,1.36,5.5,9.0,,,,,,
20180825-bournemouth-everton,ENG Premier League,2018-2019,2018-08-25 00:00:00,2018-08-25 00:00:00,Bournemouth,Everton,2,2,D,0,0,D,17,11,5,3,6,2,0,3,1,1,L Probert,2.62,3.6,2.75,,,,,,
20180825-huddersfield-cardiff,ENG Premier League,2018-2019,2018-08-25 00:00:00,2018-08-25 00:00:00,Huddersfield,Cardiff,0,0,D,0,0,D,5,14,1,4,7,7,0,1,1,0,M Oliver,2.37,3.0,3.7,,,,,,
20180825-liverpool-brighton-hove-albion,ENG Premier League,2018-2019,2018-08-25 00:00:00,2018-08-25 00:00:00,Liverpool,Brighton & Hove Albion,1,0,H,1,0,H,22,6,8,2,8,5,1,1,0,0,C Kavanagh,1.16,8.5,19.0,,,,,,
20180825-southampton-leicester-city,ENG Premier League,2018-2019,2018-08-25 00:00:00,2018-08-25 00:00:00,Southampton,Leicester City,1,2,A,0,0,D,11,8,5,5,10,3,1,1,1,0,J Moss,2.45,3.2,3.25,,,,,,
20180825-wolverhampton-wanderers-manchester-city,ENG Premier League,2018-2019,2018-08-25 00:00:00,2018-08-25 00:00:00,Wolverhampton Wanderers,Manchester City,1,1,D,0,0,D,11,18,2,6,5,9,1,2,0,0,M Atkinson,11.0,6.5,1.28,,,,,,
20180826-fulham-burnley,ENG Premier League,2018-2019,2018-08-26 00:00:00,2018-08-26 00:00:00,Fulham,Burnley,4,2,H,3,2,H,25,12,12,2,6,4,2,1,0,0,D Coote,2.0,3.4,4.33,,,,,,
20180826-newcastle-united-chelsea,ENG Premier League,2018-2019,2018-08-26 00:00:00,2018-08-26 00:00:00,Newcastle United,Chelsea,1,2,A,0,0,D,6,15,2,3,4,5,3,1,0,0,P Tierney,5.75,4.0,1.66,,,,,,
20180826-watford-crystal-palace,ENG Premier League,2018-2019,2018-08-26 00:00:00,2018-08-26 00:00:00,Watford,Crystal Palace,2,1,H,0,0,D,13,9,5,3,6,3,4,2,0,0,A Taylor,2.6,3.25,3.0,,,,,,
20180827-manchester-united-tottenham-hotspur,ENG Premier League,2018-2019,2018-08-27 00:00:00,2018-08-27 00:00:00,Manchester United,Tottenham Hotspur,0,3,A,0,0,D,23,9,5,5,5,2,2,4,0,0,C Pawson,2.62,3.3,2.9,,,,,,
20180901-brighton-hove-albion-fulham,ENG Premier League,2018-2019,2018-09-01 00:00:00,2018-09-01 00:00:00,Brighton & Hove Albion,Fulham,2,2,D,0,1,A,15,10,5,5,7,1,3,3,0,0,L Probert,2.3,3.4,3.4,,,,,,
20180901-chelsea-bournemouth,ENG Premier League,2018-2019,2018-09-01 00:00:00,2018-09-01 00:00:00,Chelsea,Bournemouth,2,0,H,0,0,D,24,8,6,1,7,6,2,2,0,0,L Mason,1.3,6.0,11.0,,,,,,
20180901-crystal-palace-southampton,ENG Premier League,2018-2019,2018-09-01 00:00:00,2018-09-01 00:00:00,Crystal Palace,Southampton,0,2,A,0,0,D,20,19,6,6,7,4,1,1,0,0,M Atkinson,2.0,3.5,4.2,,,,,,
20180901-everton-huddersfield,ENG Premier League,2018-2019,2018-09-01 00:00:00,2018-09-01 00:00:00,Everton,Huddersfield,1,1,D,1,1,D,11,9,1,6,4,3,3,3,0,0,S Attwell,1.53,4.2,7.5,,,,,,
20180901-leicester-city-liverpool,ENG Premier League,2018-2019,2018-09-01 00:00:00,2018-09-01 00:00:00,Leicester City,Liverpool,1,2,A,0,2,A,12,10,5,4,4,4,3,2,0,0,P Tierney,7.5,5.0,1.44,,,,,,
20180901-manchester-city-newcastle-united,ENG Premier League,2018-2019,2018-09-01 00:00:00,2018-09-01 00:00:00,Manchester City,Newcastle United,2,1,H,1,1,D,24,3,8,2,4,0,0,0,0,0,K Friend,1.11,11.0,26.0,,,,,,
20180901-west-ham-united-wolverhampton-wanderers,ENG Premier League,2018-2019,2018-09-01 00:00:00,2018-09-01 00:00:00,West Ham United,Wolverhampton Wanderers,0,1,A,0,0,D,13,15,3,6,4,4,2,1,0,0,C Kavanagh,2.6,3.4,2.87,,,,,,
20180902-burnley-manchester-united,ENG Premier League,2018-2019,2018-09-02 00:00:00,2018-09-02 00:00:00,Burnley,Manchester United,0,2,A,0,2,A,9,21,2,9,2,5,2,3,0,1,J Moss,6.0,3.75,1.7,,,,,,
20180902-cardiff-arsenal,ENG Premier League,2018-2019,2018-09-02 00:00:00,2018-09-02 00:00:00,Cardiff,Arsenal,2,3,A,1,1,D,14,17,3,11,3,9,3,4,0,0,A Taylor,6.5,4.33,1.57,,,,,,
20180902-watford-tottenham-hotspur,ENG Premier League,2018-2019,2018-09-02 00:00:00,2018-09-02 00:00:00,Watford,Tottenham Hotspur,2,1,H,0,0,D,7,11,3,2,3,10,2,1,0,0,A Marriner,5.5,4.2,1.64,,,,,,
20180915-bournemouth-leicester-city,ENG Premier League,2018-2019,2018-09-15 00:00:00,2018-09-15 00:00:00,Bournemouth,Leicester City,4,2,H,3,0,H,10,14,5,8,4,6,3,2,0,1,C Pawson,2.45,3.5,3.0,,,,,,
20180915-chelsea-cardiff,ENG Premier League,2018-2019,2018-09-15 00:00:00,2018-09-15 00:00:00,Chelsea,Cardiff,4,1,H,2,1,H,18,6,7,2,5,4,0,0,0,0,J Moss,1.18,8.0,19.0,,,,,,
20180915-huddersfield-crystal-palace,ENG Premier League,2018-2019,2018-09-15 00:00:00,2018-09-15 00:00:00,Huddersfield,Crystal Palace,0,1,A,0,1,A,15,7,2,2,5,3,1,2,0,0,L Mason,3.3,3.1,2.5,,,,,,
20180915-manchester-city-fulham,ENG Premier League,2018-2019,2018-09-15 00:00:00,2018-09-15 00:00:00,Manchester City,Fulham,3,0,H,2,0,H,28,9,9,3,10,4,0,0,0,0,S Attwell,1.12,10.0,26.0,,,,,,
20180915-newcastle-united-arsenal,ENG Premier League,2018-2019,2018-09-15 00:00:00,2018-09-15 00:00:00,Newcastle United,Arsenal,1,2,A,0,0,D,4,12,2,2,10,4,0,0,0,0,L Probert,4.2,3.8,1.9,,,,,,
20180915-tottenham-hotspur-liverpool,ENG Premier League,2018-2019,2018-09-15 00:00:00,2018-09-15 00:00:00,Tottenham Hotspur,Liverpool,1,2,A,0,1,A,11,17,3,10,5,4,0,0,0,0,M Oliver,3.0,3.6,2.4,,,,,,
20180915-watford-manchester-united,ENG Premier League,2018-2019,2018-09-15 00:00:00,2018-09-15 00:00:00,Watford,Manchester United,1,2,A,0,2,A,14,9,5,6,6,8,2,1,0,1,M Dean,4.33,3.6,1.95,,,,,,
20180916-everton-west-ham-united,ENG Premier League,2018-2019,2018-09-16 00:00:00,2018-09-16 00:00:00,Everton,West Ham United,1,3,A,1,2,A,16,9,4,4,4,2,2,5,0,0,M Atkinson,2.0,3.75,3.9,,,,,,
20180916-wolverhampton-wanderers-burnley,ENG Premier League,2018-2019,2018-09-16 00:00:00,2018-09-16 00:00:00,Wolverhampton Wanderers,Burnley,1,0,H,0,0,D,30,7,7,2,8,2,2,4,0,0,A Marriner,1.75,3.6,5.75,,,,,,
20180917-southampton-brighton-hove-albion,ENG Premier League,2018-2019,2018-09-17 00:00:00,2018-09-17 00:00:00,Southampton,Brighton & Hove Albion,2,2,D,1,0,H,14,12,5,4,1,4,2,3,0,0,A Taylor,2.1,3.4,3.9,,,,,,
20180922-brighton-hove-albion-tottenham-hotspur,ENG Premier League,2018-2019,2018-09-22 00:00:00,2018-09-22 00:00:00,Brighton & Hove Albion,Tottenham Hotspur,1,2,A,0,1,A,8,16,4,7,5,7,2,1,0,0,C Kavanagh,5.0,4.0,1.75,,,,,,
20180922-burnley-bournemouth,ENG Premier League,2018-2019,2018-09-22 00:00:00,2018-09-22 00:00:00,Burnley,Bournemouth,4,0,H,2,0,H,12,19,5,5,3,8,2,0,0,0,A Taylor,3.0,3.4,2.5,,,,,,
20180922-cardiff-manchester-city,ENG Premier League,2018-2019,2018-09-22 00:00:00,2018-09-22 00:00:00,Cardiff,Manchester City,0,5,A,0,3,A,2,21,2,10,1,9,1,1,0,0,M Oliver,23.0,8.0,1.16,,,,,,
20180922-crystal-palace-newcastle-united,ENG Premier League,2018-2019,2018-09-22 00:00:00,2018-09-22 00:00:00,Crystal Palace,Newcastle United,0,0,D,0,0,D,16,6,4,3,9,5,1,1,0,0,A Marriner,2.14,3.4,3.75,,,,,,
20180922-fulham-watford,ENG Premier League,2018-2019,2018-09-22 00:00:00,2018-09-22 00:00:00,Fulham,Watford,1,1,D,0,1,A,15,11,3,6,8,8,2,1,0,0,M Atkinson,2.54,3.5,2.9,,,,,,
20180922-leicester-city-huddersfield,ENG Premier League,2018-2019,2018-09-22 00:00:00,2018-09-22 00:00:00,Leicester City,Huddersfield,3,1,H,1,1,D,18,9,8,2,3,1,2,1,0,0,D Coote,1.61,4.0,6.5,,,,,,
20180922-liverpool-southampton,ENG Premier League,2018-2019,2018-09-22 00:00:00,2018-09-22 00:00:00,Liverpool,Southampton,3,0,H,3,0,H,12,7,4,1,5,4,0,2,0,0,P Tierney,1.2,7.5,17.0,,,,,,
20180922-manchester-united-wolverhampton-wanderers,ENG Premier League,2018-2019,2018-09-22 00:00:00,2018-09-22 00:00:00,Manchester United,Wolverhampton Wanderers,1,1,D,1,0,H,15,11,6,8,5,4,1,1,0,0,K Friend,1.57,4.33,6.5,,,,,,
20180923-arsenal-everton,ENG Premier League,2018-2019,2018-09-23 00:00:00,2018-09-23 00:00:00,Arsenal,Everton,2,0,H,0,0,D,9,9,5,6,5,9,2,1,0,0,J Moss,1.44,5.0,7.5,,,,,,
20180923-west-ham-united-chelsea,ENG Premier League,2018-2019,2018-09-23 00:00:00,2018-09-23 00:00:00,West Ham United,Chelsea,0,0,D,0,0,D,6,17,1,6,1,8,2,1,0,0,M Dean,6.0,4.5,1.57,,,,,,
20180929-arsenal-watford,ENG Premier League,2018-2019,2018-09-29 00:00:00,2018-09-29 00:00:00,Arsenal,Watford,2,0,H,0,0,D,9,13,2,4,6,6,2,2,0,0,A Taylor,1.44,5.1,7.0,,,,,,
20180929-chelsea-liverpool,ENG Premier League,2018-2019,2018-09-29 00:00:00,2018-09-29 00:00:00,Chelsea,Liverpool,1,1,D,1,0,H,10,13,4,6,4,4,0,2,0,0,A Marriner,2.8,3.6,2.54,,,,,,
20180929-everton-fulham,ENG Premier League,2018-2019,2018-09-29 00:00:00,2018-09-29 00:00:00,Everton,Fulham,3,0,H,0,0,D,19,6,6,0,12,1,0,3,0,0,R East,1.75,4.2,4.75,,,,,,
20180929-huddersfield-tottenham-hotspur,ENG Premier League,2018-2019,2018-09-29 00:00:00,2018-09-29 00:00:00,Huddersfield,Tottenham Hotspur,0,2,A,0,2,A,9,10,5,6,3,0,2,2,0,0,C Pawson,8.5,4.5,1.44,,,,,,
20180929-manchester-city-brighton-hove-albion,ENG Premier League,2018-2019,2018-09-29 00:00:00,2018-09-29 00:00:00,Manchester City,Brighton & Hove Albion,2,0,H,1,0,H,28,4,8,1,10,3,0,3,0,0,L Mason,1.1,12.0,34.0,,,,,,
20180929-newcastle-united-leicester-city,ENG Premier League,2018-2019,2018-09-29 00:00:00,2018-09-29 00:00:00,Newcastle United,Leicester City,0,2,A,0,1,A,6,12,1,5,5,9,0,0,0,0,S Hooper,2.6,3.3,3.0,,,,,,
20180929-west-ham-united-manchester-united,ENG Premier League,2018-2019,2018-09-29 00:00:00,2018-09-29 00:00:00,West Ham United,Manchester United,3,1,H,2,0,H,8,9,3,4,4,9,0,1,0,0,M Oliver,4.5,3.8,1.85,,,,,,
20180929-wolverhampton-wanderers-southampton,ENG Premier League,2018-2019,2018-09-29 00:00:00,2018-09-29 00:00:00,Wolverhampton Wanderers,Southampton,2,0,H,0,0,D,14,17,6,6,8,6,3,1,0,0,S Attwell,1.8,3.6,5.25,,,,,,
20180930-cardiff-burnley,ENG Premier League,2018-2019,2018-09-30 00:00:00,2018-09-30 00:00:00,Cardiff,Burnley,1,2,A,0,0,D,19,3,5,2,10,2,1,3,0,0,M Atkinson,2.62,3.0,3.2,,,,,,
20181001-bournemouth-crystal-palace,ENG Premier League,2018-2019,2018-10-01 00:00:00,2018-10-01 00:00:00,Bournemouth,Crystal Palace,2,1,H,1,0,H,11,10,5,2,3,3,3,4,0,0,M Dean,2.25,3.5,3.4,,,,,,
20181005-brighton-hove-albion-west-ham-united,ENG Premier League,2018-2019,2018-10-05 00:00:00,2018-10-05 00:00:00,Brighton & Hove Albion,West Ham United,1,0,H,1,0,H,9,17,4,4,2,9,3,2,0,0,K Friend,2.7,3.3,2.87,,,,,,
20181006-burnley-huddersfield,ENG Premier League,2018-2019,2018-10-06 00:00:00,2018-10-06 00:00:00,Burnley,Huddersfield,1,1,D,1,0,H,6,19,3,2,1,10,2,2,0,0,C Kavanagh,2.14,3.1,4.2,,,,,,
20181006-crystal-palace-wolverhampton-wanderers,ENG Premier League,2018-2019,2018-10-06 00:00:00,2018-10-06 00:00:00,Crystal Palace,Wolverhampton Wanderers,0,1,A,0,0,D,11,7,4,2,6,3,3,4,0,0,M Oliver,3.0,3.2,2.62,,,,,,
20181006-leicester-city-everton,ENG Premier League,2018-2019,2018-10-06 00:00:00,2018-10-06 00:00:00,Leicester City,Everton,1,2,A,1,1,D,8,17,2,8,2,10,2,1,1,0,A Marriner,2.2,3.4,3.6,,,,,,
20181006-manchester-united-newcastle-united,ENG Premier League,2018-2019,2018-10-06 00:00:00,2018-10-06 00:00:00,Manchester United,Newcastle United,3,2,H,0,2,A,18,13,10,8,10,6,2,2,0,0,A Taylor,1.44,4.5,9.0,,,,,,
20181006-tottenham-hotspur-cardiff,ENG Premier League,2018-2019,2018-10-06 00:00:00,2018-10-06 00:00:00,Tottenham Hotspur,Cardiff,1,0,H,1,0,H,19,8,7,6,6,2,2,1,0,1,M Dean,1.22,7.0,15.0,,,,,,
20181006-watford-bournemouth,ENG Premier League,2018-2019,2018-10-06 00:00:00,2018-10-06 00:00:00,Watford,Bournemouth,0,4,A,0,3,A,14,10,2,7,10,7,3,1,1,0,J Moss,2.14,3.6,3.5,,,,,,
20181007-fulham-arsenal,ENG Premier League,2018-2019,2018-10-07 00:00:00,2018-10-07 00:00:00,Fulham,Arsenal,1,5,A,1,1,D,21,9,4,7,4,2,2,0,0,0,P Tierney,5.25,4.33,1.66,,,,,,
20181007-liverpool-manchester-city,ENG Premier League,2018-2019,2018-10-07 00:00:00,2018-10-07 00:00:00,Liverpool,Manchester City,0,0,D,0,0,D,7,6,2,2,2,6,1,3,0,0,M Atkinson,2.54,3.6,2.8,,,,,,
20181007-southampton-chelsea,ENG Premier League,2018-2019,2018-10-07 00:00:00,2018-10-07 00:00:00,Southampton,Chelsea,0,3,A,0,1,A,15,21,6,6,4,12,6,0,0,0,C Pawson,6.0,4.1,1.61,,,,,,
20181020-bournemouth-southampton,ENG Premier League,2018-2019,2018-10-20 00:00:00,2018-10-20 00:00:00,Bournemouth,Southampton,0,0,D,0,0,D,10,8,2,4,6,4,1,2,0,0,L Probert,2.04,3.7,3.75,,,,,,
20181020-cardiff-fulham,ENG Premier League,2018-2019,2018-10-20 00:00:00,2018-10-20 00:00:00,Cardiff,Fulham,4,2,H,2,2,D,22,9,5,4,4,4,3,3,0,0,K Friend,2.5,3.5,2.95,,,,,,
20181020-chelsea-manchester-united,ENG Premier League,2018-2019,2018-10-20 00:00:00,2018-10-20 00:00:00,Chelsea,Manchester United,2,2,D,1,0,H,21,7,6,4,5,3,2,5,0,0,M Dean,1.75,3.8,5.25,,,,,,
20181020-huddersfield-liverpool,ENG Premier League,2018-2019,2018-10-20 00:00:00,2018-10-20 00:00:00,Huddersfield,Liverpool,0,1,A,0,1,A,13,11,1,2,2,4,0,2,0,0,M Oliver,11.0,5.5,1.33,,,,,,
20181020-manchester-city-burnley,ENG Premier League,2018-2019,2018-10-20 00:00:00,2018-10-20 00:00:00,Manchester City,Burnley,5,0,H,1,0,H,24,5,10,0,10,1,2,2,0,0,J Moss,1.08,13.0,34.0,,,,,,
20181020-newcastle-united-brighton-hove-albion,ENG Premier League,2018-2019,2018-10-20 00:00:00,2018-10-20 00:00:00,Newcastle United,Brighton & Hove Albion,0,1,A,0,1,A,27,8,6,2,10,2,0,2,0,0,A Marriner,2.2,3.25,3.8,,,,,,
20181020-west-ham-united-tottenham-hotspur,ENG Premier League,2018-2019,2018-10-20 00:00:00,2018-10-20 00:00:00,West Ham United,Tottenham Hotspur,0,1,A,0,1,A,13,10,4,2,10,6,3,0,0,0,M Atkinson,4.1,3.9,1.9,,,,,,
20181020-wolverhampton-wanderers-watford,ENG Premier League,2018-2019,2018-10-20 00:00:00,2018-10-20 00:00:00,Wolverhampton Wanderers,Watford,0,2,A,0,2,A,10,9,1,3,8,2,3,1,0,0,L Mason,1.75,3.75,5.25,,,,,,
20181021-everton-crystal-palace,ENG Premier League,2018-2019,2018-10-21 00:00:00,2018-10-21 00:00:00,Everton,Crystal Palace,2,0,H,0,0,D,20,7,4,3,10,5,2,1,0,0,A Taylor,1.85,3.6,4.75,,,,,,
20181022-arsenal-leicester-city,ENG Premier League,2018-2019,2018-10-22 00:00:00,2018-10-22 00:00:00,Arsenal,Leicester City,3,1,H,1,1,D,19,8,6,2,6,4,2,2,0,0,C Kavanagh,1.53,4.5,6.5,,,,,,
20181027-brighton-hove-albion-wolverhampton-wanderers,ENG Premier League,2018-2019,2018-10-27 00:00:00,2018-10-27 00:00:00,Brighton & Hove Albion,Wolverhampton Wanderers,1,0,H,0,0,D,2,25,1,7,1,10,3,0,0,0,A Taylor,3.2,3.2,2.5,,,,,,
20181027-fulham-bournemouth,ENG Premier League,2018-2019,2018-10-27 00:00:00,2018-10-27 00:00:00,Fulham,Bournemouth,0,3,A,0,1,A,11,12,1,5,5,5,2,1,1,0,A Marriner,2.9,3.75,2.4,,,,,,
20181027-leicester-city-west-ham-united,ENG Premier League,2018-2019,2018-10-27 00:00:00,2018-10-27 00:00:00,Leicester City,West Ham United,1,1,D,0,1,A,21,11,7,3,8,0,1,1,0,1,M Oliver,2.1,3.5,3.8,,,,,,
20181027-liverpool-cardiff,ENG Premier League,2018-2019,2018-10-27 00:00:00,2018-10-27 00:00:00,Liverpool,Cardiff,4,1,H,1,0,H,19,2,7,1,8,0,0,0,0,0,S Attwell,1.11,11.0,26.0,,,,,,
20181027-southampton-newcastle-united,ENG Premier League,2018-2019,2018-10-27 00:00:00,2018-10-27 00:00:00,Southampton,Newcastle United,0,0,D,0,0,D,22,6,4,0,7,2,0,1,0,0,C Kavanagh,2.1,3.4,3.9,,,,,,
20181027-watford-huddersfield,ENG Premier League,2018-2019,2018-10-27 00:00:00,2018-10-27 00:00:00,Watford,Huddersfield,3,0,H,2,0,H,12,13,6,7,3,3,1,2,0,0,M Dean,1.75,3.75,5.25,,,,,,
20181028-burnley-chelsea,ENG Premier League,2018-2019,2018-10-28 00:00:00,2018-10-28 00:00:00,Burnley,Chelsea,0,4,A,0,1,A,7,24,1,8,4,4,4,2,0,0,C Pawson,11.0,5.0,1.36,,,,,,
20181028-crystal-palace-arsenal,ENG Premier League,2018-2019,2018-10-28 00:00:00,2018-10-28 00:00:00,Crystal Palace,Arsenal,2,2,D,1,0,H,16,7,3,2,6,4,1,2,0,0,M Atkinson,4.75,4.1,1.75,,,,,,
20181028-manchester-united-everton,ENG Premier League,2018-2019,2018-10-28 00:00:00,2018-10-28 00:00:00,Manchester United,Everton,2,1,H,1,0,H,14,14,10,6,8,4,2,1,0,0,J Moss,1.72,3.9,5.25,,,,,,
20181029-tottenham-hotspur-manchester-city,ENG Premier League,2018-2019,2018-10-29 00:00:00,2018-10-29 00:00:00,Tottenham Hotspur,Manchester City,0,1,A,0,1,A,4,13,1,6,3,6,2,2,0,0,K Friend,4.75,4.1,1.75,,,,,,
20181103-arsenal-liverpool,ENG Premier League,2018-2019,2018-11-03 00:00:00,2018-11-03 00:00:00,Arsenal,Liverpool,1,1,D,0,0,D,12,13,4,4,5,8,1,1,0,0,A Marriner,3.9,3.9,1.95,,,,,,
20181103-bournemouth-manchester-united,ENG Premier League,2018-2019,2018-11-03 00:00:00,2018-11-03 00:00:00,Bournemouth,Manchester United,1,2,A,1,1,D,18,18,7,8,9,5,4,3,0,0,P Tierney,3.6,3.7,2.1,,,,,,
20181103-cardiff-leicester-city,ENG Premier League,2018-2019,2018-11-03 00:00:00,2018-11-03 00:00:00,Cardiff,Leicester City,0,1,A,0,0,D,11,13,2,5,6,12,2,2,0,0,L Probert,3.8,3.4,2.14,,,,,,
20181103-everton-brighton-hove-albion,ENG Premier League,2018-2019,2018-11-03 00:00:00,2018-11-03 00:00:00,Everton,Brighton & Hove Albion,3,1,H,1,1,D,14,5,3,3,6,4,0,1,0,0,D Coote,1.61,4.0,6.5,,,,,,
20181103-newcastle-united-watford,ENG Premier League,2018-2019,2018-11-03 00:00:00,2018-11-03 00:00:00,Newcastle United,Watford,1,0,H,0,0,D,10,16,2,1,8,9,1,5,0,0,C Pawson,2.75,3.25,2.8,,,,,,
20181103-west-ham-united-burnley,ENG Premier League,2018-2019,2018-11-03 00:00:00,2018-11-03 00:00:00,West Ham United,Burnley,4,2,H,1,1,D,22,6,10,3,10,4,1,4,0,0,R East,1.75,3.75,5.25,,,,,,
20181103-wolverhampton-wanderers-tottenham-hotspur,ENG Premier League,2018-2019,2018-11-03 00:00:00,2018-11-03 00:00:00,Wolverhampton Wanderers,Tottenham Hotspur,2,3,A,0,2,A,16,10,7,8,5,1,1,2,0,0,M Dean,3.1,3.4,2.45,,,,,,
20181104-chelsea-crystal-palace,ENG Premier League,2018-2019,2018-11-04 00:00:00,2018-11-04 00:00:00,Chelsea,Crystal Palace,3,1,H,1,0,H,15,7,6,2,4,2,0,1,0,0,M Oliver,1.25,6.75,13.0,,,,,,
20181104-manchester-city-southampton,ENG Premier League,2018-2019,2018-11-04 00:00:00,2018-11-04 00:00:00,Manchester City,Southampton,6,1,H,4,1,H,18,12,8,6,4,4,1,1,0,0,L Mason,1.11,11.0,29.0,,,,,,
20181105-huddersfield-fulham,ENG Premier League,2018-2019,2018-11-05 00:00:00,2018-11-05 00:00:00,Huddersfield,Fulham,1,0,H,1,0,H,10,7,2,1,5,4,1,2,0,0,A Taylor,2.3,3.5,3.3,,,,,,
20181110-cardiff-brighton-hove-albion,ENG Premier League,2018-2019,2018-11-10 00:00:00,2018-11-10 00:00:00,Cardiff,Brighton & Hove Albion,2,1,H,1,1,D,20,7,6,3,4,1,2,1,0,1,M Atkinson,2.6,3.1,3.1,,,,,,
20181110-crystal-palace-tottenham-hotspur,ENG Premier League,2018-2019,2018-11-10 00:00:00,2018-11-10 00:00:00,Crystal Palace,Tottenham Hotspur,0,1,A,0,0,D,11,11,4,2,10,6,1,1,0,0,J Moss,4.5,3.75,1.85,,,,,,
20181110-huddersfield-west-ham-united,ENG Premier League,2018-2019,2018-11-10 00:00:00,2018-11-10 00:00:00,Huddersfield,West Ham United,1,1,D,1,0,H,15,12,7,5,5,6,1,1,0,0,C Kavanagh,3.4,3.25,2.35,,,,,,
20181110-leicester-city-burnley,ENG Premier League,2018-2019,2018-11-10 00:00:00,2018-11-10 00:00:00,Leicester City,Burnley,0,0,D,0,0,D,22,6,5,1,12,1,2,0,0,0,M Dean,1.5,4.33,8.0,,,,,,
20181110-newcastle-united-bournemouth,ENG Premier League,2018-2019,2018-11-10 00:00:00,2018-11-10 00:00:00,Newcastle United,Bournemouth,2,1,H,2,1,H,18,14,6,4,7,10,2,1,0,0,L Probert,2.9,3.4,2.6,,,,,,
20181110-southampton-watford,ENG Premier League,2018-2019,2018-11-10 00:00:00,2018-11-10 00:00:00,Southampton,Watford,1,1,D,1,0,H,14,12,4,6,7,6,3,2,0,0,S Hooper,2.5,3.3,3.1,,,,,,
20181111-arsenal-wolverhampton-wanderers,ENG Premier League,2018-2019,2018-11-11 00:00:00,2018-11-11 00:00:00,Arsenal,Wolverhampton Wanderers,1,1,D,0,1,A,10,12,3,5,11,2,2,2,0,0,S Attwell,1.66,4.2,5.25,,,,,,
20181111-chelsea-everton,ENG Premier League,2018-2019,2018-11-11 00:00:00,2018-11-11 00:00:00,Chelsea,Everton,0,0,D,0,0,D,15,6,4,1,5,5,4,3,0,0,K Friend,1.4,5.25,8.5,,,,,,
20181111-liverpool-fulham,ENG Premier League,2018-2019,2018-11-11 00:00:00,2018-11-11 00:00:00,Liverpool,Fulham,2,0,H,1,0,H,20,8,7,3,6,3,1,1,0,0,P Tierney,1.11,11.0,26.0,,,,,,
20181111-manchester-city-manchester-united,ENG Premier League,2018-2019,2018-11-11 00:00:00,2018-11-11 00:00:00,Manchester City,Manchester United,3,1,H,1,0,H,17,6,5,1,5,1,1,1,0,0,A Taylor,1.4,5.25,8.5,,,,,,
20181124-brighton-hove-albion-leicester-city,ENG Premier League,2018-2019,2018-11-24 00:00:00,2018-11-24 00:00:00,Brighton & Hove Albion,Leicester City,1,1,D,1,0,H,14,8,3,3,6,1,3,1,0,1,C Kavanagh,2.9,3.4,2.6,,,,,,
20181124-everton-cardiff,ENG Premier League,2018-2019,2018-11-24 00:00:00,2018-11-24 00:00:00,Everton,Cardiff,1,0,H,0,0,D,16,7,8,1,7,3,0,3,0,0,P Tierney,1.4,5.0,9.0,,,,,,
20181124-fulham-southampton,ENG Premier League,2018-2019,2018-11-24 00:00:00,2018-11-24 00:00:00,Fulham,Southampton,3,2,H,2,1,H,10,19,5,8,2,5,2,3,0,0,M Oliver,2.62,3.5,2.8,,,,,,
20181124-manchester-united-crystal-palace,ENG Premier League,2018-2019,2018-11-24 00:00:00,2018-11-24 00:00:00,Manchester United,Crystal Palace,0,0,D,0,0,D,12,13,5,2,10,3,1,2,0,0,L Mason,1.4,5.25,8.0,,,,,,
20181124-tottenham-hotspur-chelsea,ENG Premier League,2018-2019,2018-11-24 00:00:00,2018-11-24 00:00:00,Tottenham Hotspur,Chelsea,3,1,H,2,0,H,18,13,9,2,4,4,0,3,0,0,M Atkinson,2.8,3.5,2.6,,,,,,
20181124-watford-liverpool,ENG Premier League,2018-2019,2018-11-24 00:00:00,2018-11-24 00:00:00,Watford,Liverpool,0,3,A,0,0,D,5,10,1,7,5,5,0,0,0,1,J Moss,6.5,4.33,1.55,,,,,,
20181124-west-ham-united-manchester-city,ENG Premier League,2018-2019,2018-11-24 00:00:00,2018-11-24 00:00:00,West Ham United,Manchester City,0,4,A,0,3,A,9,9,1,6,8,1,0,0,0,0,A Marriner,13.0,6.5,1.25,,,,,,
20181125-bournemouth-arsenal,ENG Premier League,2018-2019,2018-11-25 00:00:00,2018-11-25 00:00:00,Bournemouth,Arsenal,1,2,A,1,1,D,11,20,5,4,5,8,2,1,0,0,C Pawson,3.5,3.75,1.95,,,,,,
20181125-wolverhampton-wanderers-huddersfield,ENG Premier League,2018-2019,2018-11-25 00:00:00,2018-11-25 00:00:00,Wolverhampton Wanderers,Huddersfield,0,2,A,0,1,A,12,14,3,6,3,5,1,2,0,0,K Friend,1.5,4.33,8.0,,,,,,
20181126-burnley-newcastle-united,ENG Premier League,2018-2019,2018-11-26 00:00:00,2018-11-26 00:00:00,Burnley,Newcastle United,1,2,A,1,2,A,14,17,4,3,5,5,0,1,0,0,A Taylor,2.9,3.2,2.75,,,,,,
20181130-cardiff-wolverhampton-wanderers,ENG Premier League,2018-2019,2018-11-30 00:00:00,2018-11-30 00:00:00,Cardiff,Wolverhampton Wanderers,2,1,H,0,1,A,17,15,3,4,7,6,1,2,0,0,A Marriner,3.8,3.25,2.2,,,,,,
20181201-crystal-palace-burnley,ENG Premier League,2018-2019,2018-12-01 00:00:00,2018-12-01 00:00:00,Crystal Palace,Burnley,2,0,H,1,0,H,29,4,9,0,10,2,1,1,0,0,L Probert,1.61,3.9,6.5,,,,,,
20181201-huddersfield-brighton-hove-albion,ENG Premier League,2018-2019,2018-12-01 00:00:00,2018-12-01 00:00:00,Huddersfield,Brighton & Hove Albion,1,2,A,1,1,D,7,14,2,6,2,6,0,2,1,0,M Oliver,2.5,3.0,3.4,,,,,,
20181201-leicester-city-watford,ENG Premier League,2018-2019,2018-12-01 00:00:00,2018-12-01 00:00:00,Leicester City,Watford,2,0,H,2,0,H,7,8,3,0,4,8,2,1,0,1,G Scott,2.25,3.3,3.6,,,,,,
20181201-manchester-city-bournemouth,ENG Premier League,2018-2019,2018-12-01 00:00:00,2018-12-01 00:00:00,Manchester City,Bournemouth,3,1,H,1,1,D,16,4,6,1,8,4,0,0,0,0,S Attwell,1.11,11.0,26.0,,,,,,
20181201-newcastle-united-west-ham-united,ENG Premier League,2018-2019,2018-12-01 00:00:00,2018-12-01 00:00:00,Newcastle United,West Ham United,0,3,A,0,1,A,16,7,4,4,7,3,3,3,0,0,P Tierney,2.5,3.3,3.1,,,,,,
20181201-southampton-manchester-united,ENG Premier League,2018-2019,2018-12-01 00:00:00,2018-12-01 00:00:00,Southampton,Manchester United,2,2,D,2,2,D,16,11,6,5,3,5,4,4,0,0,K Friend,4.33,3.6,1.95,,,,,,
20181202-arsenal-tottenham-hotspur,ENG Premier League,2018-2019,2018-12-02 00:00:00,2018-12-02 00:00:00,Arsenal,Tottenham Hotspur,4,2,H,1,2,A,22,11,7,6,8,5,3,3,0,1,M Dean,2.62,3.6,2.75,,,,,,
20181202-chelsea-fulham,ENG Premier League,2018-2019,2018-12-02 00:00:00,2018-12-02 00:00:00,Chelsea,Fulham,2,0,H,1,0,H,16,9,9,4,4,6,2,1,0,0,C Pawson,1.18,8.0,17.0,,,,,,
20181202-liverpool-everton,ENG Premier League,2018-2019,2018-12-02 00:00:00,2018-12-02 00:00:00,Liverpool,Everton,1,0,H,0,0,D,16,9,3,3,8,1,3,2,0,0,C Kavanagh,1.4,5.0,9.0,,,,,,
20181204-bournemouth-huddersfield,ENG Premier League,2018-2019,2018-12-04 00:00:00,2018-12-04 00:00:00,Bournemouth,Huddersfield,2,1,H,2,1,H,6,23,2,6,4,8,4,2,0,0,R East,1.66,3.8,6.0,,,,,,
20181204-brighton-hove-albion-crystal-palace,ENG Premier League,2018-2019,2018-12-04 00:00:00,2018-12-04 00:00:00,Brighton & Hove Albion,Crystal Palace,3,1,H,3,0,H,9,18,3,5,4,5,2,3,1,0,K Friend,3.0,3.1,2.7,,,,,,
20181204-watford-manchester-city,ENG Premier League,2018-2019,2018-12-04 00:00:00,2018-12-04 00:00:00,Watford,Manchester City,1,2,A,0,1,A,11,15,7,7,3,11,0,1,0,0,P Tierney,11.0,6.0,1.3,,,,,,
20181204-west-ham-united-cardiff,ENG Premier League,2018-2019,2018-12-04 00:00:00,2018-12-04 00:00:00,West Ham United,Cardiff,3,1,H,0,0,D,17,9,11,5,10,4,1,2,0,0,G Scott,1.66,4.0,5.75,,,,,,
20181205-burnley-liverpool,ENG Premier League,2018-2019,2018-12-05 00:00:00,2018-12-05 00:00:00,Burnley,Liverpool,1,3,A,0,0,D,10,18,6,12,5,9,1,0,0,0,S Attwell,14.0,5.75,1.28,,,,,,
20181205-everton-newcastle-united,ENG Premier League,2018-2019,2018-12-05 00:00:00,2018-12-05 00:00:00,Everton,Newcastle United,1,1,D,1,1,D,19,8,3,5,14,2,0,5,0,0,L Mason,1.6,4.0,6.5,,,,,,
20181205-fulham-leicester-city,ENG Premier League,2018-2019,2018-12-05 00:00:00,2018-12-05 00:00:00,Fulham,Leicester City,1,1,D,1,0,H,25,13,7,5,10,8,0,0,0,0,D Coote,3.0,3.5,2.45,,,,,,
20181205-manchester-united-arsenal,ENG Premier League,2018-2019,2018-12-05 00:00:00,2018-12-05 00:00:00,Manchester United,Arsenal,2,2,D,1,1,D,10,9,7,4,4,4,3,3,0,0,A Marriner,2.45,3.5,3.0,,,,,,
20181205-tottenham-hotspur-southampton,ENG Premier League,2018-2019,2018-12-05 00:00:00,2018-12-05 00:00:00,Tottenham Hotspur,Southampton,3,1,H,1,0,H,13,18,8,5,8,6,0,0,0,0,A Taylor,1.36,5.25,9.5,,,,,,
20181205-wolverhampton-wanderers-chelsea,ENG Premier League,2018-2019,2018-12-05 00:00:00,2018-12-05 00:00:00,Wolverhampton Wanderers,Chelsea,2,1,H,0,1,A,6,17,2,3,1,5,4,4,0,0,J Moss,5.0,3.75,1.8,,,,,,
20181208-arsenal-huddersfield,ENG Premier League,2018-2019,2018-12-08 00:00:00,2018-12-08 00:00:00,Arsenal,Huddersfield,1,0,H,0,0,D,14,6,2,0,7,1,5,4,0,0,P Tierney,1.28,6.0,12.0,,,,,,
20181208-bournemouth-liverpool,ENG Premier League,2018-2019,2018-12-08 00:00:00,2018-12-08 00:00:00,Bournemouth,Liverpool,0,4,A,0,1,A,8,10,2,4,6,6,2,1,0,0,L Mason,5.75,4.5,1.6,,,,,,
20181208-burnley-brighton-hove-albion,ENG Premier League,2018-2019,2018-12-08 00:00:00,2018-12-08 00:00:00,Burnley,Brighton & Hove Albion,1,0,H,1,0,H,14,14,4,1,2,7,2,0,0,0,M Atkinson,2.9,3.2,2.75,,,,,,
20181208-cardiff-southampton,ENG Premier League,2018-2019,2018-12-08 00:00:00,2018-12-08 00:00:00,Cardiff,Southampton,1,0,H,0,0,D,13,12,4,1,7,7,2,2,0,0,J Moss,2.9,3.25,2.7,,,,,,
20181208-chelsea-manchester-city,ENG Premier League,2018-2019,2018-12-08 00:00:00,2018-12-08 00:00:00,Chelsea,Manchester City,2,0,H,1,0,H,8,14,5,4,1,13,2,0,0,0,M Oliver,4.0,3.8,1.95,,,,,,
20181208-leicester-city-tottenham-hotspur,ENG Premier League,2018-2019,2018-12-08 00:00:00,2018-12-08 00:00:00,Leicester City,Tottenham Hotspur,0,2,A,0,1,A,11,7,3,2,6,5,3,1,0,0,C Pawson,3.8,3.75,2.0,,,,,,
20181208-manchester-united-fulham,ENG Premier League,2018-2019,2018-12-08 00:00:00,2018-12-08 00:00:00,Manchester United,Fulham,4,1,H,3,0,H,20,10,11,4,10,3,1,1,0,1,L Probert,1.33,5.75,10.0,,,,,,
20181208-west-ham-united-crystal-palace,ENG Premier League,2018-2019,2018-12-08 00:00:00,2018-12-08 00:00:00,West Ham United,Crystal Palace,3,2,H,0,1,A,13,8,6,4,5,3,1,2,0,0,A Taylor,2.3,3.4,3.4,,,,,,
20181209-newcastle-united-wolverhampton-wanderers,ENG Premier League,2018-2019,2018-12-09 00:00:00,2018-12-09 00:00:00,Newcastle United,Wolverhampton Wanderers,1,2,A,1,1,D,12,13,4,6,4,6,2,5,1,0,M Dean,2.9,3.2,2.7,,,,,,
20181210-everton-watford,ENG Premier League,2018-2019,2018-12-10 00:00:00,2018-12-10 00:00:00,Everton,Watford,2,2,D,1,0,H,12,15,5,3,6,6,1,1,0,0,K Friend,1.8,3.75,5.0,,,,,,
20181215-crystal-palace-leicester-city,ENG Premier League,2018-2019,2018-12-15 00:00:00,2018-12-15 00:00:00,Crystal Palace,Leicester City,1,0,H,1,0,H,8,12,1,2,4,4,2,1,0,0,M Oliver,2.62,3.2,3.0,,,,,,
20181215-fulham-west-ham-united,ENG Premier League,2018-2019,2018-12-15 00:00:00,2018-12-15 00:00:00,Fulham,West Ham United,0,2,A,0,2,A,16,6,4,3,6,4,2,1,0,0,M Dean,2.9,3.6,2.5,,,,,,
20181215-huddersfield-newcastle-united,ENG Premier League,2018-2019,2018-12-15 00:00:00,2018-12-15 00:00:00,Huddersfield,Newcastle United,0,1,A,0,0,D,15,8,5,5,10,1,1,1,0,0,A Taylor,2.6,3.1,3.1,,,,,,
20181215-manchester-city-everton,ENG Premier League,2018-2019,2018-12-15 00:00:00,2018-12-15 00:00:00,Manchester City,Everton,3,1,H,1,0,H,13,9,5,2,6,2,1,2,0,0,C Pawson,1.22,7.5,13.0,,,,,,
20181215-tottenham-hotspur-burnley,ENG Premier League,2018-2019,2018-12-15 00:00:00,2018-12-15 00:00:00,Tottenham Hotspur,Burnley,1,0,H,0,0,D,15,4,3,0,8,3,0,2,0,0,G Scott,1.18,8.0,19.0,,,,,,
20181215-watford-cardiff,ENG Premier League,2018-2019,2018-12-15 00:00:00,2018-12-15 00:00:00,Watford,Cardiff,3,2,H,1,0,H,17,10,8,3,5,0,0,0,0,0,A Madley,1.64,3.9,6.0,,,,,,
20181215-wolverhampton-wanderers-bournemouth,ENG Premier League,2018-2019,2018-12-15 00:00:00,2018-12-15 00:00:00,Wolverhampton Wanderers,Bournemouth,2,0,H,1,0,H,9,13,3,3,5,3,1,2,0,0,S Hooper,1.95,3.6,4.33,,,,,,
20181216-brighton-hove-albion-chelsea,ENG Premier League,2018-2019,2018-12-16 00:00:00,2018-12-16 00:00:00,Brighton & Hove Albion,Chelsea,1,2,A,0,2,A,6,10,2,3,4,1,2,2,0,0,S Attwell,7.5,4.5,1.5,,,,,,
20181216-liverpool-manchester-united,ENG Premier League,2018-2019,2018-12-16 00:00:00,2018-12-16 00:00:00,Liverpool,Manchester United,3,1,H,1,1,D,36,6,11,2,13,2,0,2,0,0,M Atkinson,1.57,4.5,6.0,,,,,,
20181216-southampton-arsenal,ENG Premier League,2018-2019,2018-12-16 00:00:00,2018-12-16 00:00:00,Southampton,Arsenal,3,2,H,2,1,H,12,13,7,4,4,5,3,1,0,0,C Kavanagh,4.1,3.9,1.9,,,,,,
20181221-wolverhampton-wanderers-liverpool,ENG Premier League,2018-2019,2018-12-21 00:00:00,2018-12-21 00:00:00,Wolverhampton Wanderers,Liverpool,0,2,A,0,1,A,11,15,5,6,1,10,0,0,0,0,C Pawson,7.0,4.0,1.57,,,,,,
20181222-arsenal-burnley,ENG Premier League,2018-2019,2018-12-22 00:00:00,2018-12-22 00:00:00,Arsenal,Burnley,3,1,H,1,0,H,10,7,6,2,1,3,2,5,0,0,K Friend,1.25,6.5,15.0,,,,,,
20181222-bournemouth-brighton-hove-albion,ENG Premier League,2018-2019,2018-12-22 00:00:00,2018-12-22 00:00:00,Bournemouth,Brighton & Hove Albion,2,0,H,1,0,H,14,10,3,5,6,5,2,0,0,1,M Dean,1.9,3.7,4.33,,,,,,
20181222-cardiff-manchester-united,ENG Premier League,2018-2019,2018-12-22 00:00:00,2018-12-22 00:00:00,Cardiff,Manchester United,1,5,A,1,3,A,9,17,3,9,4,7,2,1,0,0,M Oliver,6.5,4.2,1.57,,,,,,
20181222-chelsea-leicester-city,ENG Premier League,2018-2019,2018-12-22 00:00:00,2018-12-22 00:00:00,Chelsea,Leicester City,0,1,A,0,0,D,17,8,5,3,9,5,0,2,0,0,L Probert,1.33,5.5,11.0,,,,,,
20181222-huddersfield-southampton,ENG Premier League,2018-2019,2018-12-22 00:00:00,2018-12-22 00:00:00,Huddersfield,Southampton,1,3,A,0,2,A,16,13,5,6,8,2,2,3,0,0,S Attwell,3.1,3.1,2.6,,,,,,
20181222-manchester-city-crystal-palace,ENG Premier League,2018-2019,2018-12-22 00:00:00,2018-12-22 00:00:00,Manchester City,Crystal Palace,2,3,A,1,2,A,19,5,5,3,13,0,0,4,0,0,A Marriner,1.14,10.0,21.0,,,,,,
20181222-newcastle-united-fulham,ENG Premier League,2018-2019,2018-12-22 00:00:00,2018-12-22 00:00:00,Newcastle United,Fulham,0,0,D,0,0,D,9,4,0,2,6,0,1,2,0,0,M Atkinson,2.0,3.6,4.0,,,,,,
20181222-west-ham-united-watford,ENG Premier League,2018-2019,2018-12-22 00:00:00,2018-12-22 00:00:00,West Ham United,Watford,0,2,A,0,1,A,18,11,7,5,10,4,3,2,0,0,L Mason,2.37,3.5,3.1,,,,,,
20181223-everton-tottenham-hotspur,ENG Premier League,2018-2019,2018-12-23 00:00:00,2018-12-23 00:00:00,Everton,Tottenham Hotspur,2,6,A,1,3,A,10,17,3,8,2,1,0,2,0,0,P Tierney,3.25,3.5,2.3,,,,,,
20181226-brighton-hove-albion-arsenal,ENG Premier League,2018-2019,2018-12-26 00:00:00,2018-12-26 00:00:00,Brighton & Hove Albion,Arsenal,1,1,D,1,1,D,12,7,3,4,4,9,2,1,0,0,A Taylor,5.25,3.9,1.72,,,,,,
20181226-burnley-everton,ENG Premier League,2018-2019,2018-12-26 00:00:00,2018-12-26 00:00:00,Burnley,Everton,1,5,A,1,3,A,11,13,4,6,5,7,2,4,0,0,M Oliver,4.33,3.5,1.95,,,,,,
20181226-crystal-palace-cardiff,ENG Premier League,2018-2019,2018-12-26 00:00:00,2018-12-26 00:00:00,Crystal Palace,Cardiff,0,0,D,0,0,D,31,9,5,4,12,1,0,3,0,0,L Probert,1.66,4.0,5.75,,,,,,
20181226-fulham-wolverhampton-wanderers,ENG Premier League,2018-2019,2018-12-26 00:00:00,2018-12-26 00:00:00,Fulham,Wolverhampton Wanderers,1,1,D,0,0,D,11,14,9,5,2,0,2,1,0,0,A Marriner,3.25,3.4,2.37,,,,,,
20181226-leicester-city-manchester-city,ENG Premier League,2018-2019,2018-12-26 00:00:00,2018-12-26 00:00:00,Leicester City,Manchester City,2,1,H,1,1,D,10,11,5,4,3,7,2,2,0,1,M Dean,9.5,5.25,1.36,,,,,,
20181226-liverpool-newcastle-united,ENG Premier League,2018-2019,2018-12-26 00:00:00,2018-12-26 00:00:00,Liverpool,Newcastle United,4,0,H,1,0,H,16,6,8,2,10,2,0,0,0,0,G Scott,1.16,8.5,19.0,,,,,,
20181226-manchester-united-huddersfield,ENG Premier League,2018-2019,2018-12-26 00:00:00,2018-12-26 00:00:00,Manchester United,Huddersfield,3,1,H,1,0,H,16,10,10,2,5,3,1,1,0,0,J Moss,1.25,6.5,15.0,,,,,,
20181226-tottenham-hotspur-bournemouth,ENG Premier League,2018-2019,2018-12-26 00:00:00,2018-12-26 00:00:00,Tottenham Hotspur,Bournemouth,5,0,H,3,0,H,10,14,7,4,3,4,2,1,0,0,C Kavanagh,1.36,5.5,9.0,,,,,,
20181226-watford-chelsea,ENG Premier League,2018-2019,2018-12-26 00:00:00,2018-12-26 00:00:00,Watford,Chelsea,1,2,A,1,1,D,10,10,2,4,3,4,1,0,0,0,M Atkinson,5.25,3.8,1.75,,,,,,
20181227-southampton-west-ham-united,ENG Premier League,2018-2019,2018-12-27 00:00:00,2018-12-27 00:00:00,Southampton,West Ham United,1,2,A,0,0,D,11,16,5,5,4,5,2,0,0,0,C Pawson,2.3,3.5,3.3,,,,,,
20181229-brighton-hove-albion-everton,ENG Premier League,2018-2019,2018-12-29 00:00:00,2018-12-29 00:00:00,Brighton & Hove Albion,Everton,1,0,H,0,0,D,11,13,3,4,6,6,0,2,0,0,A Madley,3.25,3.4,2.14,,,,,,
20181229-fulham-huddersfield,ENG Premier League,2018-2019,2018-12-29 00:00:00,2018-12-29 00:00:00,Fulham,Huddersfield,1,0,H,0,0,D,14,9,5,5,4,3,3,1,0,0,K Friend,2.0,3.4,3.75,,,,,,
20181229-leicester-city-cardiff,ENG Premier League,2018-2019,2018-12-29 00:00:00,2018-12-29 00:00:00,Leicester City,Cardiff,0,1,A,0,0,D,16,12,7,3,10,4,0,2,0,0,S Hooper,1.55,4.0,6.0,,,,,,
20181229-liverpool-arsenal,ENG Premier League,2018-2019,2018-12-29 00:00:00,2018-12-29 00:00:00,Liverpool,Arsenal,5,1,H,4,1,H,15,8,10,2,5,3,1,2,0,0,M Oliver,1.5,4.5,5.75,,,,,,
20181229-tottenham-hotspur-wolverhampton-wanderers,ENG Premier League,2018-2019,2018-12-29 00:00:00,2018-12-29 00:00:00,Tottenham Hotspur,Wolverhampton Wanderers,1,3,A,1,0,H,10,11,3,4,6,7,3,2,0,0,S Attwell,1.33,5.0,8.5,,,,,,
20181229-watford-newcastle-united,ENG Premier League,2018-2019,2018-12-29 00:00:00,2018-12-29 00:00:00,Watford,Newcastle United,1,1,D,0,1,A,12,8,5,2,3,6,1,2,0,0,R East,1.85,3.6,4.0,,,,,,
20181230-burnley-west-ham-united,ENG Premier League,2018-2019,2018-12-30 00:00:00,2018-12-30 00:00:00,Burnley,West Ham United,2,0,H,2,0,H,17,11,5,4,5,5,1,4,0,0,D Coote,3.3,3.2,2.25,,,,,,
20181230-crystal-palace-chelsea,ENG Premier League,2018-2019,2018-12-30 00:00:00,2018-12-30 00:00:00,Crystal Palace,Chelsea,0,1,A,0,0,D,4,12,0,4,3,4,0,1,0,0,C Pawson,4.75,4.0,1.66,,,,,,
20181230-manchester-united-bournemouth,ENG Premier League,2018-2019,2018-12-30 00:00:00,2018-12-30 00:00:00,Manchester United,Bournemouth,4,1,H,3,1,H,11,7,8,3,4,5,2,0,1,0,L Mason,1.33,4.75,10.0,,,,,,
20181230-southampton-manchester-city,ENG Premier League,2018-2019,2018-12-30 00:00:00,2018-12-30 00:00:00,Southampton,Manchester City,1,3,A,1,3,A,5,14,4,6,3,8,2,3,1,0,P Tierney,10.0,5.25,1.3,,,,,,
20190101-arsenal-fulham,ENG Premier League,2018-2019,2019-01-01 00:00:00,2019-01-01 00:00:00,Arsenal,Fulham,4,1,H,1,0,H,16,9,9,4,8,3,0,1,0,0,G Scott,1.33,5.75,9.5,,,,,,
20190101-cardiff-tottenham-hotspur,ENG Premier League,2018-2019,2019-01-01 00:00:00,2019-01-01 00:00:00,Cardiff,Tottenham Hotspur,0,3,A,0,3,A,6,13,3,4,5,3,1,0,0,0,K Friend,7.5,4.5,1.5,,,,,,
20190101-everton-leicester-city,ENG Premier League,2018-2019,2019-01-01 00:00:00,2019-01-01 00:00:00,Everton,Leicester City,0,1,A,0,0,D,17,8,2,4,6,5,3,1,0,0,M Atkinson,2.0,3.5,4.2,,,,,,
20190102-bournemouth-watford,ENG Premier League,2018-2019,2019-01-02 00:00:00,2019-01-02 00:00:00,Bournemouth,Watford,3,3,D,3,3,D,25,11,12,3,4,2,1,4,0,0,D Coote,2.6,3.6,2.75,,,,,,
20190102-chelsea-southampton,ENG Premier League,2018-2019,2019-01-02 00:00:00,2019-01-02 00:00:00,Chelsea,Southampton,0,0,D,0,0,D,17,6,6,2,7,2,1,2,0,0,J Moss,1.28,6.5,11.0,,,,,,
20190102-huddersfield-burnley,ENG Premier League,2018-2019,2019-01-02 00:00:00,2019-01-02 00:00:00,Huddersfield,Burnley,1,2,A,1,1,D,9,16,2,8,5,2,0,4,1,1,M Dean,2.14,3.1,4.2,,,,,,
20190102-newcastle-united-manchester-united,ENG Premier League,2018-2019,2019-01-02 00:00:00,2019-01-02 00:00:00,Newcastle United,Manchester United,0,2,A,0,0,D,14,16,3,7,1,2,1,2,0,0,A Marriner,6.0,4.2,1.61,,,,,,
20190102-west-ham-united-brighton-hove-albion,ENG Premier League,2018-2019,2019-01-02 00:00:00,2019-01-02 00:00:00,West Ham United,Brighton & Hove Albion,2,2,D,0,0,D,13,13,6,6,1,5,0,1,0,0,C Kavanagh,1.95,3.75,4.0,,,,,,
20190102-wolverhampton-wanderers-crystal-palace,ENG Premier League,2018-2019,2019-01-02 00:00:00,2019-01-02 00:00:00,Wolverhampton Wanderers,Crystal Palace,0,2,A,0,0,D,9,17,1,4,3,10,4,1,0,0,R East,2.0,3.4,4.33,,,,,,
20190103-manchester-city-liverpool,ENG Premier League,2018-2019,2019-01-03 00:00:00,2019-01-03 00:00:00,Manchester City,Liverpool,2,1,H,1,0,H,9,7,4,5,2,1,4,2,0,0,A Taylor,2.04,3.8,3.6,,,,,,
20190112-brighton-hove-albion-liverpool,ENG Premier League,2018-2019,2019-01-12 00:00:00,2019-01-12 00:00:00,Brighton & Hove Albion,Liverpool,0,1,A,0,0,D,7,10,0,3,2,7,0,0,0,0,K Friend,11.0,6.0,1.3,,,,,,
20190112-burnley-fulham,ENG Premier League,2018-2019,2019-01-12 00:00:00,2019-01-12 00:00:00,Burnley,Fulham,2,1,H,2,1,H,11,12,0,4,2,6,1,2,0,0,M Atkinson,2.4,3.3,3.25,,,,,,
20190112-cardiff-huddersfield,ENG Premier League,2018-2019,2019-01-12 00:00:00,2019-01-12 00:00:00,Cardiff,Huddersfield,0,0,D,0,0,D,3,14,0,2,3,10,3,1,0,0,L Mason,2.25,3.25,3.6,,,,,,
20190112-chelsea-newcastle-united,ENG Premier League,2018-2019,2019-01-12 00:00:00,2019-01-12 00:00:00,Chelsea,Newcastle United,2,1,H,1,1,D,10,9,6,2,8,5,1,1,0,0,C Kavanagh,1.22,7.0,15.0,,,,,,
20190112-crystal-palace-watford,ENG Premier League,2018-2019,2019-01-12 00:00:00,2019-01-12 00:00:00,Crystal Palace,Watford,1,2,A,1,0,H,15,16,6,2,7,7,1,4,0,0,P Tierney,2.25,3.4,3.5,,,,,,
20190112-leicester-city-southampton,ENG Premier League,2018-2019,2019-01-12 00:00:00,2019-01-12 00:00:00,Leicester City,Southampton,1,2,A,0,2,A,23,8,6,3,10,3,2,1,0,1,M Oliver,1.95,3.5,4.33,,,,,,
20190112-west-ham-united-arsenal,ENG Premier League,2018-2019,2019-01-12 00:00:00,2019-01-12 00:00:00,West Ham United,Arsenal,1,0,H,0,0,D,11,11,3,2,7,3,0,2,0,0,J Moss,3.5,4.0,2.05,,,,,,
20190113-everton-bournemouth,ENG Premier League,2018-2019,2019-01-13 00:00:00,2019-01-13 00:00:00,Everton,Bournemouth,2,0,H,0,0,D,15,16,3,7,5,9,5,0,0,0,A Taylor,1.75,4.0,4.8,,,,,,
20190113-tottenham-hotspur-manchester-united,ENG Premier League,2018-2019,2019-01-13 00:00:00,2019-01-13 00:00:00,Tottenham Hotspur,Manchester United,0,1,A,0,1,A,21,13,11,8,7,4,1,2,0,0,M Dean,2.05,3.7,3.75,,,,,,
20190114-manchester-city-wolverhampton-wanderers,ENG Premier League,2018-2019,2019-01-14 00:00:00,2019-01-14 00:00:00,Manchester City,Wolverhampton Wanderers,3,0,H,2,0,H,24,3,9,0,12,1,1,0,0,1,C Pawson,1.18,8.0,17.0,,,,,,
20190119-arsenal-chelsea,ENG Premier League,2018-2019,2019-01-19 00:00:00,2019-01-19 00:00:00,Arsenal,Chelsea,2,0,H,2,0,H,13,13,5,1,5,6,0,2,0,0,A Taylor,3.1,3.6,2.37,,,,,,
20190119-bournemouth-west-ham-united,ENG Premier League,2018-2019,2019-01-19 00:00:00,2019-01-19 00:00:00,Bournemouth,West Ham United,2,0,H,0,0,D,10,9,4,1,2,3,0,1,0,0,S Hooper,2.37,3.7,3.0,,,,,,
20190119-liverpool-crystal-palace,ENG Premier League,2018-2019,2019-01-19 00:00:00,2019-01-19 00:00:00,Liverpool,Crystal Palace,4,3,H,0,1,A,19,9,9,3,8,3,0,1,1,0,J Moss,1.2,7.5,17.0,,,,,,
20190119-manchester-united-brighton-hove-albion,ENG Premier League,2018-2019,2019-01-19 00:00:00,2019-01-19 00:00:00,Manchester United,Brighton & Hove Albion,2,1,H,2,0,H,20,7,5,3,6,5,1,0,0,0,P Tierney,1.3,5.75,12.0,,,,,,
20190119-newcastle-united-cardiff,ENG Premier League,2018-2019,2019-01-19 00:00:00,2019-01-19 00:00:00,Newcastle United,Cardiff,3,0,H,1,0,H,16,9,6,1,7,10,0,1,0,0,S Attwell,1.95,3.4,4.5,,,,,,
20190119-southampton-everton,ENG Premier League,2018-2019,2019-01-19 00:00:00,2019-01-19 00:00:00,Southampton,Everton,2,1,H,0,0,D,11,7,4,2,7,6,2,1,0,0,G Scott,2.75,3.4,2.7,,,,,,
20190119-watford-burnley,ENG Premier League,2018-2019,2019-01-19 00:00:00,2019-01-19 00:00:00,Watford,Burnley,0,0,D,0,0,D,9,11,4,3,1,7,1,2,0,0,M Oliver,1.65,4.0,5.75,,,,,,
20190119-wolverhampton-wanderers-leicester-city,ENG Premier League,2018-2019,2019-01-19 00:00:00,2019-01-19 00:00:00,Wolverhampton Wanderers,Leicester City,4,3,H,2,0,H,12,16,7,6,5,9,3,3,0,0,C Kavanagh,2.37,3.2,3.4,,,,,,
20190120-fulham-tottenham-hotspur,ENG Premier League,2018-2019,2019-01-20 00:00:00,2019-01-20 00:00:00,Fulham,Tottenham Hotspur,1,2,A,1,0,H,12,14,4,5,7,10,2,3,0,0,C Pawson,5.25,3.8,1.75,,,,,,
20190120-huddersfield-manchester-city,ENG Premier League,2018-2019,2019-01-20 00:00:00,2019-01-20 00:00:00,Huddersfield,Manchester City,0,3,A,0,1,A,5,12,2,4,1,4,2,2,0,0,A Marriner,21.0,8.5,1.16,,,,,,
20190129-arsenal-cardiff,ENG Premier League,2018-2019,2019-01-29 00:00:00,2019-01-29 00:00:00,Arsenal,Cardiff,2,1,H,0,0,D,15,19,4,2,4,7,3,3,0,0,M Dean,1.22,7.0,15.0,,,,,,
20190129-fulham-brighton-hove-albion,ENG Premier League,2018-2019,2019-01-29 00:00:00,2019-01-29 00:00:00,Fulham,Brighton & Hove Albion,4,2,H,0,2,A,24,15,7,6,10,1,2,3,0,0,L Probert,2.37,3.3,3.3,,,,,,
20190129-huddersfield-everton,ENG Premier League,2018-2019,2019-01-29 00:00:00,2019-01-29 00:00:00,Huddersfield,Everton,0,1,A,0,1,A,10,10,2,5,3,4,1,4,0,1,S Attwell,4.0,3.3,2.1,,,,,,
20190129-manchester-united-burnley,ENG Premier League,2018-2019,2019-01-29 00:00:00,2019-01-29 00:00:00,Manchester United,Burnley,2,2,D,0,0,D,28,6,9,4,11,3,1,3,0,0,J Moss,1.28,6.0,12.0,,,,,,
20190129-newcastle-united-manchester-city,ENG Premier League,2018-2019,2019-01-29 00:00:00,2019-01-29 00:00:00,Newcastle United,Manchester City,2,1,H,0,1,A,6,12,2,4,1,8,2,3,0,0,P Tierney,19.0,8.0,1.18,,,,,,
20190129-wolverhampton-wanderers-west-ham-united,ENG Premier League,2018-2019,2019-01-29 00:00:00,2019-01-29 00:00:00,Wolverhampton Wanderers,West Ham United,3,0,H,0,0,D,20,4,9,0,5,1,4,1,0,0,D Coote,2.1,3.5,3.75,,,,,,
20190130-bournemouth-chelsea,ENG Premier League,2018-2019,2019-01-30 00:00:00,2019-01-30 00:00:00,Bournemouth,Chelsea,4,0,H,0,0,D,12,11,7,7,3,7,1,0,0,0,R East,5.25,4.2,1.66,,,,,,
20190130-liverpool-leicester-city,ENG Premier League,2018-2019,2019-01-30 00:00:00,2019-01-30 00:00:00,Liverpool,Leicester City,1,1,D,1,1,D,10,5,3,2,7,1,1,3,0,0,M Atkinson,1.22,7.0,15.0,,,,,,
20190130-southampton-crystal-palace,ENG Premier League,2018-2019,2019-01-30 00:00:00,2019-01-30 00:00:00,Southampton,Crystal Palace,1,1,D,0,1,A,13,15,4,3,3,8,2,2,0,1,A Marriner,2.4,3.4,3.2,,,,,,
20190130-tottenham-hotspur-watford,ENG Premier League,2018-2019,2019-01-30 00:00:00,2019-01-30 00:00:00,Tottenham Hotspur,Watford,2,1,H,0,1,A,17,9,3,1,9,5,0,4,0,0,G Scott,1.66,4.0,5.75,,,,,,
20190202-brighton-hove-albion-watford,ENG Premier League,2018-2019,2019-02-02 00:00:00,2019-02-02 00:00:00,Brighton & Hove Albion,Watford,0,0,D,0,0,D,21,5,4,0,7,0,1,0,0,0,S Hooper,2.55,3.3,3.0,,,,,,
20190202-burnley-southampton,ENG Premier League,2018-2019,2019-02-02 00:00:00,2019-02-02 00:00:00,Burnley,Southampton,1,1,D,0,0,D,15,10,6,4,4,2,3,1,0,0,A Taylor,2.55,3.5,2.87,,,,,,
20190202-cardiff-bournemouth,ENG Premier League,2018-2019,2019-02-02 00:00:00,2019-02-02 00:00:00,Cardiff,Bournemouth,2,0,H,1,0,H,12,9,5,2,6,7,1,2,0,0,J Moss,3.25,3.5,2.3,,,,,,
20190202-chelsea-huddersfield,ENG Premier League,2018-2019,2019-02-02 00:00:00,2019-02-02 00:00:00,Chelsea,Huddersfield,5,0,H,2,0,H,23,5,7,2,11,2,0,0,0,0,P Tierney,1.2,7.5,19.0,,,,,,
20190202-crystal-palace-fulham,ENG Premier League,2018-2019,2019-02-02 00:00:00,2019-02-02 00:00:00,Crystal Palace,Fulham,2,0,H,1,0,H,17,8,6,0,11,1,2,3,0,0,M Oliver,2.05,3.5,4.0,,,,,,
20190202-everton-wolverhampton-wanderers,ENG Premier League,2018-2019,2019-02-02 00:00:00,2019-02-02 00:00:00,Everton,Wolverhampton Wanderers,1,3,A,1,2,A,13,8,4,4,3,1,3,1,0,0,L Mason,2.37,3.4,3.25,,,,,,
20190202-tottenham-hotspur-newcastle-united,ENG Premier League,2018-2019,2019-02-02 00:00:00,2019-02-02 00:00:00,Tottenham Hotspur,Newcastle United,1,0,H,0,0,D,21,8,4,2,6,3,0,1,0,0,A Marriner,1.44,4.5,9.0,,,,,,
20190203-leicester-city-manchester-united,ENG Premier League,2018-2019,2019-02-03 00:00:00,2019-02-03 00:00:00,Leicester City,Manchester United,0,1,A,0,1,A,17,10,6,6,7,2,4,4,0,0,M Dean,3.6,3.5,2.15,,,,,,
20190203-manchester-city-arsenal,ENG Premier League,2018-2019,2019-02-03 00:00:00,2019-02-03 00:00:00,Manchester City,Arsenal,3,1,H,2,1,H,19,4,12,2,4,2,1,1,0,0,M Atkinson,1.33,6.0,9.0,,,,,,
20190204-west-ham-united-liverpool,ENG Premier League,2018-2019,2019-02-04 00:00:00,2019-02-04 00:00:00,West Ham United,Liverpool,1,1,D,1,1,D,13,11,2,6,2,5,1,1,0,0,K Friend,8.0,5.25,1.4,,,,,,
20190206-everton-manchester-city,ENG Premier League,2018-2019,2019-02-06 00:00:00,2019-02-06 00:00:00,Everton,Manchester City,0,2,A,0,1,A,4,15,1,4,5,6,1,1,0,0,C Pawson,10.0,6.25,1.3,,,,,,
20190209-brighton-hove-albion-burnley,ENG Premier League,2018-2019,2019-02-09 00:00:00,2019-02-09 00:00:00,Brighton & Hove Albion,Burnley,1,3,A,0,1,A,16,9,6,5,9,3,1,1,0,0,S Attwell,2.05,3.3,4.2,,,,,,
20190209-crystal-palace-west-ham-united,ENG Premier League,2018-2019,2019-02-09 00:00:00,2019-02-09 00:00:00,Crystal Palace,West Ham United,1,1,D,0,1,A,25,6,5,4,10,4,3,0,0,0,C Pawson,2.1,3.5,3.75,,,,,,
20190209-fulham-manchester-united,ENG Premier League,2018-2019,2019-02-09 00:00:00,2019-02-09 00:00:00,Fulham,Manchester United,0,3,A,0,2,A,15,15,3,7,5,4,3,2,0,0,P Tierney,5.5,4.4,1.61,,,,,,
20190209-huddersfield-arsenal,ENG Premier League,2018-2019,2019-02-09 00:00:00,2019-02-09 00:00:00,Huddersfield,Arsenal,1,2,A,0,2,A,15,9,6,4,5,0,3,2,0,0,J Moss,5.75,4.4,1.6,,,,,,
20190209-liverpool-bournemouth,ENG Premier League,2018-2019,2019-02-09 00:00:00,2019-02-09 00:00:00,Liverpool,Bournemouth,3,0,H,2,0,H,20,12,9,2,8,5,2,2,0,0,A Taylor,1.22,7.5,14.0,,,,,,
20190209-southampton-cardiff,ENG Premier League,2018-2019,2019-02-09 00:00:00,2019-02-09 00:00:00,Southampton,Cardiff,1,2,A,0,0,D,14,6,7,3,8,2,3,3,0,0,M Atkinson,1.75,3.9,5.0,,,,,,
20190209-watford-everton,ENG Premier League,2018-2019,2019-02-09 00:00:00,2019-02-09 00:00:00,Watford,Everton,1,0,H,0,0,D,7,9,2,4,8,2,2,0,0,1,L Probert,2.35,3.5,3.2,,,,,,
20190210-manchester-city-chelsea,ENG Premier League,2018-2019,2019-02-10 00:00:00,2019-02-10 00:00:00,Manchester City,Chelsea,6,0,H,4,0,H,15,12,9,4,2,2,1,2,0,0,M Dean,1.5,4.75,7.0,,,,,,
20190210-tottenham-hotspur-leicester-city,ENG Premier League,2018-2019,2019-02-10 00:00:00,2019-02-10 00:00:00,Tottenham Hotspur,Leicester City,3,1,H,1,0,H,12,20,5,9,2,9,3,1,0,0,M Oliver,1.7,3.9,5.5,,,,,,
20190211-wolverhampton-wanderers-newcastle-united,ENG Premier League,2018-2019,2019-02-11 00:00:00,2019-02-11 00:00:00,Wolverhampton Wanderers,Newcastle United,1,1,D,0,0,D,22,9,6,3,13,1,1,3,0,0,G Scott,1.7,3.75,5.75,,,,,,
20190222-cardiff-watford,ENG Premier League,2018-2019,2019-02-22 00:00:00,2019-02-22 00:00:00,Cardiff,Watford,1,5,A,0,1,A,15,12,6,7,3,3,1,2,0,0,S Hooper,3.1,3.4,2.45,,,,,,
20190222-west-ham-united-fulham,ENG Premier League,2018-2019,2019-02-22 00:00:00,2019-02-22 00:00:00,West Ham United,Fulham,3,1,H,2,1,H,21,8,7,5,12,0,1,1,0,0,L Mason,1.95,3.8,4.0,,,,,,
20190223-bournemouth-wolverhampton-wanderers,ENG Premier League,2018-2019,2019-02-23 00:00:00,2019-02-23 00:00:00,Bournemouth,Wolverhampton Wanderers,1,1,D,1,0,H,10,10,3,2,9,8,4,5,0,0,R East,2.87,3.4,2.62,,,,,,
20190223-burnley-tottenham-hotspur,ENG Premier League,2018-2019,2019-02-23 00:00:00,2019-02-23 00:00:00,Burnley,Tottenham Hotspur,2,1,H,0,0,D,10,17,4,6,7,6,1,3,0,0,M Dean,5.75,3.8,1.7,,,,,,
20190223-leicester-city-crystal-palace,ENG Premier League,2018-2019,2019-02-23 00:00:00,2019-02-23 00:00:00,Leicester City,Crystal Palace,1,4,A,0,1,A,27,7,5,5,8,3,2,1,0,0,A Taylor,2.25,3.4,3.5,,,,,,
20190223-newcastle-united-huddersfield,ENG Premier League,2018-2019,2019-02-23 00:00:00,2019-02-23 00:00:00,Newcastle United,Huddersfield,2,0,H,0,0,D,29,3,12,1,12,0,2,0,0,1,K Friend,1.83,3.5,5.25,,,,,,
20190224-arsenal-southampton,ENG Premier League,2018-2019,2019-02-24 00:00:00,2019-02-24 00:00:00,Arsenal,Southampton,2,0,H,2,0,H,12,10,4,4,6,4,0,0,0,0,G Scott,1.5,4.75,7.0,,,,,,
20190224-manchester-united-liverpool,ENG Premier League,2018-2019,2019-02-24 00:00:00,2019-02-24 00:00:00,Manchester United,Liverpool,0,0,D,0,0,D,6,7,3,1,3,7,1,3,0,0,M Oliver,3.1,3.5,2.37,,,,,,
20190226-cardiff-everton,ENG Premier League,2018-2019,2019-02-26 00:00:00,2019-02-26 00:00:00,Cardiff,Everton,0,3,A,0,1,A,6,12,0,4,3,4,3,1,0,0,K Friend,3.75,3.4,2.15,,,,,,
20190226-huddersfield-wolverhampton-wanderers,ENG Premier League,2018-2019,2019-02-26 00:00:00,2019-02-26 00:00:00,Huddersfield,Wolverhampton Wanderers,1,0,H,0,0,D,15,7,3,0,3,5,2,2,0,0,D Coote,5.0,3.5,1.85,,,,,,
20190226-leicester-city-brighton-hove-albion,ENG Premier League,2018-2019,2019-02-26 00:00:00,2019-02-26 00:00:00,Leicester City,Brighton & Hove Albion,2,1,H,1,0,H,19,15,3,3,4,8,1,1,0,0,L Probert,1.9,3.5,4.6,,,,,,
20190226-newcastle-united-burnley,ENG Premier League,2018-2019,2019-02-26 00:00:00,2019-02-26 00:00:00,Newcastle United,Burnley,2,0,H,2,0,H,12,12,3,2,4,7,1,3,0,0,C Pawson,2.15,3.3,3.9,,,,,,
20190227-arsenal-bournemouth,ENG Premier League,2018-2019,2019-02-27 00:00:00,2019-02-27 00:00:00,Arsenal,Bournemouth,5,1,H,2,1,H,16,13,6,5,9,4,2,2,0,0,C Kavanagh,1.44,5.0,7.5,,,,,,
20190227-chelsea-tottenham-hotspur,ENG Premier League,2018-2019,2019-02-27 00:00:00,2019-02-27 00:00:00,Chelsea,Tottenham Hotspur,2,0,H,0,0,D,11,9,1,0,2,2,1,1,0,0,A Marriner,2.3,3.5,3.25,,,,,,
20190227-crystal-palace-manchester-united,ENG Premier League,2018-2019,2019-02-27 00:00:00,2019-02-27 00:00:00,Crystal Palace,Manchester United,1,3,A,0,1,A,17,13,2,4,5,6,2,3,0,0,M Atkinson,3.25,3.5,2.3,,,,,,
20190227-liverpool-watford,ENG Premier League,2018-2019,2019-02-27 00:00:00,2019-02-27 00:00:00,Liverpool,Watford,5,0,H,2,0,H,19,5,10,3,6,4,0,2,0,0,G Scott,1.28,6.0,12.0,,,,,,
20190227-manchester-city-west-ham-united,ENG Premier League,2018-2019,2019-02-27 00:00:00,2019-02-27 00:00:00,Manchester City,West Ham United,1,0,H,0,0,D,20,2,7,1,12,2,0,2,0,0,S Attwell,1.16,9.0,19.0,,,,,,
20190227-southampton-fulham,ENG Premier League,2018-2019,2019-02-27 00:00:00,2019-02-27 00:00:00,Southampton,Fulham,2,0,H,2,0,H,14,14,4,4,7,4,0,1,0,0,A Taylor,1.9,3.7,4.33,,,,,,
20190302-bournemouth-manchester-city,ENG Premier League,2018-2019,2019-03-02 00:00:00,2019-03-02 00:00:00,Bournemouth,Manchester City,0,1,A,0,0,D,0,23,0,7,0,14,1,2,0,0,K Friend,13.0,7.5,1.22,,,,,,
20190302-brighton-hove-albion-huddersfield,ENG Premier League,2018-2019,2019-03-02 00:00:00,2019-03-02 00:00:00,Brighton & Hove Albion,Huddersfield,1,0,H,0,0,D,13,6,4,4,6,3,2,2,0,0,M Dean,1.85,3.4,5.25,,,,,,
20190302-burnley-crystal-palace,ENG Premier League,2018-2019,2019-03-02 00:00:00,2019-03-02 00:00:00,Burnley,Crystal Palace,1,3,A,0,1,A,18,10,4,4,8,5,1,2,0,0,L Probert,2.8,3.3,2.75,,,,,,
20190302-manchester-united-southampton,ENG Premier League,2018-2019,2019-03-02 00:00:00,2019-03-02 00:00:00,Manchester United,Southampton,3,2,H,0,1,A,16,6,6,3,9,7,2,1,0,0,S Attwell,1.45,4.5,8.5,,,,,,
20190302-tottenham-hotspur-arsenal,ENG Premier League,2018-2019,2019-03-02 00:00:00,2019-03-02 00:00:00,Tottenham Hotspur,Arsenal,1,1,D,0,1,A,10,9,3,4,3,4,3,2,0,1,A Taylor,2.05,3.7,3.75,,,,,,
20190302-west-ham-united-newcastle-united,ENG Premier League,2018-2019,2019-03-02 00:00:00,2019-03-02 00:00:00,West Ham United,Newcastle United,2,0,H,2,0,H,10,17,4,2,1,6,3,4,0,0,C Kavanagh,2.15,3.5,3.6,,,,,,
20190302-wolverhampton-wanderers-cardiff,ENG Premier League,2018-2019,2019-03-02 00:00:00,2019-03-02 00:00:00,Wolverhampton Wanderers,Cardiff,2,0,H,2,0,H,13,12,6,4,7,8,1,2,0,0,A Marriner,1.5,4.33,8.0,,,,,,
20190303-everton-liverpool,ENG Premier League,2018-2019,2019-03-03 00:00:00,2019-03-03 00:00:00,Everton,Liverpool,0,0,D,0,0,D,7,10,3,3,3,7,1,2,0,0,M Atkinson,6.0,4.2,1.61,,,,,,
20190303-fulham-chelsea,ENG Premier League,2018-2019,2019-03-03 00:00:00,2019-03-03 00:00:00,Fulham,Chelsea,1,2,A,1,2,A,12,20,5,7,5,4,2,1,0,0,G Scott,6.5,4.5,1.53,,,,,,
20190303-watford-leicester-city,ENG Premier League,2018-2019,2019-03-03 00:00:00,2019-03-03 00:00:00,Watford,Leicester City,2,1,H,1,0,H,6,14,5,2,1,5,5,1,0,0,J Moss,2.55,3.3,3.0,,,,,,
20190309-cardiff-west-ham-united,ENG Premier League,2018-2019,2019-03-09 00:00:00,2019-03-09 00:00:00,Cardiff,West Ham United,2,0,H,1,0,H,16,9,7,2,7,5,2,1,0,0,G Scott,3.6,3.5,2.15,,,,,,
20190309-crystal-palace-brighton-hove-albion,ENG Premier League,2018-2019,2019-03-09 00:00:00,2019-03-09 00:00:00,Crystal Palace,Brighton & Hove Albion,1,2,A,0,1,A,15,4,3,3,8,0,1,5,0,0,C Pawson,1.83,3.6,5.0,,,,,,
20190309-huddersfield-bournemouth,ENG Premier League,2018-2019,2019-03-09 00:00:00,2019-03-09 00:00:00,Huddersfield,Bournemouth,0,2,A,0,1,A,8,8,1,5,6,5,3,1,0,0,A Taylor,3.4,3.3,2.35,,,,,,
20190309-leicester-city-fulham,ENG Premier League,2018-2019,2019-03-09 00:00:00,2019-03-09 00:00:00,Leicester City,Fulham,3,1,H,1,0,H,18,6,8,3,6,5,0,2,0,0,D Coote,1.57,4.5,6.0,,,,,,
20190309-manchester-city-watford,ENG Premier League,2018-2019,2019-03-09 00:00:00,2019-03-09 00:00:00,Manchester City,Watford,3,1,H,0,0,D,19,2,9,1,9,1,1,1,0,0,P Tierney,1.16,9.0,19.0,,,,,,
20190309-newcastle-united-everton,ENG Premier League,2018-2019,2019-03-09 00:00:00,2019-03-09 00:00:00,Newcastle United,Everton,3,2,H,0,2,A,19,7,7,3,8,2,3,1,0,0,L Mason,2.8,3.25,2.8,,,,,,
20190309-southampton-tottenham-hotspur,ENG Premier League,2018-2019,2019-03-09 00:00:00,2019-03-09 00:00:00,Southampton,Tottenham Hotspur,2,1,H,0,1,A,12,16,4,5,1,10,4,2,0,0,K Friend,4.5,3.8,1.85,,,,,,
20190310-arsenal-manchester-united,ENG Premier League,2018-2019,2019-03-10 00:00:00,2019-03-10 00:00:00,Arsenal,Manchester United,2,0,H,1,0,H,14,14,3,4,5,2,2,2,0,0,J Moss,2.4,3.6,3.0,,,,,,
20190310-chelsea-wolverhampton-wanderers,ENG Premier League,2018-2019,2019-03-10 00:00:00,2019-03-10 00:00:00,Chelsea,Wolverhampton Wanderers,1,1,D,0,0,D,22,2,6,1,13,0,1,4,0,0,M Oliver,1.55,4.2,7.0,,,,,,
20190310-liverpool-burnley,ENG Premier League,2018-2019,2019-03-10 00:00:00,2019-03-10 00:00:00,Liverpool,Burnley,4,2,H,2,1,H,23,3,5,2,7,3,2,0,0,0,A Marriner,1.16,8.5,21.0,,,,,,
20190316-bournemouth-newcastle-united,ENG Premier League,2018-2019,2019-03-16 00:00:00,2019-03-16 00:00:00,Bournemouth,Newcastle United,2,2,D,0,1,A,10,12,3,4,6,6,3,2,0,0,M Dean,2.05,3.6,3.8,,,,,,
20190316-burnley-leicester-city,ENG Premier League,2018-2019,2019-03-16 00:00:00,2019-03-16 00:00:00,Burnley,Leicester City,1,2,A,1,1,D,13,9,2,4,9,3,1,1,0,1,M Oliver,3.1,3.4,2.45,,,,,,
20190316-west-ham-united-huddersfield,ENG Premier League,2018-2019,2019-03-16 00:00:00,2019-03-16 00:00:00,West Ham United,Huddersfield,4,3,H,1,2,A,16,15,5,5,5,8,0,2,0,0,J Moss,1.55,4.2,7.0,,,,,,
20190317-everton-chelsea,ENG Premier League,2018-2019,2019-03-17 00:00:00,2019-03-17 00:00:00,Everton,Chelsea,2,0,H,0,0,D,15,16,8,5,3,4,1,2,0,0,A Taylor,4.0,3.8,1.95,,,,,,
20190317-fulham-liverpool,ENG Premier League,2018-2019,2019-03-17 00:00:00,2019-03-17 00:00:00,Fulham,Liverpool,1,2,A,0,1,A,7,16,2,6,1,10,2,1,0,0,C Pawson,12.0,7.0,1.25,,,,,,
20190330-brighton-hove-albion-southampton,ENG Premier League,2018-2019,2019-03-30 00:00:00,2019-03-30 00:00:00,Brighton & Hove Albion,Southampton,0,1,A,0,0,D,14,8,1,2,6,5,1,2,0,0,M Oliver,2.55,3.2,3.1,,,,,,
20190330-burnley-wolverhampton-wanderers,ENG Premier League,2018-2019,2019-03-30 00:00:00,2019-03-30 00:00:00,Burnley,Wolverhampton Wanderers,2,0,H,1,0,H,5,8,1,1,1,5,1,1,0,0,C Kavanagh,3.2,3.25,2.45,,,,,,
20190330-crystal-palace-huddersfield,ENG Premier League,2018-2019,2019-03-30 00:00:00,2019-03-30 00:00:00,Crystal Palace,Huddersfield,2,0,H,0,0,D,19,15,5,5,5,5,0,0,0,0,L Probert,1.45,4.4,9.0,,,,,,
20190330-fulham-manchester-city,ENG Premier League,2018-2019,2019-03-30 00:00:00,2019-03-30 00:00:00,Fulham,Manchester City,0,2,A,0,2,A,5,24,0,7,0,11,2,0,0,0,K Friend,21.0,11.0,1.12,,,,,,
20190330-leicester-city-bournemouth,ENG Premier League,2018-2019,2019-03-30 00:00:00,2019-03-30 00:00:00,Leicester City,Bournemouth,2,0,H,1,0,H,18,8,4,2,6,1,0,2,0,0,L Mason,1.85,3.8,4.5,,,,,,
20190330-manchester-united-watford,ENG Premier League,2018-2019,2019-03-30 00:00:00,2019-03-30 00:00:00,Manchester United,Watford,2,1,H,1,0,H,8,20,5,8,3,5,1,2,0,0,S Attwell,1.44,4.75,8.0,,,,,,
20190330-west-ham-united-everton,ENG Premier League,2018-2019,2019-03-30 00:00:00,2019-03-30 00:00:00,West Ham United,Everton,0,2,A,0,2,A,3,17,1,9,4,9,1,1,0,0,P Tierney,2.55,3.5,2.9,,,,,,
20190331-cardiff-chelsea,ENG Premier League,2018-2019,2019-03-31 00:00:00,2019-03-31 00:00:00,Cardiff,Chelsea,1,2,A,0,0,D,8,21,3,3,2,7,2,3,0,0,C Pawson,9.0,4.5,1.44,,,,,,
20190331-liverpool-tottenham-hotspur,ENG Premier League,2018-2019,2019-03-31 00:00:00,2019-03-31 00:00:00,Liverpool,Tottenham Hotspur,2,1,H,1,0,H,14,11,3,2,10,3,0,1,0,0,M Atkinson,1.61,4.2,6.0,,,,,,
20190401-arsenal-newcastle-united,ENG Premier League,2018-2019,2019-04-01 00:00:00,2019-04-01 00:00:00,Arsenal,Newcastle United,2,0,H,1,0,H,7,3,4,1,6,2,2,0,0,0,A Taylor,1.36,5.25,9.5,,,,,,
20190402-watford-fulham,ENG Premier League,2018-2019,2019-04-02 00:00:00,2019-04-02 00:00:00,Watford,Fulham,4,1,H,1,1,D,15,17,7,7,6,4,3,2,0,0,R East,1.72,4.0,5.0,,,,,,
20190402-wolverhampton-wanderers-manchester-united,ENG Premier League,2018-2019,2019-04-02 00:00:00,2019-04-02 00:00:00,Wolverhampton Wanderers,Manchester United,2,1,H,1,1,D,9,18,2,4,3,5,1,2,0,1,M Dean,4.0,3.6,2.0,,,,,,
20190403-chelsea-brighton-hove-albion,ENG Premier League,2018-2019,2019-04-03 00:00:00,2019-04-03 00:00:00,Chelsea,Brighton & Hove Albion,3,0,H,1,0,H,17,3,4,1,7,1,0,0,0,0,G Scott,1.25,6.5,15.0,,,,,,
20190403-manchester-city-cardiff,ENG Premier League,2018-2019,2019-04-03 00:00:00,2019-04-03 00:00:00,Manchester City,Cardiff,2,0,H,2,0,H,27,4,11,1,7,4,0,3,0,0,J Moss,1.06,17.0,34.0,,,,,,
20190403-tottenham-hotspur-crystal-palace,ENG Premier League,2018-2019,2019-04-03 00:00:00,2019-04-03 00:00:00,Tottenham Hotspur,Crystal Palace,2,0,H,0,0,D,26,5,10,1,8,2,1,0,0,0,A Marriner,1.45,5.0,7.5,,,,,,
20190405-southampton-liverpool,ENG Premier League,2018-2019,2019-04-05 00:00:00,2019-04-05 00:00:00,Southampton,Liverpool,1,3,A,1,1,D,11,17,1,5,7,5,2,4,0,0,P Tierney,9.0,5.0,1.4,,,,,,
20190406-bournemouth-burnley,ENG Premier League,2018-2019,2019-04-06 00:00:00,2019-04-06 00:00:00,Bournemouth,Burnley,1,3,A,1,2,A,10,11,2,3,3,6,2,3,0,0,M Atkinson,2.1,3.6,3.75,,,,,,
20190406-huddersfield-leicester-city,ENG Premier League,2018-2019,2019-04-06 00:00:00,2019-04-06 00:00:00,Huddersfield,Leicester City,1,4,A,0,1,A,10,18,4,9,8,5,3,0,0,0,D Coote,5.0,4.0,1.72,,,,,,
20190406-newcastle-united-crystal-palace,ENG Premier League,2018-2019,2019-04-06 00:00:00,2019-04-06 00:00:00,Newcastle United,Crystal Palace,0,1,A,0,0,D,18,3,5,1,9,4,1,2,0,0,S Attwell,2.6,3.25,3.0,,,,,,
20190407-everton-arsenal,ENG Premier League,2018-2019,2019-04-07 00:00:00,2019-04-07 00:00:00,Everton,Arsenal,1,0,H,1,0,H,23,7,6,2,9,6,1,4,0,0,K Friend,3.0,3.75,2.35,,,,,,
20190408-chelsea-west-ham-united,ENG Premier League,2018-2019,2019-04-08 00:00:00,2019-04-08 00:00:00,Chelsea,West Ham United,2,0,H,1,0,H,16,9,7,2,7,4,2,1,0,0,C Kavanagh,1.33,5.75,9.5,,,,,,
20190412-leicester-city-newcastle-united,ENG Premier League,2018-2019,2019-04-12 00:00:00,2019-04-12 00:00:00,Leicester City,Newcastle United,0,1,A,0,1,A,12,11,5,5,2,3,2,3,0,0,C Kavanagh,1.66,4.0,5.75,,,,,,
20190413-brighton-hove-albion-bournemouth,ENG Premier League,2018-2019,2019-04-13 00:00:00,2019-04-13 00:00:00,Brighton & Hove Albion,Bournemouth,0,5,A,0,1,A,8,14,1,7,4,1,2,4,1,0,K Friend,2.3,3.4,3.4,,,,,,
20190413-burnley-cardiff,ENG Premier League,2018-2019,2019-04-13 00:00:00,2019-04-13 00:00:00,Burnley,Cardiff,2,0,H,1,0,H,14,14,7,2,8,4,2,3,0,0,M Dean,1.9,3.6,4.5,,,,,,
20190413-fulham-everton,ENG Premier League,2018-2019,2019-04-13 00:00:00,2019-04-13 00:00:00,Fulham,Everton,2,0,H,0,0,D,12,8,5,1,7,3,2,1,0,0,L Probert,5.0,4.0,1.75,,,,,,
20190413-manchester-united-west-ham-united,ENG Premier League,2018-2019,2019-04-13 00:00:00,2019-04-13 00:00:00,Manchester United,West Ham United,2,1,H,1,0,H,14,18,4,4,3,11,1,1,0,0,G Scott,1.4,5.25,8.5,,,,,,
20190413-southampton-wolverhampton-wanderers,ENG Premier League,2018-2019,2019-04-13 00:00:00,2019-04-13 00:00:00,Southampton,Wolverhampton Wanderers,3,1,H,2,1,H,13,17,6,2,4,9,1,3,0,0,J Moss,2.6,3.25,3.0,,,,,,
20190413-tottenham-hotspur-huddersfield,ENG Premier League,2018-2019,2019-04-13 00:00:00,2019-04-13 00:00:00,Tottenham Hotspur,Huddersfield,4,0,H,2,0,H,22,7,5,1,4,2,2,2,0,0,L Mason,1.22,7.0,15.0,,,,,,
20190414-crystal-palace-manchester-city,ENG Premier League,2018-2019,2019-04-14 00:00:00,2019-04-14 00:00:00,Crystal Palace,Manchester City,1,3,A,0,1,A,7,20,3,6,2,9,0,0,0,0,M Atkinson,11.0,6.0,1.3,,,,,,
20190414-liverpool-chelsea,ENG Premier League,2018-2019,2019-04-14 00:00:00,2019-04-14 00:00:00,Liverpool,Chelsea,2,0,H,0,0,D,15,6,7,3,9,2,0,1,0,0,M Oliver,1.66,4.2,5.25,,,,,,
20190415-watford-arsenal,ENG Premier League,2018-2019,2019-04-15 00:00:00,2019-04-15 00:00:00,Watford,Arsenal,0,1,A,0,1,A,11,19,3,6,6,4,2,0,1,0,C Pawson,3.2,3.75,2.25,,,,,,
20190416-brighton-hove-albion-cardiff,ENG Premier League,2018-2019,2019-04-16 00:00:00,2019-04-16 00:00:00,Brighton & Hove Albion,Cardiff,0,2,A,0,1,A,14,10,2,3,5,4,0,1,0,0,A Marriner,2.0,3.3,4.5,,,,,,
20190420-bournemouth-fulham,ENG Premier League,2018-2019,2019-04-20 00:00:00,2019-04-20 00:00:00,Bournemouth,Fulham,0,1,A,0,0,D,15,17,5,5,3,7,1,3,0,0,D Coote,1.65,4.4,5.25,,,,,,
20190420-huddersfield-watford,ENG Premier League,2018-2019,2019-04-20 00:00:00,2019-04-20 00:00:00,Huddersfield,Watford,1,2,A,0,1,A,13,11,3,6,2,2,2,2,0,0,R East,4.4,3.9,1.85,,,,,,
20190420-manchester-city-tottenham-hotspur,ENG Premier League,2018-2019,2019-04-20 00:00:00,2019-04-20 00:00:00,Manchester City,Tottenham Hotspur,1,0,H,1,0,H,15,10,4,4,4,4,1,2,0,0,M Oliver,1.3,6.0,11.0,,,,,,
20190420-newcastle-united-southampton,ENG Premier League,2018-2019,2019-04-20 00:00:00,2019-04-20 00:00:00,Newcastle United,Southampton,3,1,H,2,0,H,15,15,6,3,4,11,0,2,0,0,A Taylor,2.55,3.2,3.1,,,,,,
20190420-west-ham-united-leicester-city,ENG Premier League,2018-2019,2019-04-20 00:00:00,2019-04-20 00:00:00,West Ham United,Leicester City,2,2,D,1,0,H,11,11,3,5,6,8,2,0,0,0,L Probert,3.3,3.5,2.3,,,,,,
20190420-wolverhampton-wanderers-brighton-hove-albion,ENG Premier League,2018-2019,2019-04-20 00:00:00,2019-04-20 00:00:00,Wolverhampton Wanderers,Brighton & Hove Albion,0,0,D,0,0,D,22,5,5,0,14,1,0,1,0,0,C Pawson,1.75,3.5,6.0,,,,,,
20190421-arsenal-crystal-palace,ENG Premier League,2018-2019,2019-04-21 00:00:00,2019-04-21 00:00:00,Arsenal,Crystal Palace,2,3,A,0,1,A,12,16,5,7,8,3,4,1,0,0,J Moss,1.53,4.6,6.5,,,,,,
20190421-cardiff-liverpool,ENG Premier League,2018-2019,2019-04-21 00:00:00,2019-04-21 00:00:00,Cardiff,Liverpool,0,2,A,0,0,D,7,17,2,6,5,10,1,1,0,0,M Atkinson,17.0,7.5,1.2,,,,,,
20190421-everton-manchester-united,ENG Premier League,2018-2019,2019-04-21 00:00:00,2019-04-21 00:00:00,Everton,Manchester United,4,0,H,2,0,H,15,7,8,1,10,2,1,1,0,0,P Tierney,3.25,3.5,2.3,,,,,,
20190422-chelsea-burnley,ENG Premier League,2018-2019,2019-04-22 00:00:00,2019-04-22 00:00:00,Chelsea,Burnley,2,2,D,2,2,D,22,6,9,3,10,1,2,1,0,0,K Friend,1.25,6.25,15.0,,,,,,
20190423-tottenham-hotspur-brighton-hove-albion,ENG Premier League,2018-2019,2019-04-23 00:00:00,2019-04-23 00:00:00,Tottenham Hotspur,Brighton & Hove Albion,1,0,H,0,0,D,29,6,5,1,6,3,1,2,0,0,C Kavanagh,1.28,6.0,13.0,,,,,,
20190423-watford-southampton,ENG Premier League,2018-2019,2019-04-23 00:00:00,2019-04-23 00:00:00,Watford,Southampton,1,1,D,0,1,A,15,8,4,4,3,4,5,2,0,0,M Dean,2.25,3.5,3.4,,,,,,
20190424-manchester-united-manchester-city,ENG Premier League,2018-2019,2019-04-24 00:00:00,2019-04-24 00:00:00,Manchester United,Manchester City,0,2,A,0,0,D,12,8,1,5,1,1,2,2,0,0,A Marriner,7.5,5.0,1.44,,,,,,
20190424-wolverhampton-wanderers-arsenal,ENG Premier League,2018-2019,2019-04-24 00:00:00,2019-04-24 00:00:00,Wolverhampton Wanderers,Arsenal,3,1,H,3,0,H,11,11,3,1,5,5,2,3,0,0,S Attwell,2.9,3.5,2.55,,,,,,
20190426-liverpool-huddersfield,ENG Premier League,2018-2019,2019-04-26 00:00:00,2019-04-26 00:00:00,Liverpool,Huddersfield,5,0,H,3,0,H,21,5,7,1,4,4,0,0,0,0,K Friend,1.07,15.0,41.0,,,,,,
20190427-brighton-hove-albion-newcastle-united,ENG Premier League,2018-2019,2019-04-27 00:00:00,2019-04-27 00:00:00,Brighton & Hove Albion,Newcastle United,1,1,D,0,1,A,9,9,2,1,7,4,2,3,0,0,M Dean,2.3,3.2,3.6,,,,,,
20190427-crystal-palace-everton,ENG Premier League,2018-2019,2019-04-27 00:00:00,2019-04-27 00:00:00,Crystal Palace,Everton,0,0,D,0,0,D,8,22,0,3,5,10,2,0,0,0,L Mason,2.62,3.5,2.8,,,,,,
20190427-fulham-cardiff,ENG Premier League,2018-2019,2019-04-27 00:00:00,2019-04-27 00:00:00,Fulham,Cardiff,1,0,H,0,0,D,8,13,2,8,10,3,0,0,0,0,C Kavanagh,2.4,3.6,3.0,,,,,,
20190427-southampton-bournemouth,ENG Premier League,2018-2019,2019-04-27 00:00:00,2019-04-27 00:00:00,Southampton,Bournemouth,3,3,D,1,2,A,22,9,7,5,9,3,2,1,0,0,G Scott,1.9,3.9,4.1,,,,,,
20190427-tottenham-hotspur-west-ham-united,ENG Premier League,2018-2019,2019-04-27 00:00:00,2019-04-27 00:00:00,Tottenham Hotspur,West Ham United,0,1,A,0,0,D,14,16,4,7,2,7,0,2,0,0,A Taylor,1.4,5.5,7.5,,,,,,
20190427-watford-wolverhampton-wanderers,ENG Premier League,2018-2019,2019-04-27 00:00:00,2019-04-27 00:00:00,Watford,Wolverhampton Wanderers,1,2,A,0,1,A,10,11,1,4,4,5,3,2,0,0,S Hooper,2.62,3.3,2.9,,,,,,
20190428-burnley-manchester-city,ENG Premier League,2018-2019,2019-04-28 00:00:00,2019-04-28 00:00:00,Burnley,Manchester City,0,1,A,0,0,D,2,25,0,7,0,6,1,1,0,0,P Tierney,23.0,9.0,1.14,,,,,,
20190428-leicester-city-arsenal,ENG Premier League,2018-2019,2019-04-28 00:00:00,2019-04-28 00:00:00,Leicester City,Arsenal,3,0,H,0,0,D,24,6,12,1,8,6,3,1,0,1,M Oliver,2.75,3.6,2.6,,,,,,
20190428-manchester-united-chelsea,ENG Premier League,2018-2019,2019-04-28 00:00:00,2019-04-28 00:00:00,Manchester United,Chelsea,1,1,D,1,1,D,7,16,5,3,6,6,3,2,0,0,M Atkinson,2.7,3.5,2.7,,,,,,
20190503-everton-burnley,ENG Premier League,2018-2019,2019-05-03 00:00:00,2019-05-03 00:00:00,Everton,Burnley,2,0,H,2,0,H,20,5,6,1,8,1,0,2,0,0,C Kavanagh,1.66,4.0,5.75,,,,,,
20190504-bournemouth-tottenham-hotspur,ENG Premier League,2018-2019,2019-05-04 00:00:00,2019-05-04 00:00:00,Bournemouth,Tottenham Hotspur,1,0,H,0,0,D,20,11,6,5,10,6,1,5,0,2,C Pawson,4.0,4.0,1.9,,,,,,
20190504-cardiff-crystal-palace,ENG Premier League,2018-2019,2019-05-04 00:00:00,2019-05-04 00:00:00,Cardiff,Crystal Palace,2,3,A,1,2,A,18,21,8,7,10,5,0,0,0,0,M Oliver,2.6,3.75,2.7,,,,,,
20190504-newcastle-united-liverpool,ENG Premier League,2018-2019,2019-05-04 00:00:00,2019-05-04 00:00:00,Newcastle United,Liverpool,2,3,A,1,2,A,14,11,7,4,2,3,1,1,0,0,A Marriner,9.5,5.25,1.36,,,,,,
20190504-west-ham-united-southampton,ENG Premier League,2018-2019,2019-05-04 00:00:00,2019-05-04 00:00:00,West Ham United,Southampton,3,0,H,1,0,H,17,11,6,1,2,7,1,1,0,0,S Attwell,2.3,3.75,3.1,,,,,,
20190504-wolverhampton-wanderers-fulham,ENG Premier League,2018-2019,2019-05-04 00:00:00,2019-05-04 00:00:00,Wolverhampton Wanderers,Fulham,1,0,H,0,0,D,19,6,6,2,7,1,1,3,0,0,J Moss,1.53,4.2,7.5,,,,,,
20190505-arsenal-brighton-hove-albion,ENG Premier League,2018-2019,2019-05-05 00:00:00,2019-05-05 00:00:00,Arsenal,Brighton & Hove Albion,1,1,D,1,0,H,20,11,8,5,16,3,5,2,0,0,A Taylor,1.4,5.0,9.0,,,,,,
20190505-chelsea-watford,ENG Premier League,2018-2019,2019-05-05 00:00:00,2019-05-05 00:00:00,Chelsea,Watford,3,0,H,0,0,D,19,15,9,3,6,6,0,1,0,0,P Tierney,1.4,5.25,8.0,,,,,,
20190505-huddersfield-manchester-united,ENG Premier League,2018-2019,2019-05-05 00:00:00,2019-05-05 00:00:00,Huddersfield,Manchester United,1,1,D,0,1,A,7,23,3,7,3,7,1,1,0,0,L Mason,11.0,6.0,1.3,,,,,,
20190506-manchester-city-leicester-city,ENG Premier League,2018-2019,2019-05-06 00:00:00,2019-05-06 00:00:00,Manchester City,Leicester City,1,0,H,0,0,D,19,7,5,2,11,0,3,2,0,0,M Dean,1.12,8.5,17.0,,,,,,
20190512-brighton-hove-albion-manchester-city,ENG Premier League,2018-2019,2019-05-12 00:00:00,2019-05-12 00:00:00,Brighton & Hove Albion,Manchester City,1,4,A,1,2,A,6,20,2,9,2,6,0,0,0,0,M Oliver,19.0,8.5,1.16,,,,,,
20190512-burnley-arsenal,ENG Premier League,2018-2019,2019-05-12 00:00:00,2019-05-12 00:00:00,Burnley,Arsenal,1,3,A,0,0,D,14,17,5,6,4,5,5,1,0,0,M Dean,3.25,3.8,2.2,,,,,,
20190512-crystal-palace-bournemouth,ENG Premier League,2018-2019,2019-05-12 00:00:00,2019-05-12 00:00:00,Crystal Palace,Bournemouth,5,3,H,3,1,H,17,16,8,8,4,4,3,0,0,0,R East,1.9,4.2,3.8,,,,,,
20190512-fulham-newcastle-united,ENG Premier League,2018-2019,2019-05-12 00:00:00,2019-05-12 00:00:00,Fulham,Newcastle United,0,4,A,0,2,A,16,13,2,6,5,5,1,0,0,0,K Friend,2.5,3.6,2.9,,,,,,
20190512-leicester-city-chelsea,ENG Premier League,2018-2019,2019-05-12 00:00:00,2019-05-12 00:00:00,Leicester City,Chelsea,0,0,D,0,0,D,9,14,3,4,4,5,0,1,0,0,A Taylor,2.4,3.75,2.9,,,,,,
20190512-liverpool-wolverhampton-wanderers,ENG Premier League,2018-2019,2019-05-12 00:00:00,2019-05-12 00:00:00,Liverpool,Wolverhampton Wanderers,2,0,H,1,0,H,13,7,5,2,4,1,0,2,0,0,M Atkinson,1.3,6.0,11.0,,,,,,
20190512-manchester-united-cardiff,ENG Premier League,2018-2019,2019-05-12 00:00:00,2019-05-12 00:00:00,Manchester United,Cardiff,0,2,A,0,1,A,26,13,10,4,11,2,3,3,0,0,J Moss,1.28,6.5,11.0,,,,,,
20190512-southampton-huddersfield,ENG Premier League,2018-2019,2019-05-12 00:00:00,2019-05-12 00:00:00,Southampton,Huddersfield,1,1,D,1,0,H,10,10,3,3,4,3,0,1,0,0,L Probert,1.44,4.75,8.5,,,,,,
20190512-tottenham-hotspur-everton,ENG Premier League,2018-2019,2019-05-12 00:00:00,2019-05-12 00:00:00,Tottenham Hotspur,Everton,2,2,D,1,0,H,11,17,3,9,7,4,0,2,0,0,A Marriner,2.2,3.5,3.5,,,,,,
20190512-watford-west-ham-united,ENG Premier League,2018-2019,2019-05-12 00:00:00,2019-05-12 00:00:00,Watford,West Ham United,1,4,A,0,2,A,17,16,8,9,7,2,1,0,1,0,C Kavanagh,2.25,3.75,3.2,,,,,,
20190809-liverpool-norwich-city,ENG Premier League,2019-2020,2019-08-09 20:00:00,2019-08-09 00:00:00,Liverpool,Norwich City,4,1,H,4,0,H,15,12,7,5,11,2,0,2,0,0,M Oliver,1.14,10.0,19.0,1.14,8.75,19.83,1.16,10.0,23.0
20190810-west-ham-united-manchester-city,ENG Premier League,2019-2020,2019-08-10 12:30:00,2019-08-10 00:00:00,West Ham United,Manchester City,0,5,A,0,1,A,5,14,3,9,1,1,2,2,0,0,M Dean,12.0,6.5,1.22,11.84,6.28,1.25,13.0,6.75,1.29
20190810-bournemouth-sheffield-united,ENG Premier League,2019-2020,2019-08-10 15:00:00,2019-08-10 00:00:00,Bournemouth,Sheffield United,1,1,D,0,0,D,13,8,3,3,3,4,2,1,0,0,K Friend,1.95,3.6,3.6,2.01,3.53,3.83,2.06,3.65,4.0
20190810-burnley-southampton,ENG Premier League,2019-2020,2019-08-10 15:00:00,2019-08-10 00:00:00,Burnley,Southampton,3,0,H,0,0,D,10,11,4,3,2,7,0,0,0,0,G Scott,2.62,3.2,2.75,2.68,3.22,2.78,2.8,3.33,2.85
20190810-crystal-palace-everton,ENG Premier League,2019-2020,2019-08-10 15:00:00,2019-08-10 00:00:00,Crystal Palace,Everton,0,0,D,0,0,D,6,10,2,3,6,2,2,1,0,1,J Moss,3.0,3.25,2.37,3.13,3.27,2.4,3.21,3.4,2.52
20190810-watford-brighton-hove-albion,ENG Premier League,2019-2020,2019-08-10 15:00:00,2019-08-10 00:00:00,Watford,Brighton & Hove Albion,0,3,A,0,1,A,11,5,3,3,5,2,0,1,0,0,C Pawson,1.9,3.4,4.0,1.94,3.41,4.26,2.0,3.5,4.6
20190810-tottenham-hotspur-aston-villa,ENG Premier League,2019-2020,2019-08-10 17:30:00,2019-08-10 00:00:00,Tottenham Hotspur,Aston Villa,3,1,H,0,1,A,31,7,7,4,14,0,1,0,0,0,C Kavanagh,1.3,5.25,10.0,1.3,5.53,10.51,1.33,5.95,12.0
20190811-leicester-city-wolverhampton-wanderers,ENG Premier League,2019-2020,2019-08-11 14:00:00,2019-08-11 00:00:00,Leicester City,Wolverhampton Wanderers,0,0,D,0,0,D,15,8,1,2,12,3,0,2,0,0,A Marriner,2.2,3.2,3.4,2.22,3.28,3.48,2.29,3.38,3.66
20190811-newcastle-united-arsenal,ENG Premier League,2019-2020,2019-08-11 14:00:00,2019-08-11 00:00:00,Newcastle United,Arsenal,0,1,A,0,0,D,9,8,2,2,5,3,1,3,0,0,M Atkinson,4.5,3.75,1.72,4.49,3.82,1.79,4.7,4.0,1.83
20190811-manchester-united-chelsea,ENG Premier League,2019-2020,2019-08-11 16:30:00,2019-08-11 00:00:00,Manchester United,Chelsea,4,0,H,1,0,H,11,18,5,7,3,5,3,4,0,0,A Taylor,2.1,3.3,3.5,2.19,3.32,3.49,2.28,3.43,3.63
20190817-arsenal-burnley,ENG Premier League,2019-2020,2019-08-17 12:30:00,2019-08-17 00:00:00,Arsenal,Burnley,2,1,H,1,1,D,16,18,9,5,10,7,2,1,0,0,M Dean,1.3,5.5,10.0,1.33,5.49,9.48,1.36,5.75,11.0
20190817-aston-villa-bournemouth,ENG Premier League,2019-2020,2019-08-17 15:00:00,2019-08-17 00:00:00,Aston Villa,Bournemouth,1,2,A,0,2,A,22,12,7,4,10,5,0,2,0,0,M Atkinson,2.3,3.4,3.1,2.33,3.49,3.08,2.42,3.64,3.2
20190817-brighton-hove-albion-west-ham-united,ENG Premier League,2019-2020,2019-08-17 15:00:00,2019-08-17 00:00:00,Brighton & Hove Albion,West Ham United,1,1,D,0,0,D,16,8,4,3,8,6,0,2,0,0,A Taylor,2.55,3.25,2.87,2.52,3.33,2.9,2.65,3.42,3.0
20190817-everton-watford,ENG Premier League,2019-2020,2019-08-17 15:00:00,2019-08-17 00:00:00,Everton,Watford,1,0,H,1,0,H,12,8,2,2,4,7,2,3,0,0,L Mason,1.72,3.8,4.75,1.73,3.9,4.86,1.8,4.05,5.2
20190817-norwich-city-newcastle-united,ENG Premier League,2019-2020,2019-08-17 15:00:00,2019-08-17 00:00:00,Norwich City,Newcastle United,3,1,H,1,0,H,15,10,8,3,7,5,1,3,0,0,S Attwell,2.25,3.3,3.3,2.23,3.38,3.38,2.3,3.5,3.5
20190817-southampton-liverpool,ENG Premier League,2019-2020,2019-08-17 15:00:00,2019-08-17 00:00:00,Southampton,Liverpool,1,2,A,0,1,A,14,15,3,6,5,9,2,1,0,0,A Marriner,6.5,4.75,1.44,6.77,4.67,1.47,7.5,4.9,1.52
20190817-manchester-city-tottenham-hotspur,ENG Premier League,2019-2020,2019-08-17 17:30:00,2019-08-17 00:00:00,Manchester City,Tottenham Hotspur,2,2,D,2,1,H,30,3,10,2,13,2,1,0,0,0,M Oliver,1.36,5.25,8.0,1.36,5.32,8.46,1.4,5.5,9.0
20190818-sheffield-united-crystal-palace,ENG Premier League,2019-2020,2019-08-18 14:00:00,2019-08-18 00:00:00,Sheffield United,Crystal Palace,1,0,H,0,0,D,15,6,3,4,8,4,3,1,0,0,D Coote,2.55,3.1,2.9,2.57,3.19,2.95,2.65,3.35,3.1
20190818-chelsea-leicester-city,ENG Premier League,2019-2020,2019-08-18 16:30:00,2019-08-18 00:00:00,Chelsea,Leicester City,1,1,D,1,0,H,14,12,5,3,4,5,1,0,0,0,O Langford,1.7,3.75,5.0,1.73,3.77,5.07,1.77,4.0,5.35
20190819-wolverhampton-wanderers-manchester-united,ENG Premier League,2019-2020,2019-08-19 20:00:00,2019-08-19 00:00:00,Wolverhampton Wanderers,Manchester United,1,1,D,0,1,A,6,9,2,2,4,6,2,2,0,0,J Moss,3.3,3.3,2.25,3.32,3.28,2.3,3.41,3.4,2.35
20190823-aston-villa-everton,ENG Premier League,2019-2020,2019-08-23 20:00:00,2019-08-23 00:00:00,Aston Villa,Everton,2,0,H,1,0,H,7,12,3,1,0,6,2,3,0,0,M Oliver,3.25,3.5,2.15,3.16,3.5,2.27,3.26,3.72,2.35
20190824-norwich-city-chelsea,ENG Premier League,2019-2020,2019-08-24 12:30:00,2019-08-24 00:00:00,Norwich City,Chelsea,2,3,A,2,2,D,6,23,5,8,1,8,1,1,0,0,M Atkinson,4.33,3.75,1.8,4.18,3.92,1.83,4.4,4.07,1.87
20190824-brighton-hove-albion-southampton,ENG Premier League,2019-2020,2019-08-24 15:00:00,2019-08-24 00:00:00,Brighton & Hove Albion,Southampton,0,2,A,0,0,D,12,12,3,4,8,5,1,3,1,0,K Friend,2.4,3.3,3.0,2.43,3.25,3.08,2.55,3.4,3.2
20190824-manchester-united-crystal-palace,ENG Premier League,2019-2020,2019-08-24 15:00:00,2019-08-24 00:00:00,Manchester United,Crystal Palace,1,2,A,0,1,A,22,5,3,3,8,1,2,4,0,0,P Tierney,1.33,5.25,9.0,1.36,5.06,9.16,1.39,5.3,10.75
20190824-sheffield-united-leicester-city,ENG Premier League,2019-2020,2019-08-24 15:00:00,2019-08-24 00:00:00,Sheffield United,Leicester City,1,2,A,0,1,A,8,10,3,2,7,4,1,0,0,0,A Madley,3.3,3.3,2.25,3.45,3.23,2.26,3.6,3.34,2.32
20190824-watford-west-ham-united,ENG Premier League,2019-2020,2019-08-24 15:00:00,2019-08-24 00:00:00,Watford,West Ham United,1,3,A,1,1,D,23,16,3,10,8,7,1,1,0,0,C Kavanagh,2.05,3.5,3.5,2.13,3.53,3.47,2.2,3.65,3.65
20190824-liverpool-arsenal,ENG Premier League,2019-2020,2019-08-24 17:30:00,2019-08-24 00:00:00,Liverpool,Arsenal,3,1,H,1,0,H,25,9,5,3,6,4,1,1,0,0,A Taylor,1.5,4.6,6.0,1.5,4.76,6.09,1.53,5.0,6.5
20190825-bournemouth-manchester-city,ENG Premier League,2019-2020,2019-08-25 14:00:00,2019-08-25 00:00:00,Bournemouth,Manchester City,1,3,A,1,2,A,10,19,7,5,4,5,1,3,0,0,A Marriner,15.0,7.5,1.16,14.52,7.28,1.19,17.0,8.0,1.22
20190825-tottenham-hotspur-newcastle-united,ENG Premier League,2019-2020,2019-08-25 16:30:00,2019-08-25 00:00:00,Tottenham Hotspur,Newcastle United,0,1,A,0,1,A,17,8,2,3,6,6,2,2,0,0,M Dean,1.2,6.5,14.0,1.24,6.26,12.35,1.27,6.75,14.0
20190825-wolverhampton-wanderers-burnley,ENG Premier League,2019-2020,2019-08-25 16:30:00,2019-08-25 00:00:00,Wolverhampton Wanderers,Burnley,1,1,D,0,1,A,17,13,2,4,4,3,0,2,0,0,C Pawson,1.85,3.4,4.5,1.85,3.43,4.78,1.9,3.55,5.06
20190831-southampton-manchester-united,ENG Premier League,2019-2020,2019-08-31 12:30:00,2019-08-31 00:00:00,Southampton,Manchester United,1,1,D,0,1,A,10,21,2,8,2,3,1,2,1,0,M Dean,3.8,3.3,2.05,3.75,3.38,2.1,3.9,3.48,2.15
20190831-chelsea-sheffield-united,ENG Premier League,2019-2020,2019-08-31 15:00:00,2019-08-31 00:00:00,Chelsea,Sheffield United,2,2,D,2,0,H,13,8,5,2,3,4,0,1,0,0,S Attwell,1.36,4.75,9.0,1.36,4.98,9.53,1.4,5.3,10.75
20190831-crystal-palace-aston-villa,ENG Premier League,2019-2020,2019-08-31 15:00:00,2019-08-31 00:00:00,Crystal Palace,Aston Villa,1,0,H,0,0,D,22,10,5,2,13,2,2,4,0,1,K Friend,2.15,3.3,3.5,2.21,3.38,3.43,2.27,3.46,3.6
20190831-leicester-city-bournemouth,ENG Premier League,2019-2020,2019-08-31 15:00:00,2019-08-31 00:00:00,Leicester City,Bournemouth,3,1,H,2,1,H,13,8,5,2,4,5,1,3,0,0,P Bankes,1.7,4.0,4.75,1.72,4.02,4.81,1.77,4.12,5.0
20190831-manchester-city-brighton-hove-albion,ENG Premier League,2019-2020,2019-08-31 15:00:00,2019-08-31 00:00:00,Manchester City,Brighton & Hove Albion,4,0,H,2,0,H,15,6,6,2,8,1,1,1,0,0,J Moss,1.08,10.0,26.0,1.09,11.73,30.92,1.1,13.01,36.0
20190831-newcastle-united-watford,ENG Premier League,2019-2020,2019-08-31 15:00:00,2019-08-31 00:00:00,Newcastle United,Watford,1,1,D,1,1,D,13,13,5,3,6,5,2,3,0,0,G Scott,2.5,3.25,2.87,2.63,3.24,2.86,2.73,3.32,3.0
20190831-west-ham-united-norwich-city,ENG Premier League,2019-2020,2019-08-31 15:00:00,2019-08-31 00:00:00,West Ham United,Norwich City,2,0,H,1,0,H,18,8,8,3,8,2,2,1,0,0,P Tierney,1.85,3.9,3.9,1.89,3.91,3.92,1.94,4.03,4.1
20190831-burnley-liverpool,ENG Premier League,2019-2020,2019-08-31 17:30:00,2019-08-31 00:00:00,Burnley,Liverpool,0,3,A,0,2,A,7,15,2,7,6,4,0,0,0,0,C Kavanagh,9.5,5.5,1.3,9.45,5.43,1.33,11.0,5.7,1.37
20190901-everton-wolverhampton-wanderers,ENG Premier League,2019-2020,2019-09-01 14:00:00,2019-09-01 00:00:00,Everton,Wolverhampton Wanderers,3,2,H,2,1,H,15,8,6,5,7,7,1,4,0,1,A Taylor,2.2,3.25,3.5,2.17,3.29,3.65,2.22,3.4,3.85
20190901-arsenal-tottenham-hotspur,ENG Premier League,2019-2020,2019-09-01 16:30:00,2019-09-01 00:00:00,Arsenal,Tottenham Hotspur,2,2,D,1,2,A,26,13,8,9,11,6,3,5,0,0,M Atkinson,2.37,3.6,2.8,2.38,3.63,2.9,2.43,3.75,3.0
20190914-liverpool-newcastle-united,ENG Premier League,2019-2020,2019-09-14 12:30:00,2019-09-14 00:00:00,Liverpool,Newcastle United,3,1,H,2,1,H,21,8,9,1,10,1,0,0,0,0,A Marriner,1.14,8.5,17.0,1.15,8.27,19.45,1.18,9.15,23.0
20190914-brighton-hove-albion-burnley,ENG Premier League,2019-2020,2019-09-14 15:00:00,2019-09-14 00:00:00,Brighton & Hove Albion,Burnley,1,1,D,0,0,D,14,7,5,1,3,6,0,2,0,0,M Oliver,2.15,3.3,3.5,2.15,3.34,3.62,2.2,3.42,3.8
20190914-manchester-united-leicester-city,ENG Premier League,2019-2020,2019-09-14 15:00:00,2019-09-14 00:00:00,Manchester United,Leicester City,1,0,H,1,0,H,10,9,5,3,3,9,1,2,0,0,M Atkinson,1.95,3.5,4.0,1.94,3.55,4.12,2.0,3.8,4.5
20190914-sheffield-united-southampton,ENG Premier League,2019-2020,2019-09-14 15:00:00,2019-09-14 00:00:00,Sheffield United,Southampton,0,1,A,0,0,D,17,11,4,7,12,6,1,1,1,0,L Mason,2.45,3.2,3.0,2.46,3.26,3.06,2.55,3.35,3.15
20190914-tottenham-hotspur-crystal-palace,ENG Premier League,2019-2020,2019-09-14 15:00:00,2019-09-14 00:00:00,Tottenham Hotspur,Crystal Palace,4,0,H,4,0,H,13,11,5,6,4,3,4,2,0,0,C Pawson,1.36,5.25,8.0,1.39,5.0,8.24,1.45,5.25,9.0
20190914-wolverhampton-wanderers-chelsea,ENG Premier League,2019-2020,2019-09-14 15:00:00,2019-09-14 00:00:00,Wolverhampton Wanderers,Chelsea,2,5,A,0,3,A,11,15,4,6,7,5,1,2,0,0,G Scott,2.9,3.3,2.5,2.97,3.36,2.46,3.07,3.43,2.6
20190914-norwich-city-manchester-city,ENG Premier League,2019-2020,2019-09-14 17:30:00,2019-09-14 00:00:00,Norwich City,Manchester City,3,2,H,2,1,H,7,25,3,8,3,16,3,1,0,0,K Friend,15.0,9.0,1.14,17.04,9.03,1.15,21.0,9.85,1.18
20190915-bournemouth-everton,ENG Premier League,2019-2020,2019-09-15 14:00:00,2019-09-15 00:00:00,Bournemouth,Everton,3,1,H,1,1,D,13,14,6,5,7,7,0,4,0,0,P Tierney,2.9,3.5,2.4,3.01,3.48,2.37,3.1,3.55,2.5
20190915-watford-arsenal,ENG Premier League,2019-2020,2019-09-15 16:30:00,2019-09-15 00:00:00,Watford,Arsenal,2,2,D,0,2,A,31,10,7,4,7,1,3,3,0,0,A Taylor,3.6,3.6,2.0,3.64,3.74,2.01,3.9,3.9,2.08
20190916-aston-villa-west-ham-united,ENG Premier League,2019-2020,2019-09-16 20:00:00,2019-09-16 00:00:00,Aston Villa,West Ham United,0,0,D,0,0,D,10,13,5,1,2,4,2,1,0,1,M Dean,2.62,3.5,2.6,2.64,3.56,2.63,2.7,3.67,2.7
20190920-southampton-bournemouth,ENG Premier League,2019-2020,2019-09-20 20:00:00,2019-09-20 00:00:00,Southampton,Bournemouth,1,3,A,0,2,A,25,6,6,3,4,5,1,3,0,0,C Kavanagh,2.05,3.6,3.5,2.1,3.62,3.5,2.17,3.7,3.7
20190921-leicester-city-tottenham-hotspur,ENG Premier League,2019-2020,2019-09-21 12:30:00,2019-09-21 00:00:00,Leicester City,Tottenham Hotspur,2,1,H,0,1,A,16,11,7,4,8,2,1,2,0,0,P Tierney,2.87,3.5,2.37,2.87,3.5,2.45,2.95,3.6,2.55
20190921-burnley-norwich-city,ENG Premier League,2019-2020,2019-09-21 15:00:00,2019-09-21 00:00:00,Burnley,Norwich City,2,0,H,2,0,H,13,11,6,2,7,3,0,1,0,0,D Coote,2.0,3.8,3.5,1.99,3.76,3.67,2.05,3.9,3.8
20190921-everton-sheffield-united,ENG Premier League,2019-2020,2019-09-21 15:00:00,2019-09-21 00:00:00,Everton,Sheffield United,0,2,A,0,1,A,16,2,3,1,12,3,1,3,0,0,S Hooper,1.61,3.75,6.0,1.67,3.8,5.58,1.71,4.0,6.0
20190921-manchester-city-watford,ENG Premier League,2019-2020,2019-09-21 15:00:00,2019-09-21 00:00:00,Manchester City,Watford,8,0,H,5,0,H,28,5,11,4,5,4,2,2,0,0,M Dean,1.1,11.0,21.0,1.11,10.24,23.21,1.13,11.5,31.0
20190921-newcastle-united-brighton-hove-albion,ENG Premier League,2019-2020,2019-09-21 17:30:00,2019-09-21 00:00:00,Newcastle United,Brighton & Hove Albion,0,0,D,0,0,D,11,16,4,3,5,3,2,1,0,0,M Atkinson,2.5,3.2,3.0,2.5,3.16,3.07,2.55,3.28,3.2
20190922-crystal-palace-wolverhampton-wanderers,ENG Premier League,2019-2020,2019-09-22 14:00:00,2019-09-22 00:00:00,Crystal Palace,Wolverhampton Wanderers,1,1,D,0,0,D,13,14,4,4,6,7,2,1,0,1,S Attwell,2.62,3.1,2.87,2.64,3.11,2.93,2.7,3.2,3.0
20190922-west-ham-united-manchester-united,ENG Premier League,2019-2020,2019-09-22 14:00:00,2019-09-22 00:00:00,West Ham United,Manchester United,2,0,H,1,0,H,8,9,6,3,3,7,2,2,0,0,A Taylor,3.1,3.6,2.2,3.24,3.59,2.21,3.45,3.72,2.28
20190922-arsenal-aston-villa,ENG Premier League,2019-2020,2019-09-22 16:30:00,2019-09-22 00:00:00,Arsenal,Aston Villa,3,2,H,0,1,A,21,14,6,9,9,4,5,1,1,0,J Moss,1.4,4.75,8.0,1.42,4.9,7.49,1.45,5.05,8.25
20190922-chelsea-liverpool,ENG Premier League,2019-2020,2019-09-22 16:30:00,2019-09-22 00:00:00,Chelsea,Liverpool,1,2,A,0,2,A,13,6,2,3,6,4,3,3,0,0,M Oliver,3.5,3.75,2.0,3.58,3.69,2.04,3.75,3.83,2.1
20190928-sheffield-united-liverpool,ENG Premier League,2019-2020,2019-09-28 12:30:00,2019-09-28 00:00:00,Sheffield United,Liverpool,0,1,A,0,0,D,12,16,2,4,6,5,1,1,0,0,A Taylor,9.0,5.25,1.33,8.9,5.17,1.36,10.0,5.4,1.39
20190928-aston-villa-burnley,ENG Premier League,2019-2020,2019-09-28 15:00:00,2019-09-28 00:00:00,Aston Villa,Burnley,2,2,D,1,0,H,16,10,3,3,7,3,1,4,0,0,L Mason,2.3,3.4,3.1,2.38,3.38,3.08,2.45,3.47,3.18
20190928-bournemouth-west-ham-united,ENG Premier League,2019-2020,2019-09-28 15:00:00,2019-09-28 00:00:00,Bournemouth,West Ham United,2,2,D,1,1,D,13,17,5,6,6,6,3,1,0,0,S Attwell,2.5,3.5,2.75,2.48,3.56,2.79,2.58,3.65,2.9
20190928-chelsea-brighton-hove-albion,ENG Premier League,2019-2020,2019-09-28 15:00:00,2019-09-28 00:00:00,Chelsea,Brighton & Hove Albion,2,0,H,0,0,D,24,8,10,1,5,2,2,3,0,0,C Kavanagh,1.4,4.75,8.0,1.44,4.64,7.64,1.47,4.8,8.5
20190928-crystal-palace-norwich-city,ENG Premier League,2019-2020,2019-09-28 15:00:00,2019-09-28 00:00:00,Crystal Palace,Norwich City,2,0,H,1,0,H,15,10,3,3,5,5,3,1,0,0,J Moss,1.9,3.75,3.75,1.94,3.75,3.88,2.0,3.85,4.0
20190928-tottenham-hotspur-southampton,ENG Premier League,2019-2020,2019-09-28 15:00:00,2019-09-28 00:00:00,Tottenham Hotspur,Southampton,2,1,H,2,1,H,9,14,4,6,6,6,0,2,1,0,G Scott,1.4,4.75,8.0,1.44,4.67,7.61,1.49,4.8,8.18
20190928-wolverhampton-wanderers-watford,ENG Premier League,2019-2020,2019-09-28 15:00:00,2019-09-28 00:00:00,Wolverhampton Wanderers,Watford,2,0,H,1,0,H,6,14,2,5,1,6,0,1,0,0,P Tierney,1.85,3.4,4.5,1.89,3.49,4.46,1.95,3.6,4.7
20190928-everton-manchester-city,ENG Premier League,2019-2020,2019-09-28 17:30:00,2019-09-28 00:00:00,Everton,Manchester City,1,3,A,1,1,D,12,20,8,9,5,2,2,2,0,0,M Oliver,10.0,5.5,1.3,9.84,5.86,1.3,11.0,6.35,1.33
20190929-leicester-city-newcastle-united,ENG Premier League,2019-2020,2019-09-29 16:30:00,2019-09-29 00:00:00,Leicester City,Newcastle United,5,0,H,1,0,H,13,3,5,0,9,0,1,1,0,1,C Pawson,1.5,4.0,7.5,1.53,4.09,7.06,1.56,4.21,7.6
20190930-manchester-united-arsenal,ENG Premier League,2019-2020,2019-09-30 20:00:00,2019-09-30 00:00:00,Manchester United,Arsenal,1,1,D,1,0,H,16,10,4,5,8,7,4,2,0,0,K Friend,2.37,3.5,2.9,2.36,3.53,2.99,2.43,3.65,3.15
20191005-brighton-hove-albion-tottenham-hotspur,ENG Premier League,2019-2020,2019-10-05 12:30:00,2019-10-05 00:00:00,Brighton & Hove Albion,Tottenham Hotspur,3,0,H,2,0,H,17,8,6,3,4,4,2,1,0,0,J Moss,3.9,3.6,1.9,3.9,3.63,1.96,4.1,3.75,2.02
20191005-burnley-everton,ENG Premier League,2019-2020,2019-10-05 15:00:00,2019-10-05 00:00:00,Burnley,Everton,1,0,H,0,0,D,9,11,3,2,7,9,2,1,0,1,G Scott,2.87,3.3,2.5,2.93,3.3,2.52,3.05,3.37,2.65
20191005-liverpool-leicester-city,ENG Premier League,2019-2020,2019-10-05 15:00:00,2019-10-05 00:00:00,Liverpool,Leicester City,2,1,H,1,0,H,18,2,8,1,4,6,1,4,0,0,C Kavanagh,1.44,4.75,7.0,1.46,4.66,7.0,1.5,4.85,7.7
20191005-norwich-city-aston-villa,ENG Premier League,2019-2020,2019-10-05 15:00:00,2019-10-05 00:00:00,Norwich City,Aston Villa,1,5,A,0,2,A,21,22,5,12,10,6,1,3,0,0,A Madley,2.37,3.6,2.8,2.41,3.6,2.85,2.5,3.75,2.95
20191005-watford-sheffield-united,ENG Premier League,2019-2020,2019-10-05 15:00:00,2019-10-05 00:00:00,Watford,Sheffield United,0,0,D,0,0,D,8,9,2,3,7,7,0,2,0,0,A Marriner,2.05,3.4,3.6,2.14,3.38,3.58,2.25,3.5,3.75
20191005-west-ham-united-crystal-palace,ENG Premier League,2019-2020,2019-10-05 17:30:00,2019-10-05 00:00:00,West Ham United,Crystal Palace,1,2,A,0,0,D,9,7,4,4,2,2,3,2,0,0,M Oliver,1.95,3.6,3.8,2.0,3.58,3.8,2.05,3.7,4.0
20191006-arsenal-bournemouth,ENG Premier League,2019-2020,2019-10-06 14:00:00,2019-10-06 00:00:00,Arsenal,Bournemouth,1,0,H,1,0,H,12,10,2,2,14,5,1,2,0,0,M Atkinson,1.44,4.75,7.0,1.45,4.97,6.68,1.5,5.2,7.2
20191006-manchester-city-wolverhampton-wanderers,ENG Premier League,2019-2020,2019-10-06 14:00:00,2019-10-06 00:00:00,Manchester City,Wolverhampton Wanderers,0,2,A,0,0,D,18,7,2,2,9,1,5,2,0,0,C Pawson,1.12,9.0,21.0,1.13,9.26,21.61,1.14,10.5,28.0
20191006-southampton-chelsea,ENG Premier League,2019-2020,2019-10-06 14:00:00,2019-10-06 00:00:00,Southampton,Chelsea,1,4,A,1,3,A,10,13,3,7,3,4,0,1,0,0,P Tierney,4.0,3.8,1.85,4.02,3.84,1.87,4.3,4.0,1.93
20191006-newcastle-united-manchester-united,ENG Premier League,2019-2020,2019-10-06 16:30:00,2019-10-06 00:00:00,Newcastle United,Manchester United,1,0,H,0,0,D,12,12,2,3,4,6,3,3,0,0,M Dean,4.5,3.5,1.85,4.42,3.44,1.9,4.6,3.55,1.95
20191019-everton-west-ham-united,ENG Premier League,2019-2020,2019-10-19 12:30:00,2019-10-19 00:00:00,Everton,West Ham United,2,0,H,1,0,H,19,8,10,4,11,2,2,2,0,0,P Tierney,1.95,3.75,3.75,1.97,3.71,3.81,2.02,3.9,4.0
20191019-aston-villa-brighton-hove-albion,ENG Premier League,2019-2020,2019-10-19 15:00:00,2019-10-19 00:00:00,Aston Villa,Brighton & Hove Albion,2,1,H,1,1,D,24,20,8,5,7,5,1,2,0,1,D Coote,2.35,3.4,3.0,2.38,3.43,3.05,2.45,3.55,3.15
20191019-bournemouth-norwich-city,ENG Premier League,2019-2020,2019-10-19 15:00:00,2019-10-19 00:00:00,Bournemouth,Norwich City,0,0,D,0,0,D,11,10,2,1,6,7,1,3,0,0,L Mason,1.72,4.2,4.2,1.73,4.33,4.35,1.78,4.6,4.5
20191019-chelsea-newcastle-united,ENG Premier League,2019-2020,2019-10-19 15:00:00,2019-10-19 00:00:00,Chelsea,Newcastle United,1,0,H,0,0,D,16,5,8,0,11,0,2,1,0,0,A Marriner,1.3,5.5,10.0,1.31,5.62,10.38,1.34,5.9,12.0
20191019-leicester-city-burnley,ENG Premier League,2019-2020,2019-10-19 15:00:00,2019-10-19 00:00:00,Leicester City,Burnley,2,1,H,1,1,D,19,13,3,4,9,4,0,3,0,0,J Moss,1.57,4.0,6.0,1.57,4.09,6.37,1.62,4.3,6.8
20191019-tottenham-hotspur-watford,ENG Premier League,2019-2020,2019-10-19 15:00:00,2019-10-19 00:00:00,Tottenham Hotspur,Watford,1,1,D,0,1,A,12,7,2,2,11,2,4,3,0,0,C Kavanagh,1.4,5.0,7.5,1.42,4.9,7.48,1.45,5.1,8.0
20191019-wolverhampton-wanderers-southampton,ENG Premier League,2019-2020,2019-10-19 15:00:00,2019-10-19 00:00:00,Wolverhampton Wanderers,Southampton,1,1,D,0,0,D,4,14,1,5,1,3,3,2,0,0,P Bankes,1.8,3.6,4.5,1.85,3.58,4.52,1.9,3.75,4.75
20191019-crystal-palace-manchester-city,ENG Premier League,2019-2020,2019-10-19 17:30:00,2019-10-19 00:00:00,Crystal Palace,Manchester City,0,2,A,0,2,A,7,21,2,10,1,8,1,1,0,0,A Taylor,12.0,7.0,1.22,11.88,6.72,1.24,13.0,7.2,1.26
20191020-manchester-united-liverpool,ENG Premier League,2019-2020,2019-10-20 16:30:00,2019-10-20 00:00:00,Manchester United,Liverpool,1,1,D,1,0,H,7,10,2,4,3,1,0,1,0,0,M Atkinson,5.25,3.8,1.65,5.03,3.96,1.7,5.5,4.1,1.74
20191021-sheffield-united-arsenal,ENG Premier League,2019-2020,2019-10-21 20:00:00,2019-10-21 00:00:00,Sheffield United,Arsenal,1,0,H,1,0,H,8,9,2,3,7,12,4,4,0,0,M Dean,3.9,3.75,1.9,3.88,3.79,1.93,4.0,3.94,1.98
20191025-southampton-leicester-city,ENG Premier League,2019-2020,2019-10-25 20:00:00,2019-10-25 00:00:00,Southampton,Leicester City,0,9,A,0,5,A,6,25,3,15,2,7,0,0,1,0,A Marriner,3.1,3.4,2.3,3.2,3.34,2.36,3.3,3.5,2.45
20191026-manchester-city-aston-villa,ENG Premier League,2019-2020,2019-10-26 12:30:00,2019-10-26 00:00:00,Manchester City,Aston Villa,3,0,H,0,0,D,25,11,9,5,13,7,1,1,1,0,G Scott,1.08,11.0,26.0,1.09,11.64,28.3,1.11,13.25,35.0
20191026-brighton-hove-albion-everton,ENG Premier League,2019-2020,2019-10-26 15:00:00,2019-10-26 00:00:00,Brighton & Hove Albion,Everton,3,2,H,1,1,D,8,10,4,6,0,5,2,1,0,0,A Madley,2.9,3.25,2.5,2.87,3.3,2.58,2.95,3.46,2.65
20191026-watford-bournemouth,ENG Premier League,2019-2020,2019-10-26 15:00:00,2019-10-26 00:00:00,Watford,Bournemouth,0,0,D,0,0,D,7,15,3,5,5,10,5,3,0,0,M Dean,2.15,3.6,3.25,2.19,3.53,3.31,2.26,3.7,3.44
20191026-west-ham-united-sheffield-united,ENG Premier League,2019-2020,2019-10-26 15:00:00,2019-10-26 00:00:00,West Ham United,Sheffield United,1,1,D,1,0,H,12,10,4,4,10,4,2,2,0,0,D Coote,2.1,3.5,3.5,2.11,3.46,3.6,2.18,3.6,3.7
20191026-burnley-chelsea,ENG Premier League,2019-2020,2019-10-26 17:30:00,2019-10-26 00:00:00,Burnley,Chelsea,2,4,A,0,2,A,13,16,5,7,5,6,3,2,0,0,M Oliver,4.5,4.0,1.72,4.53,4.02,1.75,4.8,4.25,1.8
20191027-newcastle-united-wolverhampton-wanderers,ENG Premier League,2019-2020,2019-10-27 14:00:00,2019-10-27 00:00:00,Newcastle United,Wolverhampton Wanderers,1,1,D,1,0,H,13,13,2,5,3,6,2,2,1,0,K Friend,3.0,3.1,2.55,3.02,3.09,2.59,3.1,3.2,2.7
20191027-arsenal-crystal-palace,ENG Premier League,2019-2020,2019-10-27 16:30:00,2019-10-27 00:00:00,Arsenal,Crystal Palace,2,2,D,2,1,H,15,10,6,4,12,5,2,0,0,0,M Atkinson,1.45,4.75,6.5,1.49,4.63,6.49,1.54,4.8,7.0
20191027-liverpool-tottenham-hotspur,ENG Premier League,2019-2020,2019-10-27 16:30:00,2019-10-27 00:00:00,Liverpool,Tottenham Hotspur,2,1,H,0,1,A,21,11,13,4,8,3,3,3,0,0,A Taylor,1.5,4.33,6.5,1.54,4.45,6.11,1.57,4.65,6.5
20191027-norwich-city-manchester-united,ENG Premier League,2019-2020,2019-10-27 16:30:00,2019-10-27 00:00:00,Norwich City,Manchester United,1,3,A,0,2,A,10,21,3,11,1,10,2,2,0,0,S Attwell,4.33,4.0,1.75,4.36,3.91,1.8,4.65,4.1,1.87
20191102-bournemouth-manchester-united,ENG Premier League,2019-2020,2019-11-02 12:30:00,2019-11-02 00:00:00,Bournemouth,Manchester United,1,0,H,1,0,H,12,15,6,4,4,10,4,3,0,0,C Kavanagh,3.25,3.6,2.15,3.33,3.55,2.19,3.44,3.7,2.26
20191102-arsenal-wolverhampton-wanderers,ENG Premier League,2019-2020,2019-11-02 15:00:00,2019-11-02 00:00:00,Arsenal,Wolverhampton Wanderers,1,1,D,1,0,H,10,25,4,8,8,9,0,2,0,0,M Oliver,1.75,3.75,4.75,1.78,3.8,4.65,1.83,4.0,4.85
20191102-aston-villa-liverpool,ENG Premier League,2019-2020,2019-11-02 15:00:00,2019-11-02 00:00:00,Aston Villa,Liverpool,1,2,A,1,0,H,5,25,2,6,2,10,1,2,0,0,J Moss,9.0,5.0,1.33,8.4,5.37,1.36,9.25,5.7,1.39
20191102-brighton-hove-albion-norwich-city,ENG Premier League,2019-2020,2019-11-02 15:00:00,2019-11-02 00:00:00,Brighton & Hove Albion,Norwich City,2,0,H,0,0,D,21,7,5,0,8,3,0,1,0,0,K Friend,1.72,4.2,4.33,1.71,4.17,4.65,1.75,4.4,5.0
20191102-manchester-city-southampton,ENG Premier League,2019-2020,2019-11-02 15:00:00,2019-11-02 00:00:00,Manchester City,Southampton,2,1,H,0,1,A,26,3,4,3,17,0,3,1,0,0,L Mason,1.07,13.0,23.0,1.08,11.99,29.72,1.11,13.5,41.0
20191102-sheffield-united-burnley,ENG Premier League,2019-2020,2019-11-02 15:00:00,2019-11-02 00:00:00,Sheffield United,Burnley,3,0,H,3,0,H,13,6,6,0,7,6,1,2,0,0,S Hooper,2.25,3.2,3.4,2.26,3.22,3.46,2.34,3.32,3.6
20191102-west-ham-united-newcastle-united,ENG Premier League,2019-2020,2019-11-02 15:00:00,2019-11-02 00:00:00,West Ham United,Newcastle United,2,3,A,0,2,A,16,12,6,9,7,3,2,1,0,0,S Attwell,1.75,3.8,4.5,1.79,3.82,4.55,1.84,3.95,4.75
20191102-watford-chelsea,ENG Premier League,2019-2020,2019-11-02 17:30:00,2019-11-02 00:00:00,Watford,Chelsea,1,2,A,0,1,A,12,16,3,10,1,6,4,2,0,0,A Taylor,5.0,4.33,1.61,4.99,4.24,1.65,5.25,4.5,1.7
20191103-crystal-palace-leicester-city,ENG Premier League,2019-2020,2019-11-03 14:00:00,2019-11-03 00:00:00,Crystal Palace,Leicester City,0,2,A,0,0,D,12,14,3,5,5,6,2,2,0,0,P Tierney,3.5,3.4,2.1,3.5,3.38,2.17,3.65,3.5,2.25
20191103-everton-tottenham-hotspur,ENG Premier League,2019-2020,2019-11-03 16:30:00,2019-11-03 00:00:00,Everton,Tottenham Hotspur,1,1,D,0,0,D,7,4,3,2,5,2,1,2,0,1,M Atkinson,2.7,3.4,2.6,2.73,3.49,2.57,2.82,3.6,2.68
20191108-norwich-city-watford,ENG Premier League,2019-2020,2019-11-08 20:00:00,2019-11-08 00:00:00,Norwich City,Watford,0,2,A,0,1,A,17,12,5,2,10,4,1,2,0,1,A Marriner,2.7,3.5,2.55,2.68,3.57,2.6,2.75,3.65,2.72
20191109-chelsea-crystal-palace,ENG Premier League,2019-2020,2019-11-09 12:30:00,2019-11-09 00:00:00,Chelsea,Crystal Palace,2,0,H,0,0,D,23,3,5,1,7,0,3,2,0,0,M Dean,1.33,5.0,10.0,1.34,5.35,9.29,1.37,5.6,10.25
20191109-burnley-west-ham-united,ENG Premier League,2019-2020,2019-11-09 15:00:00,2019-11-09 00:00:00,Burnley,West Ham United,3,0,H,2,0,H,14,7,12,4,11,4,2,1,0,0,K Friend,2.25,3.5,3.1,2.27,3.55,3.13,2.33,3.73,3.3
20191109-newcastle-united-bournemouth,ENG Premier League,2019-2020,2019-11-09 15:00:00,2019-11-09 00:00:00,Newcastle United,Bournemouth,2,1,H,1,1,D,20,16,9,3,5,4,2,0,0,0,M Atkinson,2.55,3.25,2.8,2.64,3.21,2.84,2.72,3.5,2.95
20191109-southampton-everton,ENG Premier League,2019-2020,2019-11-09 15:00:00,2019-11-09 00:00:00,Southampton,Everton,1,2,A,0,1,A,4,24,3,5,5,9,1,1,0,0,P Tierney,2.9,3.3,2.45,2.96,3.37,2.44,3.11,3.53,2.58
20191109-tottenham-hotspur-sheffield-united,ENG Premier League,2019-2020,2019-11-09 15:00:00,2019-11-09 00:00:00,Tottenham Hotspur,Sheffield United,1,1,D,0,0,D,17,14,5,4,4,4,2,2,0,0,G Scott,1.57,4.0,6.0,1.58,4.14,6.02,1.63,4.34,6.5
20191109-leicester-city-arsenal,ENG Premier League,2019-2020,2019-11-09 17:30:00,2019-11-09 00:00:00,Leicester City,Arsenal,2,0,H,0,0,D,19,8,7,1,5,4,1,1,0,0,C Kavanagh,2.0,3.75,3.5,1.99,3.78,3.62,2.08,3.98,3.8
20191110-manchester-united-brighton-hove-albion,ENG Premier League,2019-2020,2019-11-10 14:00:00,2019-11-10 00:00:00,Manchester United,Brighton & Hove Albion,3,1,H,2,0,H,21,6,11,2,5,2,2,5,0,0,J Moss,1.6,3.75,6.5,1.67,3.67,5.82,1.72,3.8,6.5
20191110-wolverhampton-wanderers-aston-villa,ENG Premier League,2019-2020,2019-11-10 14:00:00,2019-11-10 00:00:00,Wolverhampton Wanderers,Aston Villa,2,1,H,1,0,H,17,13,5,4,6,3,4,3,0,0,A Taylor,1.9,3.5,4.2,1.9,3.6,4.24,1.96,3.8,4.4
20191110-liverpool-manchester-city,ENG Premier League,2019-2020,2019-11-10 16:30:00,2019-11-10 00:00:00,Liverpool,Manchester City,3,1,H,2,0,H,12,18,5,3,4,13,0,2,0,0,M Oliver,2.5,3.6,2.62,2.56,3.58,2.68,2.7,3.75,2.78
20191123-west-ham-united-tottenham-hotspur,ENG Premier League,2019-2020,2019-11-23 12:30:00,2019-11-23 00:00:00,West Ham United,Tottenham Hotspur,2,3,A,0,2,A,11,15,4,6,3,7,3,2,0,0,M Oliver,4.2,4.33,1.7,4.32,4.14,1.75,4.45,4.36,1.82
20191123-arsenal-southampton,ENG Premier League,2019-2020,2019-11-23 15:00:00,2019-11-23 00:00:00,Arsenal,Southampton,2,2,D,1,1,D,12,21,5,6,6,8,6,2,0,0,S Attwell,1.45,4.75,6.5,1.47,4.75,6.55,1.52,5.0,7.0
20191123-bournemouth-wolverhampton-wanderers,ENG Premier League,2019-2020,2019-11-23 15:00:00,2019-11-23 00:00:00,Bournemouth,Wolverhampton Wanderers,1,2,A,0,2,A,9,17,2,7,5,9,2,1,1,0,S Hooper,2.75,3.3,2.6,2.82,3.3,2.59,2.9,3.41,2.7
20191123-brighton-hove-albion-leicester-city,ENG Premier League,2019-2020,2019-11-23 15:00:00,2019-11-23 00:00:00,Brighton & Hove Albion,Leicester City,0,2,A,0,0,D,7,19,0,9,6,7,2,0,0,0,M Dean,3.75,3.5,2.0,3.69,3.53,2.04,3.85,3.7,2.1
20191123-crystal-palace-liverpool,ENG Premier League,2019-2020,2019-11-23 15:00:00,2019-11-23 00:00:00,Crystal Palace,Liverpool,1,2,A,0,0,D,16,12,6,4,9,8,0,1,0,0,K Friend,7.5,4.75,1.4,7.33,4.62,1.45,8.0,4.84,1.48
20191123-everton-norwich-city,ENG Premier League,2019-2020,2019-11-23 15:00:00,2019-11-23 00:00:00,Everton,Norwich City,0,2,A,0,0,D,18,13,7,5,7,7,3,5,0,0,A Taylor,1.36,5.1,8.0,1.4,5.0,7.73,1.45,5.25,9.0
20191123-watford-burnley,ENG Premier League,2019-2020,2019-11-23 15:00:00,2019-11-23 00:00:00,Watford,Burnley,0,3,A,0,0,D,15,11,4,5,7,5,0,3,0,0,P Tierney,2.3,3.4,3.1,2.33,3.31,3.2,2.4,3.51,3.35
20191123-manchester-city-chelsea,ENG Premier League,2019-2020,2019-11-23 17:30:00,2019-11-23 00:00:00,Manchester City,Chelsea,2,1,H,2,1,H,15,11,4,2,8,2,1,1,0,0,M Atkinson,1.44,5.0,6.5,1.45,4.96,6.64,1.48,5.3,7.1
20191124-sheffield-united-manchester-united,ENG Premier League,2019-2020,2019-11-24 16:30:00,2019-11-24 00:00:00,Sheffield United,Manchester United,3,3,D,1,0,H,12,11,8,5,6,3,1,2,0,0,A Marriner,3.5,3.4,2.1,3.55,3.28,2.18,3.68,3.4,2.25
20191125-aston-villa-newcastle-united,ENG Premier League,2019-2020,2019-11-25 20:00:00,2019-11-25 00:00:00,Aston Villa,Newcastle United,2,0,H,2,0,H,17,11,8,5,11,6,1,1,0,0,L Mason,2.05,3.4,3.7,2.11,3.46,3.55,2.2,3.6,3.75
20191130-newcastle-united-manchester-city,ENG Premier League,2019-2020,2019-11-30 12:30:00,2019-11-30 00:00:00,Newcastle United,Manchester City,2,2,D,1,1,D,6,24,3,9,1,10,1,2,0,0,C Kavanagh,13.0,8.0,1.16,15.11,7.59,1.18,18.0,8.3,1.21
20191130-burnley-crystal-palace,ENG Premier League,2019-2020,2019-11-30 15:00:00,2019-11-30 00:00:00,Burnley,Crystal Palace,0,2,A,0,1,A,15,7,4,2,5,6,2,0,0,0,P Bankes,2.25,3.25,3.3,2.31,3.26,3.3,2.38,3.35,3.5
20191130-chelsea-west-ham-united,ENG Premier League,2019-2020,2019-11-30 15:00:00,2019-11-30 00:00:00,Chelsea,West Ham United,0,1,A,0,0,D,19,5,6,4,9,3,0,3,0,0,J Moss,1.28,6.0,9.0,1.3,5.94,9.63,1.33,6.35,10.53
20191130-liverpool-brighton-hove-albion,ENG Premier League,2019-2020,2019-11-30 15:00:00,2019-11-30 00:00:00,Liverpool,Brighton & Hove Albion,2,1,H,2,0,H,15,12,7,5,4,5,0,0,1,0,M Atkinson,1.18,7.0,15.0,1.21,6.85,14.67,1.23,7.25,17.25
20191130-tottenham-hotspur-bournemouth,ENG Premier League,2019-2020,2019-11-30 15:00:00,2019-11-30 00:00:00,Tottenham Hotspur,Bournemouth,3,2,H,1,0,H,15,20,5,6,4,8,0,2,0,0,L Mason,1.36,5.5,7.5,1.38,5.19,7.86,1.41,5.5,8.5
20191130-southampton-watford,ENG Premier League,2019-2020,2019-11-30 17:30:00,2019-11-30 00:00:00,Southampton,Watford,2,1,H,0,1,A,11,6,6,3,6,7,1,0,0,0,M Oliver,2.1,3.4,3.5,2.12,3.5,3.51,2.2,3.62,3.64
20191201-norwich-city-arsenal,ENG Premier League,2019-2020,2019-12-01 14:00:00,2019-12-01 00:00:00,Norwich City,Arsenal,2,2,D,2,1,H,15,16,8,7,7,12,2,1,0,0,P Tierney,4.0,4.33,1.75,4.14,4.22,1.77,4.33,4.4,1.86
20191201-wolverhampton-wanderers-sheffield-united,ENG Premier League,2019-2020,2019-12-01 14:00:00,2019-12-01 00:00:00,Wolverhampton Wanderers,Sheffield United,1,1,D,0,1,A,13,9,3,4,7,2,1,4,0,0,D Coote,1.9,3.5,4.2,1.92,3.43,4.35,2.0,3.55,4.6
20191201-leicester-city-everton,ENG Premier League,2019-2020,2019-12-01 16:30:00,2019-12-01 00:00:00,Leicester City,Everton,2,1,H,0,1,A,16,11,6,3,4,4,0,1,0,0,G Scott,1.61,4.0,5.25,1.64,4.08,5.33,1.68,4.25,5.6
20191201-manchester-united-aston-villa,ENG Premier League,2019-2020,2019-12-01 16:30:00,2019-12-01 00:00:00,Manchester United,Aston Villa,2,2,D,1,1,D,16,9,6,3,9,9,4,1,0,0,C Pawson,1.45,4.5,7.0,1.49,4.38,7.08,1.55,4.69,8.0
20191203-crystal-palace-bournemouth,ENG Premier League,2019-2020,2019-12-03 19:30:00,2019-12-03 00:00:00,Crystal Palace,Bournemouth,1,0,H,0,0,D,7,6,2,3,6,9,3,3,1,0,A Taylor,2.2,3.4,3.25,2.24,3.38,3.34,2.34,3.52,3.45
20191203-burnley-manchester-city,ENG Premier League,2019-2020,2019-12-03 20:15:00,2019-12-03 00:00:00,Burnley,Manchester City,1,4,A,0,1,A,4,17,2,8,3,6,1,1,0,0,J Moss,11.0,7.0,1.22,11.59,6.41,1.25,13.0,7.0,1.28
20191204-chelsea-aston-villa,ENG Premier League,2019-2020,2019-12-04 19:30:00,2019-12-04 00:00:00,Chelsea,Aston Villa,2,1,H,1,1,D,25,9,9,3,9,5,2,1,0,0,C Kavanagh,1.28,5.75,10.0,1.3,5.85,9.89,1.33,6.2,11.25
20191204-leicester-city-watford,ENG Premier League,2019-2020,2019-12-04 19:30:00,2019-12-04 00:00:00,Leicester City,Watford,2,0,H,0,0,D,12,4,6,1,7,2,3,2,0,0,C Pawson,1.33,5.5,8.0,1.36,5.13,8.81,1.4,5.6,10.5
20191204-manchester-united-tottenham-hotspur,ENG Premier League,2019-2020,2019-12-04 19:30:00,2019-12-04 00:00:00,Manchester United,Tottenham Hotspur,2,1,H,1,1,D,12,8,7,5,4,3,0,1,0,0,P Tierney,2.75,3.4,2.55,2.69,3.47,2.61,2.77,3.6,2.7
20191204-southampton-norwich-city,ENG Premier League,2019-2020,2019-12-04 19:30:00,2019-12-04 00:00:00,Southampton,Norwich City,2,1,H,2,0,H,14,10,5,3,6,1,1,1,0,0,K Friend,1.72,4.0,4.2,1.78,3.99,4.35,1.85,4.15,4.6
20191204-wolverhampton-wanderers-west-ham-united,ENG Premier League,2019-2020,2019-12-04 19:30:00,2019-12-04 00:00:00,Wolverhampton Wanderers,West Ham United,2,0,H,1,0,H,13,6,7,3,5,4,1,2,0,0,A Marriner,1.75,3.7,4.75,1.77,3.73,4.74,1.82,3.85,5.05
20191204-liverpool-everton,ENG Premier League,2019-2020,2019-12-04 20:15:00,2019-12-04 00:00:00,Liverpool,Everton,5,2,H,4,2,H,11,12,5,4,5,6,1,2,0,0,M Dean,1.36,5.0,8.5,1.39,4.99,8.28,1.42,5.25,9.15
20191205-sheffield-united-newcastle-united,ENG Premier League,2019-2020,2019-12-05 19:30:00,2019-12-05 00:00:00,Sheffield United,Newcastle United,0,2,A,0,1,A,13,6,6,4,8,1,2,0,0,0,S Attwell,1.83,3.4,4.6,1.86,3.45,4.62,1.95,3.56,4.85
20191205-arsenal-brighton-hove-albion,ENG Premier League,2019-2020,2019-12-05 20:15:00,2019-12-05 00:00:00,Arsenal,Brighton & Hove Albion,1,2,A,0,1,A,12,20,5,9,9,9,3,1,0,0,G Scott,1.57,4.33,5.5,1.61,4.23,5.41,1.63,4.35,5.85
20191207-everton-chelsea,ENG Premier League,2019-2020,2019-12-07 12:30:00,2019-12-07 00:00:00,Everton,Chelsea,3,1,H,1,0,H,13,15,7,4,1,5,3,0,0,0,C Pawson,3.5,3.75,2.0,3.52,3.8,2.02,3.65,3.95,2.08
20191207-bournemouth-liverpool,ENG Premier League,2019-2020,2019-12-07 15:00:00,2019-12-07 00:00:00,Bournemouth,Liverpool,0,3,A,0,2,A,3,21,0,9,1,3,0,1,0,0,C Kavanagh,7.0,5.25,1.4,7.01,5.03,1.42,8.0,5.3,1.47
20191207-tottenham-hotspur-burnley,ENG Premier League,2019-2020,2019-12-07 15:00:00,2019-12-07 00:00:00,Tottenham Hotspur,Burnley,5,0,H,3,0,H,13,7,7,1,1,1,1,1,0,0,K Friend,1.4,4.75,8.0,1.41,4.82,7.98,1.45,5.0,9.1
20191207-watford-crystal-palace,ENG Premier League,2019-2020,2019-12-07 15:00:00,2019-12-07 00:00:00,Watford,Crystal Palace,0,0,D,0,0,D,13,3,3,0,6,2,4,2,0,0,M Atkinson,2.37,3.3,3.1,2.37,3.34,3.12,2.5,3.45,3.22
20191207-manchester-city-manchester-united,ENG Premier League,2019-2020,2019-12-07 17:30:00,2019-12-07 00:00:00,Manchester City,Manchester United,1,2,A,0,2,A,22,11,5,7,16,3,3,2,0,0,A Taylor,1.3,5.5,10.0,1.31,5.67,9.9,1.35,6.05,11.0
20191208-aston-villa-leicester-city,ENG Premier League,2019-2020,2019-12-08 14:00:00,2019-12-08 00:00:00,Aston Villa,Leicester City,1,4,A,1,2,A,15,23,2,8,8,5,6,2,0,0,M Oliver,4.33,3.8,1.8,4.27,3.88,1.82,4.5,4.07,1.9
20191208-newcastle-united-southampton,ENG Premier League,2019-2020,2019-12-08 14:00:00,2019-12-08 00:00:00,Newcastle United,Southampton,2,1,H,0,0,D,12,19,6,4,3,12,1,3,0,0,D Coote,2.5,3.2,2.9,2.59,3.23,2.87,2.7,3.32,3.1
20191208-norwich-city-sheffield-united,ENG Premier League,2019-2020,2019-12-08 14:00:00,2019-12-08 00:00:00,Norwich City,Sheffield United,1,2,A,1,0,H,14,9,4,3,9,1,0,4,0,0,S Hooper,2.9,3.5,2.37,2.98,3.45,2.4,3.3,3.58,2.6
20191208-brighton-hove-albion-wolverhampton-wanderers,ENG Premier League,2019-2020,2019-12-08 16:30:00,2019-12-08 00:00:00,Brighton & Hove Albion,Wolverhampton Wanderers,2,2,D,2,2,D,13,13,4,5,3,4,3,0,0,0,J Moss,2.62,3.1,2.87,2.69,3.16,2.81,2.8,3.25,2.95
20191209-west-ham-united-arsenal,ENG Premier League,2019-2020,2019-12-09 20:00:00,2019-12-09 00:00:00,West Ham United,Arsenal,1,3,A,1,0,H,11,10,4,3,4,3,2,0,0,0,M Dean,3.3,4.0,2.0,3.43,4.02,1.98,3.6,4.25,2.08
20191214-liverpool-watford,ENG Premier League,2019-2020,2019-12-14 12:30:00,2019-12-14 00:00:00,Liverpool,Watford,2,0,H,1,0,H,16,8,6,2,6,3,2,1,0,0,A Marriner,1.16,7.5,17.0,1.17,7.72,16.32,1.2,8.2,21.0
20191214-burnley-newcastle-united,ENG Premier League,2019-2020,2019-12-14 15:00:00,2019-12-14 00:00:00,Burnley,Newcastle United,1,0,H,0,0,D,7,9,4,0,4,3,0,2,0,0,T Robinson,1.95,3.4,4.0,1.96,3.5,4.07,2.02,3.62,4.3
20191214-chelsea-bournemouth,ENG Premier League,2019-2020,2019-12-14 15:00:00,2019-12-14 00:00:00,Chelsea,Bournemouth,0,1,A,0,0,D,18,11,5,2,9,4,1,2,0,0,G Scott,1.25,6.0,12.0,1.25,6.48,11.64,1.28,7.0,13.0
20191214-leicester-city-norwich-city,ENG Premier League,2019-2020,2019-12-14 15:00:00,2019-12-14 00:00:00,Leicester City,Norwich City,1,1,D,1,1,D,18,10,5,3,12,4,0,4,0,0,A Madley,1.22,6.5,13.0,1.22,6.73,13.29,1.25,7.35,15.0
20191214-sheffield-united-aston-villa,ENG Premier League,2019-2020,2019-12-14 15:00:00,2019-12-14 00:00:00,Sheffield United,Aston Villa,2,0,H,0,0,D,7,8,3,0,3,2,2,2,0,0,P Bankes,1.85,3.75,4.2,1.86,3.75,4.17,1.93,3.9,4.35
20191214-southampton-west-ham-united,ENG Premier League,2019-2020,2019-12-14 17:30:00,2019-12-14 00:00:00,Southampton,West Ham United,0,1,A,0,1,A,11,11,2,4,5,8,1,3,0,0,M Atkinson,1.9,3.8,3.8,1.92,3.86,3.83,1.98,4.0,3.95
20191215-manchester-united-everton,ENG Premier League,2019-2020,2019-12-15 14:00:00,2019-12-15 00:00:00,Manchester United,Everton,1,1,D,0,1,A,24,8,8,3,6,5,1,2,0,0,M Oliver,1.8,3.7,4.5,1.78,3.71,4.76,1.82,3.89,5.0
20191215-wolverhampton-wanderers-tottenham-hotspur,ENG Premier League,2019-2020,2019-12-15 14:00:00,2019-12-15 00:00:00,Wolverhampton Wanderers,Tottenham Hotspur,1,2,A,0,1,A,18,9,5,5,11,2,4,4,0,0,S Attwell,3.25,3.4,2.25,3.22,3.45,2.26,3.35,3.6,2.35
20191215-arsenal-manchester-city,ENG Premier League,2019-2020,2019-12-15 16:30:00,2019-12-15 00:00:00,Arsenal,Manchester City,0,3,A,0,3,A,6,14,1,7,3,3,1,4,0,0,P Tierney,6.0,5.25,1.44,6.03,5.33,1.45,6.5,5.7,1.49
20191216-crystal-palace-brighton-hove-albion,ENG Premier League,2019-2020,2019-12-16 19:45:00,2019-12-16 00:00:00,Crystal Palace,Brighton & Hove Albion,1,1,D,0,0,D,11,15,4,10,3,7,1,1,0,0,C Pawson,2.55,3.25,2.87,2.55,3.22,2.91,2.65,3.34,3.0
20191221-everton-arsenal,ENG Premier League,2019-2020,2019-12-21 12:30:00,2019-12-21 00:00:00,Everton,Arsenal,0,0,D,0,0,D,9,6,0,2,5,4,2,3,0,0,K Friend,2.3,3.8,2.87,2.33,3.75,2.9,2.4,3.88,3.0
20191221-aston-villa-southampton,ENG Premier League,2019-2020,2019-12-21 15:00:00,2019-12-21 00:00:00,Aston Villa,Southampton,1,3,A,0,2,A,19,17,6,8,7,5,2,1,0,0,C Pawson,2.4,3.6,2.8,2.43,3.54,2.87,2.5,3.74,3.0
20191221-bournemouth-burnley,ENG Premier League,2019-2020,2019-12-21 15:00:00,2019-12-21 00:00:00,Bournemouth,Burnley,0,1,A,0,0,D,3,2,0,1,4,5,2,4,0,0,M Atkinson,2.4,3.4,2.9,2.43,3.38,2.97,2.55,3.5,3.05
20191221-brighton-hove-albion-sheffield-united,ENG Premier League,2019-2020,2019-12-21 15:00:00,2019-12-21 00:00:00,Brighton & Hove Albion,Sheffield United,0,1,A,0,1,A,9,7,2,2,4,3,1,3,0,0,R Jones,2.2,3.25,3.5,2.21,3.27,3.52,2.32,3.35,3.7
20191221-newcastle-united-crystal-palace,ENG Premier League,2019-2020,2019-12-21 15:00:00,2019-12-21 00:00:00,Newcastle United,Crystal Palace,1,0,H,0,0,D,8,16,3,4,4,5,2,0,0,0,S Hooper,2.37,3.1,3.25,2.43,3.11,3.22,2.53,3.27,3.4
20191221-norwich-city-wolverhampton-wanderers,ENG Premier League,2019-2020,2019-12-21 15:00:00,2019-12-21 00:00:00,Norwich City,Wolverhampton Wanderers,1,2,A,1,0,H,13,14,7,4,3,11,2,4,0,0,P Bankes,3.75,3.8,1.9,3.71,3.75,1.97,3.9,3.9,2.03
20191221-manchester-city-leicester-city,ENG Premier League,2019-2020,2019-12-21 17:30:00,2019-12-21 00:00:00,Manchester City,Leicester City,3,1,H,2,1,H,23,5,12,2,6,1,2,2,0,0,M Dean,1.36,5.25,7.5,1.37,5.41,7.72,1.4,5.8,8.25
20191222-watford-manchester-united,ENG Premier League,2019-2020,2019-12-22 14:00:00,2019-12-22 00:00:00,Watford,Manchester United,2,0,H,0,0,D,11,17,3,8,3,5,3,1,0,0,L Mason,4.33,4.0,1.75,4.39,3.89,1.8,4.55,4.1,1.85
20191222-tottenham-hotspur-chelsea,ENG Premier League,2019-2020,2019-12-22 16:30:00,2019-12-22 00:00:00,Tottenham Hotspur,Chelsea,0,2,A,0,2,A,5,13,1,3,3,5,4,3,1,0,A Taylor,2.37,3.75,2.75,2.37,3.65,2.88,2.45,3.79,3.05
20191226-tottenham-hotspur-brighton-hove-albion,ENG Premier League,2019-2020,2019-12-26 12:30:00,2019-12-26 00:00:00,Tottenham Hotspur,Brighton & Hove Albion,2,1,H,0,1,A,11,11,5,5,9,2,4,2,0,0,G Scott,1.53,4.33,6.0,1.55,4.41,5.73,1.59,4.6,6.11
20191226-aston-villa-norwich-city,ENG Premier League,2019-2020,2019-12-26 15:00:00,2019-12-26 00:00:00,Aston Villa,Norwich City,1,0,H,0,0,D,11,16,2,6,5,8,2,3,0,0,C Kavanagh,2.1,3.75,3.3,2.11,3.77,3.28,2.2,3.9,3.45
20191226-bournemouth-arsenal,ENG Premier League,2019-2020,2019-12-26 15:00:00,2019-12-26 00:00:00,Bournemouth,Arsenal,1,1,D,1,0,H,12,17,4,2,8,3,4,4,0,0,S Attwell,3.5,3.9,1.95,3.5,3.85,2.01,3.65,4.0,2.08
20191226-chelsea-southampton,ENG Premier League,2019-2020,2019-12-26 15:00:00,2019-12-26 00:00:00,Chelsea,Southampton,0,2,A,0,1,A,10,5,3,3,8,1,3,2,0,0,J Moss,1.33,5.25,9.0,1.35,5.31,8.58,1.39,5.75,9.25
20191226-crystal-palace-west-ham-united,ENG Premier League,2019-2020,2019-12-26 15:00:00,2019-12-26 00:00:00,Crystal Palace,West Ham United,2,1,H,0,0,D,13,10,4,2,7,6,0,2,0,0,A Marriner,2.3,3.4,3.1,2.32,3.42,3.12,2.45,3.59,3.21
20191226-everton-burnley,ENG Premier League,2019-2020,2019-12-26 15:00:00,2019-12-26 00:00:00,Everton,Burnley,1,0,H,0,0,D,21,6,5,0,10,2,0,0,0,0,A Taylor,1.7,3.75,5.0,1.71,3.76,5.15,1.76,3.9,5.65
20191226-sheffield-united-watford,ENG Premier League,2019-2020,2019-12-26 15:00:00,2019-12-26 00:00:00,Sheffield United,Watford,1,1,D,1,1,D,16,5,4,2,9,1,1,3,0,0,D Coote,1.83,3.6,4.33,1.86,3.54,4.46,1.95,3.7,4.65
20191226-manchester-united-newcastle-united,ENG Premier League,2019-2020,2019-12-26 17:30:00,2019-12-26 00:00:00,Manchester United,Newcastle United,4,1,H,3,1,H,22,7,10,2,5,0,2,2,0,0,K Friend,1.33,5.25,9.0,1.35,5.19,9.18,1.39,5.5,10.0
20191226-leicester-city-liverpool,ENG Premier League,2019-2020,2019-12-26 20:00:00,2019-12-26 00:00:00,Leicester City,Liverpool,0,4,A,0,1,A,3,15,0,6,2,8,1,1,0,0,M Oliver,3.4,3.75,2.05,3.38,3.72,2.08,3.5,3.95,2.16
20191227-wolverhampton-wanderers-manchester-city,ENG Premier League,2019-2020,2019-12-27 19:45:00,2019-12-27 00:00:00,Wolverhampton Wanderers,Manchester City,3,2,H,0,1,A,20,7,8,3,3,1,0,1,0,1,M Atkinson,8.5,5.0,1.36,7.73,4.95,1.4,8.59,5.2,1.44
20191228-brighton-hove-albion-bournemouth,ENG Premier League,2019-2020,2019-12-28 12:30:00,2019-12-28 00:00:00,Brighton & Hove Albion,Bournemouth,2,0,H,1,0,H,16,10,6,2,9,2,0,2,0,0,P Tierney,1.75,3.9,4.33,1.79,3.85,4.43,1.86,4.0,4.75
20191228-newcastle-united-everton,ENG Premier League,2019-2020,2019-12-28 15:00:00,2019-12-28 00:00:00,Newcastle United,Everton,1,2,A,0,1,A,20,22,5,9,5,8,2,2,0,0,L Mason,3.6,3.4,2.05,3.55,3.4,2.14,3.7,3.5,2.2
20191228-southampton-crystal-palace,ENG Premier League,2019-2020,2019-12-28 15:00:00,2019-12-28 00:00:00,Southampton,Crystal Palace,1,1,D,0,0,D,14,5,5,2,12,4,1,2,0,0,A Madley,1.95,3.6,3.8,1.98,3.57,3.91,2.05,3.68,4.1
20191228-watford-aston-villa,ENG Premier League,2019-2020,2019-12-28 15:00:00,2019-12-28 00:00:00,Watford,Aston Villa,3,0,H,1,0,H,20,11,6,2,6,3,3,1,1,0,S Hooper,1.95,3.8,3.6,1.99,3.77,3.65,2.04,3.95,3.85
20191228-norwich-city-tottenham-hotspur,ENG Premier League,2019-2020,2019-12-28 17:30:00,2019-12-28 00:00:00,Norwich City,Tottenham Hotspur,2,2,D,1,0,H,5,15,2,7,4,6,3,3,0,0,K Friend,5.0,4.0,1.66,4.93,4.07,1.69,5.35,4.2,1.74
20191228-west-ham-united-leicester-city,ENG Premier League,2019-2020,2019-12-28 17:30:00,2019-12-28 00:00:00,West Ham United,Leicester City,1,2,A,1,1,D,14,13,4,8,5,5,4,1,0,0,D Coote,4.0,3.9,1.83,4.03,3.87,1.86,4.25,4.0,1.93
20191228-burnley-manchester-united,ENG Premier League,2019-2020,2019-12-28 19:45:00,2019-12-28 00:00:00,Burnley,Manchester United,0,2,A,0,1,A,8,14,1,5,5,4,4,3,0,0,M Dean,4.33,3.75,1.8,4.31,3.7,1.85,4.6,3.85,1.91
20191229-arsenal-chelsea,ENG Premier League,2019-2020,2019-12-29 14:00:00,2019-12-29 00:00:00,Arsenal,Chelsea,1,2,A,1,0,H,7,13,2,4,2,3,5,4,0,0,C Pawson,2.87,3.75,2.3,2.86,3.73,2.35,3.0,3.86,2.45
20191229-liverpool-wolverhampton-wanderers,ENG Premier League,2019-2020,2019-12-29 16:30:00,2019-12-29 00:00:00,Liverpool,Wolverhampton Wanderers,1,0,H,1,0,H,10,10,3,2,5,6,1,0,0,0,A Taylor,1.25,5.75,12.0,1.28,5.84,10.92,1.32,6.2,12.75
20191229-manchester-city-sheffield-united,ENG Premier League,2019-2020,2019-12-29 18:00:00,2019-12-29 00:00:00,Manchester City,Sheffield United,2,0,H,0,0,D,16,8,4,0,8,5,1,1,0,0,C Kavanagh,1.16,7.5,16.0,1.18,7.62,14.91,1.21,8.4,17.5
20200101-brighton-hove-albion-chelsea,ENG Premier League,2019-2020,2020-01-01 12:30:00,2020-01-01 00:00:00,Brighton & Hove Albion,Chelsea,1,1,D,0,1,A,16,16,5,5,5,3,2,3,0,0,S Attwell,3.6,3.6,1.95,3.7,3.64,2.01,3.88,3.75,2.1
20200101-burnley-aston-villa,ENG Premier League,2019-2020,2020-01-01 12:30:00,2020-01-01 00:00:00,Burnley,Aston Villa,1,2,A,0,2,A,20,11,1,6,8,4,1,1,0,0,M Oliver,1.75,3.8,4.33,1.81,3.81,4.37,1.85,4.0,4.6
20200101-newcastle-united-leicester-city,ENG Premier League,2019-2020,2020-01-01 15:00:00,2020-01-01 00:00:00,Newcastle United,Leicester City,0,3,A,0,2,A,5,17,2,10,4,5,1,1,0,0,M Atkinson,5.0,3.8,1.66,5.26,3.9,1.67,5.85,4.05,1.71
20200101-southampton-tottenham-hotspur,ENG Premier League,2019-2020,2020-01-01 15:00:00,2020-01-01 00:00:00,Southampton,Tottenham Hotspur,1,0,H,1,0,H,12,11,3,5,6,9,3,4,0,0,M Dean,3.3,3.5,2.1,3.34,3.54,2.16,3.51,3.88,2.25
20200101-watford-wolverhampton-wanderers,ENG Premier League,2019-2020,2020-01-01 15:00:00,2020-01-01 00:00:00,Watford,Wolverhampton Wanderers,2,1,H,1,0,H,9,16,3,4,4,7,3,1,1,0,A Madley,3.0,3.4,2.3,3.16,3.37,2.32,3.3,3.47,2.42
20200101-manchester-city-everton,ENG Premier League,2019-2020,2020-01-01 17:30:00,2020-01-01 00:00:00,Manchester City,Everton,2,1,H,0,0,D,16,7,7,2,3,6,0,4,0,0,A Marriner,1.25,6.5,10.0,1.27,6.19,10.49,1.3,6.63,12.0
20200101-norwich-city-crystal-palace,ENG Premier League,2019-2020,2020-01-01 17:30:00,2020-01-01 00:00:00,Norwich City,Crystal Palace,1,1,D,1,0,H,15,12,4,3,2,5,5,0,0,0,J Moss,2.5,3.4,2.75,2.53,3.46,2.77,2.6,3.57,2.88
20200101-west-ham-united-bournemouth,ENG Premier League,2019-2020,2020-01-01 17:30:00,2020-01-01 00:00:00,West Ham United,Bournemouth,4,0,H,3,0,H,14,3,7,2,9,2,1,2,0,0,G Scott,1.9,3.75,3.8,1.95,3.84,3.68,2.02,4.0,3.9
20200101-arsenal-manchester-united,ENG Premier League,2019-2020,2020-01-01 20:00:00,2020-01-01 00:00:00,Arsenal,Manchester United,2,0,H,2,0,H,10,10,4,4,1,4,2,0,0,0,C Kavanagh,2.55,3.6,2.62,2.58,3.64,2.61,2.65,3.8,2.7
20200102-liverpool-sheffield-united,ENG Premier League,2019-2020,2020-01-02 20:00:00,2020-01-02 00:00:00,Liverpool,Sheffield United,2,0,H,1,0,H,19,3,7,2,8,4,0,0,0,0,P Tierney,1.2,6.5,13.0,1.23,6.32,13.64,1.25,6.7,15.75
20200110-sheffield-united-west-ham-united,ENG Premier League,2019-2020,2020-01-10 20:00:00,2020-01-10 00:00:00,Sheffield United,West Ham United,1,0,H,0,0,D,13,7,3,2,7,3,1,0,0,0,M Oliver,1.95,3.4,4.0,2.02,3.43,3.94,2.09,3.55,4.2
20200111-crystal-palace-arsenal,ENG Premier League,2019-2020,2020-01-11 12:30:00,2020-01-11 00:00:00,Crystal Palace,Arsenal,1,1,D,0,1,A,6,7,3,4,1,4,2,3,0,1,P Tierney,4.1,3.9,1.8,4.19,3.87,1.83,4.45,4.1,1.9
20200111-chelsea-burnley,ENG Premier League,2019-2020,2020-01-11 15:00:00,2020-01-11 00:00:00,Chelsea,Burnley,3,0,H,2,0,H,18,7,8,2,10,3,0,3,0,0,K Friend,1.28,5.5,11.0,1.29,5.61,11.06,1.33,6.0,13.0
20200111-everton-brighton-hove-albion,ENG Premier League,2019-2020,2020-01-11 15:00:00,2020-01-11 00:00:00,Everton,Brighton & Hove Albion,1,0,H,1,0,H,14,9,6,2,4,3,2,1,0,0,D Coote,1.85,3.8,4.0,1.9,3.63,4.16,1.97,3.83,4.49
20200111-leicester-city-southampton,ENG Premier League,2019-2020,2020-01-11 15:00:00,2020-01-11 00:00:00,Leicester City,Southampton,1,2,A,1,1,D,5,16,5,10,2,4,0,3,0,0,L Mason,1.6,4.0,5.5,1.64,4.02,5.46,1.69,4.17,6.0
20200111-manchester-united-norwich-city,ENG Premier League,2019-2020,2020-01-11 15:00:00,2020-01-11 00:00:00,Manchester United,Norwich City,4,0,H,1,0,H,13,8,6,3,4,2,0,0,0,0,A Taylor,1.33,5.25,8.5,1.36,5.16,8.82,1.4,5.5,10.0
20200111-wolverhampton-wanderers-newcastle-united,ENG Premier League,2019-2020,2020-01-11 15:00:00,2020-01-11 00:00:00,Wolverhampton Wanderers,Newcastle United,1,1,D,1,1,D,9,5,4,1,5,2,0,3,0,0,P Bankes,1.44,4.5,7.5,1.46,4.35,7.91,1.5,4.55,9.0
20200111-tottenham-hotspur-liverpool,ENG Premier League,2019-2020,2020-01-11 17:30:00,2020-01-11 00:00:00,Tottenham Hotspur,Liverpool,0,1,A,0,1,A,14,13,4,7,4,3,0,2,0,0,M Atkinson,4.5,4.33,1.66,4.59,4.22,1.7,5.0,4.4,1.74
20200112-bournemouth-watford,ENG Premier League,2019-2020,2020-01-12 14:00:00,2020-01-12 00:00:00,Bournemouth,Watford,0,3,A,0,1,A,10,18,1,6,5,5,1,1,0,0,M Dean,2.6,3.3,2.7,2.61,3.37,2.75,2.72,3.46,2.85
20200112-aston-villa-manchester-city,ENG Premier League,2019-2020,2020-01-12 16:30:00,2020-01-12 00:00:00,Aston Villa,Manchester City,1,6,A,0,4,A,7,22,1,12,2,4,2,1,0,0,J Moss,13.0,8.5,1.16,14.5,8.39,1.17,18.0,9.15,1.2
20200118-watford-tottenham-hotspur,ENG Premier League,2019-2020,2020-01-18 12:30:00,2020-01-18 00:00:00,Watford,Tottenham Hotspur,0,0,D,0,0,D,15,17,2,5,3,3,2,3,0,0,M Oliver,3.25,3.5,2.2,3.18,3.52,2.25,3.3,3.6,2.35
20200118-arsenal-sheffield-united,ENG Premier League,2019-2020,2020-01-18 15:00:00,2020-01-18 00:00:00,Arsenal,Sheffield United,1,1,D,1,0,H,11,12,4,4,4,5,1,2,0,0,M Dean,1.83,3.6,4.33,1.85,3.61,4.46,1.9,3.72,4.7
20200118-brighton-hove-albion-aston-villa,ENG Premier League,2019-2020,2020-01-18 15:00:00,2020-01-18 00:00:00,Brighton & Hove Albion,Aston Villa,1,1,D,1,0,H,10,8,2,3,3,4,3,3,0,0,A Madley,1.66,4.0,5.0,1.65,4.29,4.94,1.72,4.55,5.25
20200118-manchester-city-crystal-palace,ENG Premier League,2019-2020,2020-01-18 15:00:00,2020-01-18 00:00:00,Manchester City,Crystal Palace,2,2,D,0,1,A,25,5,6,3,14,2,1,2,0,0,S Scott,1.1,11.0,19.0,1.1,10.64,24.53,1.13,12.0,30.0
20200118-norwich-city-bournemouth,ENG Premier League,2019-2020,2020-01-18 15:00:00,2020-01-18 00:00:00,Norwich City,Bournemouth,1,0,H,1,0,H,16,6,5,3,4,5,2,2,1,1,P Tierney,2.2,3.5,3.25,2.22,3.56,3.19,2.3,3.7,3.3
20200118-southampton-wolverhampton-wanderers,ENG Premier League,2019-2020,2020-01-18 15:00:00,2020-01-18 00:00:00,Southampton,Wolverhampton Wanderers,2,3,A,2,0,H,11,8,5,4,1,3,2,1,0,0,D England,2.4,3.4,3.0,2.39,3.37,3.05,2.46,3.5,3.2
20200118-west-ham-united-everton,ENG Premier League,2019-2020,2020-01-18 15:00:00,2020-01-18 00:00:00,West Ham United,Everton,1,1,D,1,1,D,12,11,6,3,7,6,1,0,0,0,A Marriner,2.9,3.5,2.37,2.96,3.46,2.4,3.05,3.6,2.5
20200118-newcastle-united-chelsea,ENG Premier League,2019-2020,2020-01-18 17:30:00,2020-01-18 00:00:00,Newcastle United,Chelsea,1,0,H,0,0,D,7,19,2,4,1,10,1,1,0,0,C Kavanagh,6.0,4.5,1.5,6.02,4.53,1.52,6.4,4.72,1.57
20200119-burnley-leicester-city,ENG Premier League,2019-2020,2020-01-19 14:00:00,2020-01-19 00:00:00,Burnley,Leicester City,2,1,H,0,1,A,8,18,5,8,4,5,1,0,0,0,A Taylor,4.33,3.75,1.83,4.19,3.71,1.87,4.35,3.9,1.93
20200119-liverpool-manchester-united,ENG Premier League,2019-2020,2020-01-19 16:30:00,2020-01-19 00:00:00,Liverpool,Manchester United,2,0,H,1,0,H,16,9,5,4,11,5,1,3,0,0,C Pawson,1.36,5.25,8.0,1.37,5.12,8.31,1.4,5.4,9.5
20200121-aston-villa-watford,ENG Premier League,2019-2020,2020-01-21 19:30:00,2020-01-21 00:00:00,Aston Villa,Watford,2,1,H,0,1,A,16,8,5,2,6,3,2,2,0,0,M Atkinson,2.8,3.5,2.45,2.86,3.46,2.49,3.0,3.65,2.58
20200121-bournemouth-brighton-hove-albion,ENG Premier League,2019-2020,2020-01-21 19:30:00,2020-01-21 00:00:00,Bournemouth,Brighton & Hove Albion,3,1,H,2,0,H,11,21,3,8,5,8,1,1,0,0,K Friend,2.87,3.4,2.45,2.94,3.35,2.47,3.1,3.45,2.6
20200121-crystal-palace-southampton,ENG Premier League,2019-2020,2020-01-21 19:30:00,2020-01-21 00:00:00,Crystal Palace,Southampton,0,2,A,0,1,A,6,15,0,6,0,8,1,2,0,0,A Marriner,2.7,3.25,2.7,2.73,3.26,2.72,2.85,3.35,2.84
20200121-everton-newcastle-united,ENG Premier League,2019-2020,2020-01-21 19:30:00,2020-01-21 00:00:00,Everton,Newcastle United,2,2,D,1,0,H,17,8,8,2,6,4,1,1,0,0,S Hooper,1.55,4.1,6.0,1.6,3.99,6.06,1.64,4.3,6.75
20200121-sheffield-united-manchester-city,ENG Premier League,2019-2020,2020-01-21 19:30:00,2020-01-21 00:00:00,Sheffield United,Manchester City,0,1,A,0,0,D,4,18,1,5,5,13,4,3,0,0,L Mason,7.0,5.0,1.4,7.41,4.82,1.43,8.5,5.13,1.47
20200121-chelsea-arsenal,ENG Premier League,2019-2020,2020-01-21 20:15:00,2020-01-21 00:00:00,Chelsea,Arsenal,2,2,D,1,0,H,19,2,8,2,17,5,2,1,0,1,S Attwell,1.72,3.9,4.5,1.74,3.95,4.71,1.79,4.1,5.2
20200122-leicester-city-west-ham-united,ENG Premier League,2019-2020,2020-01-22 19:30:00,2020-01-22 00:00:00,Leicester City,West Ham United,4,1,H,2,0,H,19,6,8,2,7,8,1,1,0,0,D Coote,1.53,4.33,6.0,1.53,4.49,5.97,1.62,4.75,6.25
20200122-tottenham-hotspur-norwich-city,ENG Premier League,2019-2020,2020-01-22 19:30:00,2020-01-22 00:00:00,Tottenham Hotspur,Norwich City,2,1,H,1,0,H,14,12,3,2,7,3,0,1,0,0,C Kavanagh,1.4,5.0,7.5,1.42,4.89,7.5,1.45,5.15,8.25
20200122-manchester-united-burnley,ENG Premier League,2019-2020,2020-01-22 20:15:00,2020-01-22 00:00:00,Manchester United,Burnley,0,2,A,0,1,A,24,5,7,2,5,2,0,2,0,0,J Moss,1.36,4.75,9.0,1.41,4.65,8.43,1.45,4.9,9.5
20200123-wolverhampton-wanderers-liverpool,ENG Premier League,2019-2020,2020-01-23 20:00:00,2020-01-23 00:00:00,Wolverhampton Wanderers,Liverpool,1,2,A,0,1,A,10,13,3,6,2,4,0,1,0,0,M Oliver,5.75,3.8,1.61,5.63,3.92,1.64,6.0,4.05,1.69
20200129-west-ham-united-liverpool,ENG Premier League,2019-2020,2020-01-29 19:45:00,2020-01-29 00:00:00,West Ham United,Liverpool,0,2,A,0,1,A,7,13,4,5,3,7,2,0,0,0,J Moss,8.5,5.5,1.33,8.76,5.55,1.33,10.0,5.9,1.36
20200201-leicester-city-chelsea,ENG Premier League,2019-2020,2020-02-01 12:30:00,2020-02-01 00:00:00,Leicester City,Chelsea,2,2,D,0,0,D,14,7,4,3,4,6,2,2,0,0,L Mason,2.5,3.6,2.7,2.52,3.59,2.72,2.6,3.75,2.82
20200201-bournemouth-aston-villa,ENG Premier League,2019-2020,2020-02-01 15:00:00,2020-02-01 00:00:00,Bournemouth,Aston Villa,2,1,H,2,0,H,16,18,6,5,1,8,1,3,1,0,A Taylor,2.1,3.6,3.3,2.13,3.57,3.39,2.22,3.7,3.55
20200201-crystal-palace-sheffield-united,ENG Premier League,2019-2020,2020-02-01 15:00:00,2020-02-01 00:00:00,Crystal Palace,Sheffield United,0,1,A,0,0,D,13,10,3,3,9,5,3,2,0,0,A Madley,3.1,3.1,2.5,3.11,3.06,2.52,3.2,3.18,2.65
20200201-liverpool-southampton,ENG Premier League,2019-2020,2020-02-01 15:00:00,2020-02-01 00:00:00,Liverpool,Southampton,4,0,H,0,0,D,16,17,9,4,6,11,0,2,0,0,K Friend,1.25,6.0,12.0,1.28,5.86,10.73,1.31,6.2,12.37
20200201-newcastle-united-norwich-city,ENG Premier League,2019-2020,2020-02-01 15:00:00,2020-02-01 00:00:00,Newcastle United,Norwich City,0,0,D,0,0,D,15,19,5,4,8,12,2,1,0,0,M Atkinson,2.2,3.4,3.3,2.24,3.39,3.31,2.32,3.5,3.45
20200201-watford-everton,ENG Premier League,2019-2020,2020-02-01 15:00:00,2020-02-01 00:00:00,Watford,Everton,2,3,A,2,2,D,11,12,2,5,4,4,2,2,0,1,C Pawson,2.75,3.3,2.62,2.75,3.31,2.64,2.85,3.42,2.75
20200201-west-ham-united-brighton-hove-albion,ENG Premier League,2019-2020,2020-02-01 15:00:00,2020-02-01 00:00:00,West Ham United,Brighton & Hove Albion,3,3,D,2,0,H,12,19,6,6,4,6,1,1,0,0,M Oliver,2.6,3.3,2.75,2.56,3.37,2.8,2.68,3.45,2.9
20200201-manchester-united-wolverhampton-wanderers,ENG Premier League,2019-2020,2020-02-01 17:30:00,2020-02-01 00:00:00,Manchester United,Wolverhampton Wanderers,0,0,D,0,0,D,15,14,5,3,4,6,3,2,0,0,P Tierney,2.25,3.25,3.4,2.23,3.24,3.48,2.33,3.35,3.7
20200202-burnley-arsenal,ENG Premier League,2019-2020,2020-02-02 14:00:00,2020-02-02 00:00:00,Burnley,Arsenal,0,0,D,0,0,D,15,13,2,2,5,7,1,3,0,0,C Kavanagh,3.6,3.6,2.0,3.75,3.53,2.02,3.95,3.65,2.1
20200202-tottenham-hotspur-manchester-city,ENG Premier League,2019-2020,2020-02-02 16:30:00,2020-02-02 00:00:00,Tottenham Hotspur,Manchester City,2,0,H,0,0,D,3,18,3,5,2,6,2,3,0,1,M Dean,5.5,4.6,1.53,5.64,4.45,1.56,6.0,4.75,1.62
20200208-everton-crystal-palace,ENG Premier League,2019-2020,2020-02-08 12:30:00,2020-02-08 00:00:00,Everton,Crystal Palace,3,1,H,1,0,H,14,10,8,2,4,6,0,1,0,0,D Coote,1.61,3.8,6.0,1.63,3.77,6.02,1.68,3.93,6.75
20200208-brighton-hove-albion-watford,ENG Premier League,2019-2020,2020-02-08 17:30:00,2020-02-08 00:00:00,Brighton & Hove Albion,Watford,1,1,D,0,1,A,10,5,2,2,3,2,2,2,0,0,K Friend,2.1,3.4,3.6,2.15,3.37,3.53,2.23,3.5,3.75
20200209-sheffield-united-bournemouth,ENG Premier League,2019-2020,2020-02-09 14:00:00,2020-02-09 00:00:00,Sheffield United,Bournemouth,2,1,H,1,1,D,16,10,6,2,8,4,2,2,0,0,J Moss,1.66,3.6,5.75,1.72,3.54,5.58,1.79,3.65,5.9
20200214-wolverhampton-wanderers-leicester-city,ENG Premier League,2019-2020,2020-02-14 20:00:00,2020-02-14 00:00:00,Wolverhampton Wanderers,Leicester City,0,0,D,0,0,D,15,9,3,3,7,0,2,2,0,1,M Dean,2.5,3.3,2.87,2.55,3.29,2.91,2.65,3.38,3.05
20200215-southampton-burnley,ENG Premier League,2019-2020,2020-02-15 12:30:00,2020-02-15 00:00:00,Southampton,Burnley,1,2,A,1,1,D,10,9,2,6,4,3,2,2,0,0,S Hooper,1.75,3.8,4.75,1.79,3.69,4.7,1.85,3.85,5.1
20200215-norwich-city-liverpool,ENG Premier League,2019-2020,2020-02-15 17:30:00,2020-02-15 00:00:00,Norwich City,Liverpool,0,1,A,0,0,D,5,17,1,6,2,7,1,2,0,0,S Attwell,11.0,6.25,1.25,10.02,6.0,1.29,12.0,6.4,1.31
20200216-aston-villa-tottenham-hotspur,ENG Premier League,2019-2020,2020-02-16 14:00:00,2020-02-16 00:00:00,Aston Villa,Tottenham Hotspur,2,3,A,1,2,A,18,23,4,10,12,7,2,0,0,0,M Atkinson,4.0,3.8,1.85,4.01,3.78,1.89,4.25,3.9,1.95
20200216-arsenal-newcastle-united,ENG Premier League,2019-2020,2020-02-16 16:30:00,2020-02-16 00:00:00,Arsenal,Newcastle United,4,0,H,0,0,D,15,10,7,2,5,6,2,0,0,0,L Mason,1.4,4.75,8.0,1.43,4.6,7.72,1.47,4.98,8.75
20200217-chelsea-manchester-united,ENG Premier League,2019-2020,2020-02-17 20:00:00,2020-02-17 00:00:00,Chelsea,Manchester United,0,2,A,0,1,A,17,9,1,3,9,8,4,3,0,0,A Taylor,1.85,3.5,4.5,1.86,3.6,4.35,1.93,3.8,4.6
20200219-manchester-city-west-ham-united,ENG Premier League,2019-2020,2020-02-19 19:30:00,2020-02-19 00:00:00,Manchester City,West Ham United,2,0,H,1,0,H,20,3,7,0,6,1,0,1,0,0,K Friend,1.12,9.5,17.0,1.13,9.37,18.28,1.15,10.5,23.0
20200222-chelsea-tottenham-hotspur,ENG Premier League,2019-2020,2020-02-22 12:30:00,2020-02-22 00:00:00,Chelsea,Tottenham Hotspur,2,1,H,1,0,H,17,5,7,3,3,5,1,2,0,0,M Oliver,1.72,4.0,4.5,1.73,3.94,4.72,1.78,4.05,5.1
20200222-burnley-bournemouth,ENG Premier League,2019-2020,2020-02-22 15:00:00,2020-02-22 00:00:00,Burnley,Bournemouth,3,0,H,0,0,D,16,12,10,4,7,3,4,3,0,0,M Dean,2.1,3.3,3.7,2.15,3.28,3.65,2.25,3.4,3.8
20200222-crystal-palace-newcastle-united,ENG Premier League,2019-2020,2020-02-22 15:00:00,2020-02-22 00:00:00,Crystal Palace,Newcastle United,1,0,H,1,0,H,18,8,9,2,7,5,2,6,0,1,P Bankes,1.95,3.4,4.2,1.96,3.3,4.35,2.05,3.5,4.75
20200222-sheffield-united-brighton-hove-albion,ENG Premier League,2019-2020,2020-02-22 15:00:00,2020-02-22 00:00:00,Sheffield United,Brighton & Hove Albion,1,1,D,1,1,D,14,8,3,2,12,2,0,2,0,0,G Scott,1.95,3.4,4.2,1.96,3.34,4.31,2.02,3.43,4.5
20200222-southampton-aston-villa,ENG Premier League,2019-2020,2020-02-22 15:00:00,2020-02-22 00:00:00,Southampton,Aston Villa,2,0,H,1,0,H,28,4,9,1,9,6,1,4,0,0,C Pawson,1.61,4.33,5.0,1.64,4.23,5.1,1.7,4.4,5.5
20200222-leicester-city-manchester-city,ENG Premier League,2019-2020,2020-02-22 17:30:00,2020-02-22 00:00:00,Leicester City,Manchester City,0,1,A,0,0,D,10,18,3,7,3,7,0,0,0,0,P Tierney,4.5,4.2,1.7,4.49,4.15,1.73,4.75,4.4,1.83
20200223-manchester-united-watford,ENG Premier League,2019-2020,2020-02-23 14:00:00,2020-02-23 00:00:00,Manchester United,Watford,3,0,H,1,0,H,21,7,9,2,3,5,0,1,0,0,M Atkinson,1.6,3.9,6.0,1.6,3.97,5.98,1.65,4.2,6.5
20200223-wolverhampton-wanderers-norwich-city,ENG Premier League,2019-2020,2020-02-23 14:00:00,2020-02-23 00:00:00,Wolverhampton Wanderers,Norwich City,3,0,H,2,0,H,19,6,6,4,4,1,2,3,0,0,C Kavanagh,1.5,4.2,7.0,1.52,4.27,6.55,1.57,4.5,7.05
20200223-arsenal-everton,ENG Premier League,2019-2020,2020-02-23 16:30:00,2020-02-23 00:00:00,Arsenal,Everton,3,2,H,2,2,D,9,17,4,5,6,3,0,4,0,0,S Attwell,2.0,3.6,3.7,2.04,3.6,3.63,2.12,3.8,3.88
20200224-liverpool-west-ham-united,ENG Premier League,2019-2020,2020-02-24 20:00:00,2020-02-24 00:00:00,Liverpool,West Ham United,3,2,H,1,1,D,25,7,7,4,16,8,0,3,0,0,J Moss,1.16,8.0,15.0,1.17,7.81,16.2,1.19,8.8,19.0
20200228-norwich-city-leicester-city,ENG Premier League,2019-2020,2020-02-28 20:00:00,2020-02-28 00:00:00,Norwich City,Leicester City,1,0,H,0,0,D,11,19,6,4,6,7,1,2,0,0,C Pawson,4.33,4.1,1.72,4.66,4.02,1.74,5.1,4.16,1.78
20200229-brighton-hove-albion-crystal-palace,ENG Premier League,2019-2020,2020-02-29 12:30:00,2020-02-29 00:00:00,Brighton & Hove Albion,Crystal Palace,0,1,A,0,0,D,24,12,8,3,8,7,1,1,0,0,M Atkinson,2.05,3.25,3.9,2.08,3.24,3.93,2.15,3.34,4.15
20200229-bournemouth-chelsea,ENG Premier League,2019-2020,2020-02-29 15:00:00,2020-02-29 00:00:00,Bournemouth,Chelsea,2,2,D,0,1,A,9,23,5,6,4,14,2,2,0,0,A Marriner,4.75,3.8,1.72,4.68,3.84,1.76,5.1,4.05,1.83
20200229-newcastle-united-burnley,ENG Premier League,2019-2020,2020-02-29 15:00:00,2020-02-29 00:00:00,Newcastle United,Burnley,0,0,D,0,0,D,21,8,4,1,11,7,4,3,0,0,A Madley,2.62,3.1,2.9,2.64,3.11,2.9,2.8,3.24,3.0
20200229-west-ham-united-southampton,ENG Premier League,2019-2020,2020-02-29 15:00:00,2020-02-29 00:00:00,West Ham United,Southampton,3,1,H,2,1,H,14,10,7,2,4,9,1,1,0,0,A Taylor,2.65,3.6,2.5,2.71,3.54,2.55,2.8,3.65,2.64
20200229-watford-liverpool,ENG Premier League,2019-2020,2020-02-29 17:30:00,2020-02-29 00:00:00,Watford,Liverpool,3,0,H,0,0,D,14,7,5,1,3,5,0,0,0,0,M Oliver,8.0,4.75,1.4,7.52,4.84,1.42,8.75,5.1,1.45
20200301-everton-manchester-united,ENG Premier League,2019-2020,2020-03-01 14:00:00,2020-03-01 00:00:00,Everton,Manchester United,1,1,D,1,1,D,16,14,5,5,13,8,3,4,0,0,C Kavanagh,2.5,3.25,2.9,2.54,3.33,2.85,2.72,3.45,2.95
20200301-tottenham-hotspur-wolverhampton-wanderers,ENG Premier League,2019-2020,2020-03-01 14:00:00,2020-03-01 00:00:00,Tottenham Hotspur,Wolverhampton Wanderers,2,3,A,2,1,H,13,14,5,4,4,5,3,2,0,0,S Attwell,2.45,3.2,3.0,2.44,3.17,3.13,2.55,3.3,3.21
20200307-liverpool-bournemouth,ENG Premier League,2019-2020,2020-03-07 12:30:00,2020-03-07 00:00:00,Liverpool,Bournemouth,2,1,H,2,1,H,14,6,6,4,9,4,0,1,0,0,P Tierney,1.22,6.5,13.0,1.25,6.24,11.93,1.29,6.6,13.45
20200307-arsenal-west-ham-united,ENG Premier League,2019-2020,2020-03-07 15:00:00,2020-03-07 00:00:00,Arsenal,West Ham United,1,0,H,0,0,D,9,14,2,6,6,7,1,2,0,0,M Atkinson,1.57,4.4,5.5,1.56,4.37,5.78,1.62,4.5,6.21
20200307-crystal-palace-watford,ENG Premier League,2019-2020,2020-03-07 15:00:00,2020-03-07 00:00:00,Crystal Palace,Watford,1,0,H,1,0,H,10,10,3,4,8,8,4,4,0,0,A Taylor,2.55,3.2,2.9,2.57,3.19,2.95,2.65,3.26,3.1
20200307-sheffield-united-norwich-city,ENG Premier League,2019-2020,2020-03-07 15:00:00,2020-03-07 00:00:00,Sheffield United,Norwich City,1,0,H,1,0,H,10,12,4,5,10,5,0,0,0,0,S Hooper,1.65,3.75,5.75,1.66,3.78,5.71,1.7,3.9,6.05
20200307-southampton-newcastle-united,ENG Premier League,2019-2020,2020-03-07 15:00:00,2020-03-07 00:00:00,Southampton,Newcastle United,0,1,A,0,0,D,6,14,3,7,5,8,0,3,1,0,G Scott,1.61,4.1,5.25,1.67,3.95,5.27,1.74,4.17,5.6
20200307-wolverhampton-wanderers-brighton-hove-albion,ENG Premier League,2019-2020,2020-03-07 15:00:00,2020-03-07 00:00:00,Wolverhampton Wanderers,Brighton & Hove Albion,0,0,D,0,0,D,11,7,1,1,2,0,1,3,0,0,A Marriner,1.61,3.9,5.75,1.65,3.95,5.48,1.7,4.15,6.0
20200307-burnley-tottenham-hotspur,ENG Premier League,2019-2020,2020-03-07 17:30:00,2020-03-07 00:00:00,Burnley,Tottenham Hotspur,1,1,D,1,0,H,21,13,8,2,3,5,5,4,0,0,J Moss,2.7,3.3,2.62,2.72,3.3,2.69,2.8,3.4,2.82
20200308-chelsea-everton,ENG Premier League,2019-2020,2020-03-08 14:00:00,2020-03-08 00:00:00,Chelsea,Everton,4,0,H,2,0,H,17,3,11,1,6,1,1,2,0,0,K Friend,1.8,3.9,4.2,1.87,3.74,4.2,1.95,4.0,4.4
20200308-manchester-united-manchester-city,ENG Premier League,2019-2020,2020-03-08 16:30:00,2020-03-08 00:00:00,Manchester United,Manchester City,2,0,H,1,0,H,12,7,6,2,2,11,2,4,0,0,M Dean,5.0,4.33,1.6,5.04,4.28,1.64,5.5,4.5,1.7
20200309-leicester-city-aston-villa,ENG Premier League,2019-2020,2020-03-09 20:00:00,2020-03-09 00:00:00,Leicester City,Aston Villa,4,0,H,1,0,H,15,4,7,1,9,0,2,1,0,0,M Oliver,1.36,5.25,8.0,1.38,5.12,8.05,1.42,5.4,9.0
20200617-aston-villa-sheffield-united,ENG Premier League,2019-2020,2020-06-17 18:00:00,2020-06-17 00:00:00,Aston Villa,Sheffield United,0,0,D,0,0,D,14,5,6,1,12,4,1,1,0,0,M Oliver,3.2,3.4,2.25,3.3,3.33,2.27,3.48,3.45,2.39
20200617-manchester-city-arsenal,ENG Premier League,2019-2020,2020-06-17 20:15:00,2020-06-17 00:00:00,Manchester City,Arsenal,3,0,H,1,0,H,20,3,12,0,5,2,1,1,0,1,A Taylor,1.36,5.25,7.5,1.35,5.5,8.11,1.4,6.05,9.0
20200619-norwich-city-southampton,ENG Premier League,2019-2020,2020-06-19 18:00:00,2020-06-19 00:00:00,Norwich City,Southampton,0,3,A,0,0,D,9,22,1,9,9,7,1,1,0,0,K Friend,2.8,3.5,2.45,2.84,3.4,2.53,3.2,3.65,2.64
20200619-tottenham-hotspur-manchester-united,ENG Premier League,2019-2020,2020-06-19 20:15:00,2020-06-19 00:00:00,Tottenham Hotspur,Manchester United,1,1,D,1,0,H,10,12,3,6,7,6,0,1,0,0,J Moss,3.0,3.4,2.37,3.03,3.4,2.43,3.2,3.55,2.5
20200620-watford-leicester-city,ENG Premier League,2019-2020,2020-06-20 12:30:00,2020-06-20 00:00:00,Watford,Leicester City,1,1,D,0,0,D,8,15,4,2,2,7,0,1,0,0,C Pawson,3.6,3.5,2.05,3.59,3.52,2.09,3.75,3.7,2.17
20200620-brighton-hove-albion-arsenal,ENG Premier League,2019-2020,2020-06-20 15:00:00,2020-06-20 00:00:00,Brighton & Hove Albion,Arsenal,2,1,H,0,0,D,9,13,5,6,10,7,2,1,0,0,M Atkinson,3.1,3.25,2.37,3.04,3.37,2.39,3.4,3.52,2.52
20200620-west-ham-united-wolverhampton-wanderers,ENG Premier League,2019-2020,2020-06-20 17:30:00,2020-06-20 00:00:00,West Ham United,Wolverhampton Wanderers,0,2,A,0,0,D,7,10,2,6,5,7,1,1,0,0,A Taylor,3.6,3.4,2.1,3.57,3.36,2.15,3.75,3.52,2.22
20200620-bournemouth-crystal-palace,ENG Premier League,2019-2020,2020-06-20 19:45:00,2020-06-20 00:00:00,Bournemouth,Crystal Palace,0,2,A,0,2,A,12,7,1,2,11,4,3,2,0,0,S Attwell,2.45,3.2,3.0,2.51,3.24,2.98,2.6,3.38,3.2
20200621-newcastle-united-sheffield-united,ENG Premier League,2019-2020,2020-06-21 14:00:00,2020-06-21 00:00:00,Newcastle United,Sheffield United,3,0,H,0,0,D,12,7,8,1,2,4,2,0,0,1,D Coote,3.3,3.1,2.37,3.31,3.1,2.38,3.45,3.25,2.55
20200621-aston-villa-chelsea,ENG Premier League,2019-2020,2020-06-21 16:15:00,2020-06-21 00:00:00,Aston Villa,Chelsea,1,2,A,1,0,H,8,19,4,5,2,10,2,1,0,0,P Tierney,6.0,4.5,1.5,6.0,4.5,1.53,6.5,4.9,1.57
20200621-everton-liverpool,ENG Premier League,2019-2020,2020-06-21 19:00:00,2020-06-21 00:00:00,Everton,Liverpool,0,0,D,0,0,D,9,10,3,3,1,6,2,2,0,0,M Dean,6.0,4.2,1.55,5.66,4.23,1.59,6.05,4.4,1.64
20200622-manchester-city-burnley,ENG Premier League,2019-2020,2020-06-22 20:00:00,2020-06-22 00:00:00,Manchester City,Burnley,5,0,H,3,0,H,19,1,7,0,3,1,1,1,0,0,A Marriner,1.12,9.0,15.0,1.13,8.97,19.85,1.16,10.0,26.0
20200623-leicester-city-brighton-hove-albion,ENG Premier League,2019-2020,2020-06-23 18:00:00,2020-06-23 00:00:00,Leicester City,Brighton & Hove Albion,0,0,D,0,0,D,11,10,2,2,6,7,2,2,0,0,L Mason,1.6,4.0,5.75,1.64,3.97,5.64,1.68,4.15,6.15
20200623-tottenham-hotspur-west-ham-united,ENG Premier League,2019-2020,2020-06-23 20:15:00,2020-06-23 00:00:00,Tottenham Hotspur,West Ham United,2,0,H,0,0,D,15,10,4,2,9,4,2,2,0,0,C Pawson,1.66,4.0,5.0,1.67,4.01,5.21,1.71,4.15,5.65
20200624-manchester-united-sheffield-united,ENG Premier League,2019-2020,2020-06-24 18:00:00,2020-06-24 00:00:00,Manchester United,Sheffield United,3,0,H,2,0,H,15,4,6,1,10,5,1,0,0,0,A Taylor,1.4,4.5,8.5,1.43,4.39,8.62,1.5,4.6,9.6
20200624-newcastle-united-aston-villa,ENG Premier League,2019-2020,2020-06-24 18:00:00,2020-06-24 00:00:00,Newcastle United,Aston Villa,1,1,D,0,0,D,13,14,3,2,6,9,2,2,0,0,C Kavanagh,2.3,3.3,3.2,2.33,3.33,3.17,2.42,3.5,3.32
20200624-norwich-city-everton,ENG Premier League,2019-2020,2020-06-24 18:00:00,2020-06-24 00:00:00,Norwich City,Everton,0,1,A,0,0,D,9,12,1,5,6,5,0,1,0,0,A Madley,3.9,3.6,1.9,3.94,3.66,1.94,4.25,3.8,2.0
20200624-wolverhampton-wanderers-bournemouth,ENG Premier League,2019-2020,2020-06-24 18:00:00,2020-06-24 00:00:00,Wolverhampton Wanderers,Bournemouth,1,0,H,0,0,D,10,4,2,0,6,4,3,3,0,0,M Oliver,1.55,4.0,6.0,1.58,4.03,6.11,1.63,4.25,6.65
20200624-liverpool-crystal-palace,ENG Premier League,2019-2020,2020-06-24 20:15:00,2020-06-24 00:00:00,Liverpool,Crystal Palace,4,0,H,2,0,H,21,3,7,0,6,0,0,0,0,0,M Atkinson,1.22,6.5,13.0,1.24,6.13,13.09,1.27,6.61,16.0
20200625-burnley-watford,ENG Premier League,2019-2020,2020-06-25 18:00:00,2020-06-25 00:00:00,Burnley,Watford,1,0,H,0,0,D,9,10,5,4,1,7,1,0,0,0,M Dean,3.0,3.25,2.45,3.02,3.22,2.48,3.18,3.3,2.59
20200625-southampton-arsenal,ENG Premier League,2019-2020,2020-06-25 18:00:00,2020-06-25 00:00:00,Southampton,Arsenal,0,2,A,0,1,A,12,10,3,5,4,6,0,2,1,0,G Scott,2.6,3.5,2.62,2.64,3.47,2.65,2.75,3.65,2.8
20200625-chelsea-manchester-city,ENG Premier League,2019-2020,2020-06-25 20:15:00,2020-06-25 00:00:00,Chelsea,Manchester City,2,1,H,1,0,H,15,11,10,2,5,7,1,1,0,1,S Attwell,4.0,4.0,1.8,4.14,4.07,1.8,4.4,4.25,1.87
20200627-aston-villa-wolverhampton-wanderers,ENG Premier League,2019-2020,2020-06-27 12:30:00,2020-06-27 00:00:00,Aston Villa,Wolverhampton Wanderers,0,1,A,0,0,D,11,9,1,2,2,2,1,1,0,0,C Pawson,4.6,3.7,1.75,4.79,3.68,1.78,5.1,3.92,1.82
20200628-watford-southampton,ENG Premier League,2019-2020,2020-06-28 16:30:00,2020-06-28 00:00:00,Watford,Southampton,1,3,A,0,1,A,8,11,0,7,5,3,3,0,0,0,M Oliver,2.5,3.3,2.87,2.49,3.32,2.92,2.6,3.42,3.1
20200629-crystal-palace-burnley,ENG Premier League,2019-2020,2020-06-29 20:00:00,2020-06-29 00:00:00,Crystal Palace,Burnley,0,1,A,0,0,D,17,8,4,4,9,1,1,1,0,0,S Hooper,2.25,3.2,3.4,2.29,3.16,3.41,2.42,3.32,3.55
20200630-brighton-hove-albion-manchester-united,ENG Premier League,2019-2020,2020-06-30 20:15:00,2020-06-30 00:00:00,Brighton & Hove Albion,Manchester United,0,3,A,0,2,A,8,12,2,6,4,5,0,1,0,0,A Marriner,6.0,3.8,1.61,6.31,3.85,1.61,7.0,4.1,1.64
20200701-arsenal-norwich-city,ENG Premier League,2019-2020,2020-07-01 18:00:00,2020-07-01 00:00:00,Arsenal,Norwich City,4,0,H,2,0,H,13,8,8,2,6,2,1,4,0,0,P Bankes,1.44,4.75,7.0,1.44,4.69,7.23,1.48,4.9,8.2
20200701-bournemouth-newcastle-united,ENG Premier League,2019-2020,2020-07-01 18:00:00,2020-07-01 00:00:00,Bournemouth,Newcastle United,1,4,A,0,2,A,12,12,1,7,6,3,2,0,0,0,K Friend,2.4,3.1,3.2,2.4,3.16,3.21,2.51,3.3,3.32
20200701-everton-leicester-city,ENG Premier League,2019-2020,2020-07-01 18:00:00,2020-07-01 00:00:00,Everton,Leicester City,2,1,H,2,0,H,7,15,2,3,3,5,1,1,0,0,D Coote,2.5,3.3,2.9,2.54,3.28,2.9,2.64,3.42,3.05
20200701-west-ham-united-chelsea,ENG Premier League,2019-2020,2020-07-01 20:15:00,2020-07-01 00:00:00,West Ham United,Chelsea,3,2,H,1,1,D,10,17,4,6,2,3,2,1,0,0,M Atkinson,5.5,4.33,1.57,5.48,4.27,1.59,6.0,4.5,1.65
20200702-sheffield-united-tottenham-hotspur,ENG Premier League,2019-2020,2020-07-02 18:00:00,2020-07-02 00:00:00,Sheffield United,Tottenham Hotspur,3,1,H,1,0,H,7,9,5,2,1,6,2,0,0,0,C Kavanagh,4.2,3.4,1.95,4.1,3.41,1.98,4.3,3.54,2.08
20200702-manchester-city-liverpool,ENG Premier League,2019-2020,2020-07-02 20:15:00,2020-07-02 00:00:00,Manchester City,Liverpool,4,0,H,3,0,H,14,11,6,3,3,3,2,2,0,0,A Taylor,2.05,3.9,3.3,2.07,3.85,3.32,2.14,4.32,3.52
20200704-norwich-city-brighton-hove-albion,ENG Premier League,2019-2020,2020-07-04 12:30:00,2020-07-04 00:00:00,Norwich City,Brighton & Hove Albion,0,1,A,0,1,A,12,8,1,2,0,2,2,2,0,0,S Attwell,3.3,3.4,2.2,3.39,3.32,2.23,3.56,3.45,2.33
20200704-leicester-city-crystal-palace,ENG Premier League,2019-2020,2020-07-04 15:00:00,2020-07-04 00:00:00,Leicester City,Crystal Palace,3,0,H,0,0,D,15,7,4,1,3,7,2,1,0,0,J Moss,1.66,3.6,5.75,1.68,3.63,5.84,1.72,3.8,6.5
20200704-manchester-united-bournemouth,ENG Premier League,2019-2020,2020-07-04 15:00:00,2020-07-04 00:00:00,Manchester United,Bournemouth,5,2,H,3,1,H,19,7,10,3,8,3,0,1,0,0,M Dean,1.16,7.5,17.0,1.17,7.46,17.41,1.19,8.3,21.0
20200704-wolverhampton-wanderers-arsenal,ENG Premier League,2019-2020,2020-07-04 17:30:00,2020-07-04 00:00:00,Wolverhampton Wanderers,Arsenal,0,2,A,0,1,A,10,8,1,5,3,5,2,4,0,0,M Oliver,2.25,3.4,3.25,2.27,3.3,3.32,2.36,3.48,3.5
20200704-chelsea-watford,ENG Premier League,2019-2020,2020-07-04 20:00:00,2020-07-04 00:00:00,Chelsea,Watford,3,0,H,2,0,H,21,7,9,3,5,3,0,2,0,0,K Friend,1.4,4.75,8.0,1.43,4.61,7.96,1.46,4.9,9.3
20200705-burnley-sheffield-united,ENG Premier League,2019-2020,2020-07-05 12:00:00,2020-07-05 00:00:00,Burnley,Sheffield United,1,1,D,1,0,H,9,10,4,3,3,9,0,0,0,0,P Bankes,2.9,3.0,2.7,2.91,2.97,2.75,3.02,3.1,2.86
20200705-newcastle-united-west-ham-united,ENG Premier League,2019-2020,2020-07-05 14:15:00,2020-07-05 00:00:00,Newcastle United,West Ham United,2,2,D,1,1,D,11,17,4,7,6,4,0,0,0,0,C Pawson,2.6,3.3,2.75,2.66,3.28,2.74,2.77,3.48,2.9
20200705-liverpool-aston-villa,ENG Premier League,2019-2020,2020-07-05 16:30:00,2020-07-05 00:00:00,Liverpool,Aston Villa,2,0,H,0,0,D,6,9,4,3,7,5,1,1,0,0,P Tierney,1.33,5.5,8.5,1.35,5.45,8.4,1.38,5.9,9.8
20200705-southampton-manchester-city,ENG Premier League,2019-2020,2020-07-05 19:00:00,2020-07-05 00:00:00,Southampton,Manchester City,1,0,H,1,0,H,8,26,4,6,2,13,1,2,0,0,A Marriner,8.5,6.0,1.3,9.03,5.56,1.33,11.31,6.1,1.36
20200706-tottenham-hotspur-everton,ENG Premier League,2019-2020,2020-07-06 20:00:00,2020-07-06 00:00:00,Tottenham Hotspur,Everton,1,0,H,1,0,H,12,11,2,3,5,6,3,2,0,0,G Scott,2.1,3.5,3.4,2.13,3.51,3.45,2.22,3.74,3.58
20200707-crystal-palace-chelsea,ENG Premier League,2019-2020,2020-07-07 18:00:00,2020-07-07 00:00:00,Crystal Palace,Chelsea,2,3,A,1,2,A,13,14,4,6,7,9,1,0,0,0,D Coote,8.5,4.5,1.4,8.43,4.5,1.43,9.05,4.85,1.46
20200707-watford-norwich-city,ENG Premier League,2019-2020,2020-07-07 18:00:00,2020-07-07 00:00:00,Watford,Norwich City,2,1,H,1,1,D,9,12,4,3,4,3,2,4,0,0,A Taylor,1.7,3.75,5.0,1.75,3.71,5.02,1.8,3.94,5.5
20200707-arsenal-leicester-city,ENG Premier League,2019-2020,2020-07-07 20:15:00,2020-07-07 00:00:00,Arsenal,Leicester City,1,1,D,1,0,H,11,13,7,5,10,1,1,0,1,0,C Kavanagh,2.3,3.5,3.0,2.38,3.43,3.03,2.49,3.59,3.15
20200708-manchester-city-newcastle-united,ENG Premier League,2019-2020,2020-07-08 18:00:00,2020-07-08 00:00:00,Manchester City,Newcastle United,5,0,H,2,0,H,23,6,9,1,8,1,0,0,0,0,A Madley,1.12,9.0,21.0,1.13,9.15,22.2,1.16,10.5,29.0
20200708-sheffield-united-wolverhampton-wanderers,ENG Premier League,2019-2020,2020-07-08 18:00:00,2020-07-08 00:00:00,Sheffield United,Wolverhampton Wanderers,1,0,H,0,0,D,7,6,3,1,6,1,2,0,0,0,M Atkinson,3.8,3.2,2.1,3.96,3.08,2.14,4.1,3.26,2.25
20200708-west-ham-united-burnley,ENG Premier League,2019-2020,2020-07-08 18:00:00,2020-07-08 00:00:00,West Ham United,Burnley,0,1,A,0,1,A,21,8,5,4,10,3,1,1,0,0,M Oliver,2.0,3.4,3.9,2.02,3.42,3.89,2.1,3.6,4.05
20200708-brighton-hove-albion-liverpool,ENG Premier League,2019-2020,2020-07-08 20:15:00,2020-07-08 00:00:00,Brighton & Hove Albion,Liverpool,1,3,A,1,2,A,12,19,2,8,6,10,1,4,0,0,C Pawson,6.0,4.33,1.53,5.99,4.26,1.56,6.5,4.45,1.62
20200709-bournemouth-tottenham-hotspur,ENG Premier League,2019-2020,2020-07-09 18:00:00,2020-07-09 00:00:00,Bournemouth,Tottenham Hotspur,0,0,D,0,0,D,9,9,2,0,8,12,3,2,0,0,P Tierney,5.25,3.8,1.66,5.03,4.0,1.68,5.45,4.2,1.72
20200709-everton-southampton,ENG Premier League,2019-2020,2020-07-09 18:00:00,2020-07-09 00:00:00,Everton,Southampton,1,1,D,1,1,D,11,17,4,4,3,5,3,3,0,0,L Mason,2.05,3.5,3.6,2.07,3.51,3.62,2.15,3.65,3.86
20200709-aston-villa-manchester-united,ENG Premier League,2019-2020,2020-07-09 20:15:00,2020-07-09 00:00:00,Aston Villa,Manchester United,0,3,A,0,2,A,9,14,1,6,3,5,2,3,0,0,J Moss,9.0,5.25,1.33,9.26,5.15,1.35,10.5,5.45,1.38
20200711-norwich-city-west-ham-united,ENG Premier League,2019-2020,2020-07-11 12:30:00,2020-07-11 00:00:00,Norwich City,West Ham United,0,4,A,0,2,A,11,19,2,7,1,6,1,0,0,0,K Friend,3.75,3.75,1.95,3.76,3.65,1.99,3.9,3.8,2.07
20200711-watford-newcastle-united,ENG Premier League,2019-2020,2020-07-11 12:30:00,2020-07-11 00:00:00,Watford,Newcastle United,2,1,H,0,1,A,17,8,5,4,2,4,1,4,0,0,C Pawson,1.8,3.6,4.5,1.82,3.58,4.65,1.88,3.72,5.0
20200711-liverpool-burnley,ENG Premier League,2019-2020,2020-07-11 15:00:00,2020-07-11 00:00:00,Liverpool,Burnley,1,1,D,1,0,H,23,6,9,2,12,6,1,2,0,0,D Coote,1.22,6.5,12.0,1.25,6.27,11.44,1.28,6.7,13.0
20200711-sheffield-united-chelsea,ENG Premier League,2019-2020,2020-07-11 17:30:00,2020-07-11 00:00:00,Sheffield United,Chelsea,3,0,H,2,0,H,9,15,4,4,4,6,1,0,0,0,A Marriner,6.0,3.8,1.6,6.07,3.93,1.6,6.8,4.15,1.65
20200711-brighton-hove-albion-manchester-city,ENG Premier League,2019-2020,2020-07-11 20:00:00,2020-07-11 00:00:00,Brighton & Hove Albion,Manchester City,0,5,A,0,2,A,3,26,0,8,2,7,1,0,0,0,G Scott,10.0,5.5,1.28,9.95,5.62,1.31,12.0,6.05,1.35
20200712-wolverhampton-wanderers-everton,ENG Premier League,2019-2020,2020-07-12 12:00:00,2020-07-12 00:00:00,Wolverhampton Wanderers,Everton,3,0,H,1,0,H,14,6,7,2,5,2,0,2,0,0,A Taylor,2.05,3.3,3.8,2.06,3.25,4.01,2.16,3.35,4.2
20200712-aston-villa-crystal-palace,ENG Premier League,2019-2020,2020-07-12 14:15:00,2020-07-12 00:00:00,Aston Villa,Crystal Palace,2,0,H,1,0,H,12,9,9,5,5,1,2,4,0,1,M Atkinson,2.25,3.3,3.3,2.29,3.35,3.24,2.35,3.48,3.45
20200712-tottenham-hotspur-arsenal,ENG Premier League,2019-2020,2020-07-12 16:30:00,2020-07-12 00:00:00,Tottenham Hotspur,Arsenal,2,1,H,1,1,D,15,13,9,4,6,5,5,3,0,0,M Oliver,2.62,3.4,2.7,2.6,3.48,2.68,2.75,4.48,2.83
20200712-bournemouth-leicester-city,ENG Premier League,2019-2020,2020-07-12 19:00:00,2020-07-12 00:00:00,Bournemouth,Leicester City,4,1,H,0,1,A,10,13,4,5,2,6,2,1,0,1,S Attwell,5.25,3.8,1.66,5.14,3.82,1.7,5.6,4.0,1.75
20200713-manchester-united-southampton,ENG Premier League,2019-2020,2020-07-13 20:00:00,2020-07-13 00:00:00,Manchester United,Southampton,2,2,D,2,1,H,8,9,4,5,4,6,1,3,0,0,C Kavanagh,1.3,5.5,10.0,1.29,5.73,10.41,1.33,6.3,12.0
20200714-chelsea-norwich-city,ENG Premier League,2019-2020,2020-07-14 20:15:00,2020-07-14 00:00:00,Chelsea,Norwich City,1,0,H,1,0,H,22,2,6,0,8,1,2,2,0,0,J Moss,1.12,9.5,17.0,1.13,9.5,20.76,1.14,10.8,24.75
20200715-burnley-wolverhampton-wanderers,ENG Premier League,2019-2020,2020-07-15 18:00:00,2020-07-15 00:00:00,Burnley,Wolverhampton Wanderers,1,1,D,0,0,D,9,14,1,5,3,8,0,0,0,0,M Dean,4.5,3.3,1.9,4.65,3.3,1.9,5.0,3.42,1.97
20200715-manchester-city-bournemouth,ENG Premier League,2019-2020,2020-07-15 18:00:00,2020-07-15 00:00:00,Manchester City,Bournemouth,2,1,H,2,0,H,8,15,4,3,3,5,1,1,0,0,L Mason,1.14,8.5,17.0,1.15,8.68,16.72,1.18,9.8,20.5
20200715-newcastle-united-tottenham-hotspur,ENG Premier League,2019-2020,2020-07-15 18:00:00,2020-07-15 00:00:00,Newcastle United,Tottenham Hotspur,1,3,A,0,1,A,22,8,6,5,5,4,2,3,0,0,D Coote,4.6,3.8,1.75,4.56,3.77,1.79,4.8,3.98,1.85
20200715-arsenal-liverpool,ENG Premier League,2019-2020,2020-07-15 20:15:00,2020-07-15 00:00:00,Arsenal,Liverpool,2,1,H,2,1,H,3,24,2,8,2,13,3,1,0,0,P Tierney,3.8,3.8,1.9,3.89,3.89,1.89,4.1,4.05,1.95
20200716-everton-aston-villa,ENG Premier League,2019-2020,2020-07-16 18:00:00,2020-07-16 00:00:00,Everton,Aston Villa,1,1,D,0,0,D,9,15,1,1,5,5,2,1,0,0,A Taylor,2.0,3.5,3.75,2.02,3.57,3.74,2.1,3.74,3.94
20200716-leicester-city-sheffield-united,ENG Premier League,2019-2020,2020-07-16 18:00:00,2020-07-16 00:00:00,Leicester City,Sheffield United,2,0,H,1,0,H,15,5,7,1,9,5,1,2,0,0,M Oliver,2.05,3.25,3.9,2.02,3.34,4.01,2.1,3.58,4.2
20200716-crystal-palace-manchester-united,ENG Premier League,2019-2020,2020-07-16 20:15:00,2020-07-16 00:00:00,Crystal Palace,Manchester United,0,2,A,0,1,A,13,17,5,5,2,7,1,2,0,0,G Scott,9.5,4.75,1.36,9.84,5.0,1.35,10.9,5.4,1.38
20200716-southampton-brighton-hove-albion,ENG Premier League,2019-2020,2020-07-16 20:15:00,2020-07-16 00:00:00,Southampton,Brighton & Hove Albion,1,1,D,0,1,A,21,10,6,2,8,2,1,0,0,0,A Marriner,2.15,3.3,3.5,2.18,3.31,3.53,2.26,3.48,3.68
20200717-west-ham-united-watford,ENG Premier League,2019-2020,2020-07-17 20:00:00,2020-07-17 00:00:00,West Ham United,Watford,3,1,H,3,0,H,10,14,4,3,9,3,0,2,0,0,M Atkinson,2.4,3.0,3.3,2.42,3.04,3.31,2.5,3.18,3.5
20200718-norwich-city-burnley,ENG Premier League,2019-2020,2020-07-18 17:30:00,2020-07-18 00:00:00,Norwich City,Burnley,0,2,A,0,1,A,6,23,2,8,6,8,0,0,2,0,K Friend,3.2,3.4,2.25,3.32,3.33,2.25,3.52,3.43,2.36
20200719-bournemouth-southampton,ENG Premier League,2019-2020,2020-07-19 14:00:00,2020-07-19 00:00:00,Bournemouth,Southampton,0,2,A,0,1,A,11,16,3,8,12,6,2,2,0,0,C Pawson,2.4,3.6,2.8,2.39,3.65,2.84,2.5,3.82,3.01
20200719-tottenham-hotspur-leicester-city,ENG Premier League,2019-2020,2020-07-19 16:00:00,2020-07-19 00:00:00,Tottenham Hotspur,Leicester City,3,0,H,3,0,H,7,24,3,6,4,13,2,1,0,0,A Taylor,2.25,3.3,3.25,2.32,3.42,3.11,2.41,3.58,3.25
20200720-brighton-hove-albion-newcastle-united,ENG Premier League,2019-2020,2020-07-20 18:00:00,2020-07-20 00:00:00,Brighton & Hove Albion,Newcastle United,0,0,D,0,0,D,11,12,3,1,9,7,4,2,0,0,S Hooper,1.9,3.4,4.33,1.93,3.42,4.23,2.0,3.62,4.5
20200720-sheffield-united-everton,ENG Premier League,2019-2020,2020-07-20 18:00:00,2020-07-20 00:00:00,Sheffield United,Everton,0,1,A,0,0,D,8,5,0,2,7,1,1,3,0,0,S Attwell,2.2,3.25,3.5,2.17,3.29,3.52,2.27,3.45,3.7
20200720-wolverhampton-wanderers-crystal-palace,ENG Premier League,2019-2020,2020-07-20 20:15:00,2020-07-20 00:00:00,Wolverhampton Wanderers,Crystal Palace,2,0,H,1,0,H,11,7,5,3,5,2,2,1,0,0,P Bankes,1.5,4.0,7.5,1.5,4.03,7.72,1.54,4.35,8.3
20200721-watford-manchester-city,ENG Premier League,2019-2020,2020-07-21 18:00:00,2020-07-21 00:00:00,Watford,Manchester City,0,4,A,0,2,A,2,26,0,10,0,8,2,0,0,0,M Oliver,8.5,5.5,1.33,8.62,5.6,1.33,10.0,6.15,1.37
20200721-aston-villa-arsenal,ENG Premier League,2019-2020,2020-07-21 20:15:00,2020-07-21 00:00:00,Aston Villa,Arsenal,1,0,H,1,0,H,8,7,3,0,8,9,2,4,0,0,C Kavanagh,3.3,3.6,2.1,3.24,3.78,2.11,3.4,3.98,2.2
20200722-manchester-united-west-ham-united,ENG Premier League,2019-2020,2020-07-22 18:00:00,2020-07-22 00:00:00,Manchester United,West Ham United,1,1,D,0,1,A,11,12,4,3,2,3,3,1,0,0,P Tierney,1.22,6.5,11.0,1.24,6.38,11.56,1.28,7.0,13.5
20200722-liverpool-chelsea,ENG Premier League,2019-2020,2020-07-22 20:15:00,2020-07-22 00:00:00,Liverpool,Chelsea,5,3,H,3,1,H,10,10,7,5,6,0,1,0,0,0,A Marriner,2.0,3.75,3.5,2.04,3.7,3.51,2.13,3.95,3.7
20200726-arsenal-watford,ENG Premier League,2019-2020,2020-07-26 16:00:00,2020-07-26 00:00:00,Arsenal,Watford,3,2,H,3,1,H,13,19,5,6,4,8,3,3,0,0,M Dean,1.9,3.8,3.8,1.93,3.89,3.72,2.05,4.05,4.0
20200726-burnley-brighton-hove-albion,ENG Premier League,2019-2020,2020-07-26 16:00:00,2020-07-26 00:00:00,Burnley,Brighton & Hove Albion,1,2,A,1,1,D,13,14,2,4,6,7,3,0,0,0,J Moss,2.37,3.4,3.0,2.32,3.44,3.09,2.38,3.65,3.26
20200726-chelsea-wolverhampton-wanderers,ENG Premier League,2019-2020,2020-07-26 16:00:00,2020-07-26 00:00:00,Chelsea,Wolverhampton Wanderers,2,0,H,2,0,H,11,5,3,1,3,3,2,3,0,0,S Attwell,1.85,3.8,4.0,1.84,3.76,4.23,1.9,3.92,4.55
20200726-crystal-palace-tottenham-hotspur,ENG Premier League,2019-2020,2020-07-26 16:00:00,2020-07-26 00:00:00,Crystal Palace,Tottenham Hotspur,1,1,D,0,1,A,13,7,2,2,7,2,3,2,0,0,A Marriner,6.0,4.2,1.55,6.12,4.23,1.55,6.75,4.45,1.6
20200726-everton-bournemouth,ENG Premier League,2019-2020,2020-07-26 16:00:00,2020-07-26 00:00:00,Everton,Bournemouth,1,3,A,1,2,A,13,13,5,7,2,5,1,0,0,0,C Kavanagh,2.25,3.7,3.0,2.24,3.78,2.98,2.33,4.1,3.15
20200726-leicester-city-manchester-united,ENG Premier League,2019-2020,2020-07-26 16:00:00,2020-07-26 00:00:00,Leicester City,Manchester United,0,2,A,0,0,D,14,7,3,3,3,3,1,4,1,0,M Atkinson,3.25,3.5,2.2,3.17,3.49,2.24,3.36,4.54,2.35
20200726-manchester-city-norwich-city,ENG Premier League,2019-2020,2020-07-26 16:00:00,2020-07-26 00:00:00,Manchester City,Norwich City,5,0,H,2,0,H,31,5,10,4,9,0,1,1,0,0,C Pawson,1.08,11.0,26.0,1.07,12.8,30.42,1.1,15.25,41.0
20200726-newcastle-united-liverpool,ENG Premier League,2019-2020,2020-07-26 16:00:00,2020-07-26 00:00:00,Newcastle United,Liverpool,1,3,A,1,1,D,3,14,2,6,2,4,1,0,0,0,A Taylor,7.5,5.25,1.36,7.6,4.99,1.4,8.2,5.4,1.45
20200726-southampton-sheffield-united,ENG Premier League,2019-2020,2020-07-26 16:00:00,2020-07-26 00:00:00,Southampton,Sheffield United,3,1,H,0,1,A,13,5,4,3,9,1,0,1,0,0,P Bankes,2.15,3.5,3.3,2.18,3.47,3.34,2.25,3.6,3.56
20200726-west-ham-united-aston-villa,ENG Premier League,2019-2020,2020-07-26 16:00:00,2020-07-26 00:00:00,West Ham United,Aston Villa,1,1,D,0,0,D,10,13,1,4,0,7,2,1,0,0,M Oliver,3.0,3.6,2.3,3.05,3.57,2.28,3.2,3.82,2.36
20200912-fulham-arsenal,ENG Premier League,2020-2021,2020-09-12 12:30:00,2020-09-12 00:00:00,Fulham,Arsenal,0,3,A,0,1,A,5,13,2,6,2,3,2,2,0,0,C Kavanagh,6.0,4.33,1.53,5.94,4.34,1.55,6.55,4.55,1.6
20200912-crystal-palace-southampton,ENG Premier League,2020-2021,2020-09-12 15:00:00,2020-09-12 00:00:00,Crystal Palace,Southampton,1,0,H,1,0,H,5,9,3,5,7,3,2,1,0,0,J Moss,3.1,3.25,2.37,3.18,3.22,2.39,3.36,3.36,2.5
20200912-liverpool-leeds-united,ENG Premier League,2020-2021,2020-09-12 17:30:00,2020-09-12 00:00:00,Liverpool,Leeds United,4,3,H,3,2,H,22,6,6,3,9,0,1,0,0,0,M Oliver,1.28,6.0,9.5,1.3,5.96,9.68,1.35,6.5,10.75
20200912-west-ham-united-newcastle-united,ENG Premier League,2020-2021,2020-09-12 20:00:00,2020-09-12 00:00:00,West Ham United,Newcastle United,0,2,A,0,0,D,15,15,3,2,8,7,2,2,0,0,S Attwell,2.15,3.4,3.4,2.15,3.48,3.42,2.24,3.7,3.6
20200913-west-bromwich-albion-leicester-city,ENG Premier League,2020-2021,2020-09-13 14:00:00,2020-09-13 00:00:00,West Bromwich Albion,Leicester City,0,3,A,0,0,D,7,13,1,7,2,5,1,1,0,0,A Taylor,3.8,3.6,1.95,3.87,3.57,1.97,4.0,3.82,2.04
20200913-tottenham-hotspur-everton,ENG Premier League,2020-2021,2020-09-13 16:30:00,2020-09-13 00:00:00,Tottenham Hotspur,Everton,0,1,A,0,0,D,9,15,5,4,5,3,1,0,0,0,M Atkinson,1.83,3.6,4.33,1.9,3.55,4.2,1.98,3.68,4.5
20200914-sheffield-united-wolverhampton-wanderers,ENG Premier League,2020-2021,2020-09-14 18:00:00,2020-09-14 00:00:00,Sheffield United,Wolverhampton Wanderers,0,2,A,0,2,A,9,11,2,4,12,5,2,1,0,0,M Dean,3.25,3.1,2.37,3.36,3.0,2.41,3.46,3.24,2.52
20200914-brighton-hove-albion-chelsea,ENG Premier League,2020-2021,2020-09-14 20:15:00,2020-09-14 00:00:00,Brighton & Hove Albion,Chelsea,1,3,A,0,1,A,13,10,3,5,4,3,1,0,0,0,C Pawson,5.0,4.33,1.61,5.12,4.13,1.65,5.36,4.35,1.71
20200919-everton-west-bromwich-albion,ENG Premier League,2020-2021,2020-09-19 12:30:00,2020-09-19 00:00:00,Everton,West Bromwich Albion,5,2,H,2,1,H,17,6,7,4,11,1,1,0,0,1,M Dean,1.5,4.2,6.5,1.54,4.25,6.3,1.59,4.5,7.0
20200919-leeds-united-fulham,ENG Premier League,2020-2021,2020-09-19 15:00:00,2020-09-19 00:00:00,Leeds United,Fulham,4,3,H,2,1,H,10,14,7,6,5,3,1,2,0,0,A Taylor,1.61,3.9,5.75,1.64,3.97,5.5,1.7,4.15,6.0
20200919-manchester-united-crystal-palace,ENG Premier League,2020-2021,2020-09-19 17:30:00,2020-09-19 00:00:00,Manchester United,Crystal Palace,1,3,A,0,1,A,13,14,4,5,9,3,2,1,0,0,M Atkinson,1.3,5.5,9.5,1.32,5.57,9.56,1.36,6.1,11.0
20200919-arsenal-west-ham-united,ENG Premier League,2020-2021,2020-09-19 20:00:00,2020-09-19 00:00:00,Arsenal,West Ham United,2,1,H,1,1,D,7,14,3,3,7,5,0,1,0,0,M Oliver,1.53,4.5,5.5,1.53,4.51,5.91,1.57,4.75,6.55
20200920-southampton-tottenham-hotspur,ENG Premier League,2020-2021,2020-09-20 12:00:00,2020-09-20 00:00:00,Southampton,Tottenham Hotspur,2,5,A,1,1,D,14,9,7,6,3,2,4,3,0,0,D Coote,3.0,3.3,2.37,3.1,3.35,2.37,3.25,3.5,2.44
20200920-newcastle-united-brighton-hove-albion,ENG Premier League,2020-2021,2020-09-20 14:00:00,2020-09-20 00:00:00,Newcastle United,Brighton & Hove Albion,0,3,A,0,2,A,6,13,0,6,7,1,3,0,0,1,K Friend,2.6,3.1,2.87,2.68,3.15,2.82,2.82,3.35,2.91
20200920-chelsea-liverpool,ENG Premier League,2020-2021,2020-09-20 16:30:00,2020-09-20 00:00:00,Chelsea,Liverpool,0,2,A,0,0,D,5,18,3,6,1,11,0,0,1,0,P Tierney,3.1,3.6,2.2,3.15,3.72,2.18,3.32,3.88,2.26
20200920-leicester-city-burnley,ENG Premier League,2020-2021,2020-09-20 19:00:00,2020-09-20 00:00:00,Leicester City,Burnley,4,2,H,1,1,D,14,16,6,5,15,4,1,2,0,0,L Mason,1.61,4.0,5.5,1.63,3.98,5.64,1.69,4.15,6.05
20200921-aston-villa-sheffield-united,ENG Premier League,2020-2021,2020-09-21 18:00:00,2020-09-21 00:00:00,Aston Villa,Sheffield United,1,0,H,0,0,D,18,4,2,1,10,4,3,1,0,1,G Scott,2.7,3.1,2.75,2.71,3.19,2.75,2.81,3.4,2.85
20200921-wolverhampton-wanderers-manchester-city,ENG Premier League,2020-2021,2020-09-21 20:15:00,2020-09-21 00:00:00,Wolverhampton Wanderers,Manchester City,1,3,A,0,2,A,10,14,1,9,4,6,0,3,0,0,A Marriner,6.5,4.33,1.5,6.11,4.35,1.54,6.55,4.55,1.59
20200926-brighton-hove-albion-manchester-united,ENG Premier League,2020-2021,2020-09-26 12:30:00,2020-09-26 00:00:00,Brighton & Hove Albion,Manchester United,2,3,A,1,1,D,18,7,5,3,7,1,4,2,0,0,C Kavanagh,4.75,3.75,1.72,4.83,3.75,1.75,5.3,3.92,1.81
20200926-crystal-palace-everton,ENG Premier League,2020-2021,2020-09-26 15:00:00,2020-09-26 00:00:00,Crystal Palace,Everton,1,2,A,1,2,A,8,10,1,5,7,6,3,1,0,0,K Friend,3.75,3.25,2.1,3.69,3.32,2.12,3.9,3.44,2.2
20200926-west-bromwich-albion-chelsea,ENG Premier League,2020-2021,2020-09-26 17:30:00,2020-09-26 00:00:00,West Bromwich Albion,Chelsea,3,3,D,3,0,H,9,22,3,10,3,9,1,3,0,0,J Moss,9.0,4.75,1.36,8.24,5.02,1.38,9.0,5.35,1.42
20200926-burnley-southampton,ENG Premier League,2020-2021,2020-09-26 20:00:00,2020-09-26 00:00:00,Burnley,Southampton,0,1,A,0,1,A,10,5,2,1,8,2,1,0,0,0,A Marriner,3.2,3.3,2.3,3.3,3.25,2.31,3.41,3.38,2.4
20200927-sheffield-united-leeds-united,ENG Premier League,2020-2021,2020-09-27 12:00:00,2020-09-27 00:00:00,Sheffield United,Leeds United,0,1,A,0,0,D,14,17,4,9,5,7,2,1,0,0,P Tierney,2.7,3.3,2.62,2.72,3.37,2.63,2.83,3.5,2.75
20200927-tottenham-hotspur-newcastle-united,ENG Premier League,2020-2021,2020-09-27 14:00:00,2020-09-27 00:00:00,Tottenham Hotspur,Newcastle United,1,1,D,1,0,H,23,6,12,1,10,4,1,4,0,0,P Bankes,1.45,4.5,7.0,1.47,4.5,6.95,1.51,4.75,7.8
20200927-manchester-city-leicester-city,ENG Premier League,2020-2021,2020-09-27 16:30:00,2020-09-27 00:00:00,Manchester City,Leicester City,2,5,A,1,1,D,16,7,5,7,3,4,1,3,0,0,M Oliver,1.28,6.0,9.5,1.29,5.93,9.68,1.32,6.35,11.5
20200927-west-ham-united-wolverhampton-wanderers,ENG Premier League,2020-2021,2020-09-27 19:00:00,2020-09-27 00:00:00,West Ham United,Wolverhampton Wanderers,4,0,H,1,0,H,15,11,7,2,1,3,0,1,0,0,M Atkinson,3.6,3.5,2.05,3.74,3.38,2.07,3.87,3.56,2.15
20200928-fulham-aston-villa,ENG Premier League,2020-2021,2020-09-28 17:45:00,2020-09-28 00:00:00,Fulham,Aston Villa,0,3,A,0,2,A,16,12,3,5,5,3,6,3,0,0,S Attwell,2.9,3.25,2.5,2.92,3.26,2.52,3.0,3.44,2.62
20200928-liverpool-arsenal,ENG Premier League,2020-2021,2020-09-28 20:00:00,2020-09-28 00:00:00,Liverpool,Arsenal,3,1,H,2,1,H,21,4,8,3,7,3,2,2,0,0,C Pawson,1.45,4.75,6.5,1.49,4.68,6.3,1.54,5.0,6.95
20201003-chelsea-crystal-palace,ENG Premier League,2020-2021,2020-10-03 12:30:00,2020-10-03 00:00:00,Chelsea,Crystal Palace,4,0,H,0,0,D,17,4,6,0,8,5,2,0,0,0,M Oliver,1.4,4.75,8.0,1.43,4.77,7.39,1.47,5.0,8.0
20201003-everton-brighton-hove-albion,ENG Premier League,2020-2021,2020-10-03 15:00:00,2020-10-03 00:00:00,Everton,Brighton & Hove Albion,4,2,H,2,1,H,11,11,6,3,3,10,0,1,0,0,S Hooper,1.72,3.75,4.8,1.76,3.73,4.79,1.81,3.85,5.1
20201003-leeds-united-manchester-city,ENG Premier League,2020-2021,2020-10-03 17:30:00,2020-10-03 00:00:00,Leeds United,Manchester City,1,1,D,0,1,A,12,23,7,2,7,10,2,1,0,0,M Dean,7.5,5.25,1.36,7.45,5.34,1.38,8.4,5.7,1.42
20201003-newcastle-united-burnley,ENG Premier League,2020-2021,2020-10-03 20:00:00,2020-10-03 00:00:00,Newcastle United,Burnley,3,1,H,1,0,H,10,7,5,3,3,4,2,3,0,0,D Coote,2.4,3.2,3.1,2.47,3.15,3.08,2.55,3.28,3.2
20201004-leicester-city-west-ham-united,ENG Premier League,2020-2021,2020-10-04 12:00:00,2020-10-04 00:00:00,Leicester City,West Ham United,0,3,A,0,2,A,4,14,0,6,6,4,2,2,0,0,A Madley,1.61,4.2,5.25,1.68,4.12,4.86,1.73,4.3,5.25
20201004-southampton-west-bromwich-albion,ENG Premier League,2020-2021,2020-10-04 12:00:00,2020-10-04 00:00:00,Southampton,West Bromwich Albion,2,0,H,1,0,H,13,5,7,2,5,1,2,1,0,0,C Kavanagh,1.72,3.8,4.75,1.76,3.86,4.58,1.82,4.02,4.8
20201004-arsenal-sheffield-united,ENG Premier League,2020-2021,2020-10-04 14:00:00,2020-10-04 00:00:00,Arsenal,Sheffield United,2,1,H,0,0,D,6,6,5,2,2,4,0,1,0,0,L Mason,1.57,4.0,6.0,1.56,4.09,6.25,1.6,4.3,6.75
20201004-wolverhampton-wanderers-fulham,ENG Premier League,2020-2021,2020-10-04 14:00:00,2020-10-04 00:00:00,Wolverhampton Wanderers,Fulham,1,0,H,0,0,D,14,10,5,2,6,2,1,1,0,0,D England,1.5,4.0,7.5,1.51,4.07,7.19,1.56,4.28,7.78
20201004-manchester-united-tottenham-hotspur,ENG Premier League,2020-2021,2020-10-04 16:30:00,2020-10-04 00:00:00,Manchester United,Tottenham Hotspur,1,6,A,1,4,A,5,22,2,8,2,4,2,1,1,0,A Taylor,1.85,3.8,4.0,1.92,3.71,3.97,1.97,3.96,4.15
20201004-aston-villa-liverpool,ENG Premier League,2020-2021,2020-10-04 19:15:00,2020-10-04 00:00:00,Aston Villa,Liverpool,7,2,H,4,1,H,18,14,11,8,2,7,2,1,0,0,M Atkinson,10.0,5.5,1.3,9.35,5.41,1.33,10.25,5.7,1.38
20201017-everton-liverpool,ENG Premier League,2020-2021,2020-10-17 12:30:00,2020-10-17 00:00:00,Everton,Liverpool,2,2,D,1,1,D,11,22,5,8,2,5,3,2,1,0,M Oliver,3.75,4.2,1.83,3.91,4.08,1.85,4.15,4.21,1.91
20201017-chelsea-southampton,ENG Premier League,2020-2021,2020-10-17 15:00:00,2020-10-17 00:00:00,Chelsea,Southampton,3,3,D,2,1,H,11,13,5,6,6,2,1,1,0,0,P Bankes,1.45,4.75,6.5,1.53,4.56,5.92,1.58,4.8,6.5
20201017-manchester-city-arsenal,ENG Premier League,2020-2021,2020-10-17 17:30:00,2020-10-17 00:00:00,Manchester City,Arsenal,1,0,H,1,0,H,13,11,5,3,6,6,4,1,0,0,C Kavanagh,1.44,5.0,6.5,1.49,4.85,6.09,1.53,5.1,6.55
20201017-newcastle-united-manchester-united,ENG Premier League,2020-2021,2020-10-17 20:00:00,2020-10-17 00:00:00,Newcastle United,Manchester United,1,4,A,1,1,D,7,28,4,14,0,7,1,1,0,0,C Pawson,4.75,4.0,1.66,4.78,4.08,1.7,5.0,4.3,1.76
20201018-sheffield-united-fulham,ENG Premier League,2020-2021,2020-10-18 12:00:00,2020-10-18 00:00:00,Sheffield United,Fulham,1,1,D,0,0,D,10,15,6,6,2,5,0,2,0,0,A Marriner,2.1,3.3,3.7,2.11,3.32,3.74,2.17,3.45,3.95
20201018-crystal-palace-brighton-hove-albion,ENG Premier League,2020-2021,2020-10-18 14:00:00,2020-10-18 00:00:00,Crystal Palace,Brighton & Hove Albion,1,1,D,1,0,H,1,20,1,3,2,5,3,2,0,1,S Attwell,2.62,3.3,2.7,2.68,3.25,2.76,2.8,3.42,2.88
20201018-tottenham-hotspur-west-ham-united,ENG Premier League,2020-2021,2020-10-18 16:30:00,2020-10-18 00:00:00,Tottenham Hotspur,West Ham United,3,3,D,3,0,H,11,13,6,4,3,7,0,5,0,0,P Tierney,1.57,4.33,5.5,1.62,4.19,5.34,1.67,4.35,5.75
20201018-leicester-city-aston-villa,ENG Premier League,2020-2021,2020-10-18 19:15:00,2020-10-18 00:00:00,Leicester City,Aston Villa,0,1,A,0,0,D,11,10,5,4,2,7,4,3,0,0,J Moss,1.83,3.8,4.1,1.89,3.82,3.97,1.96,4.0,4.23
20201019-west-bromwich-albion-burnley,ENG Premier League,2020-2021,2020-10-19 17:30:00,2020-10-19 00:00:00,West Bromwich Albion,Burnley,0,0,D,0,0,D,13,9,6,4,8,2,2,2,0,0,A Taylor,2.45,3.3,2.9,2.49,3.3,2.97,2.58,3.5,3.1
20201019-leeds-united-wolverhampton-wanderers,ENG Premier League,2020-2021,2020-10-19 20:00:00,2020-10-19 00:00:00,Leeds United,Wolverhampton Wanderers,0,1,A,0,0,D,13,7,2,3,8,3,2,1,0,0,D Coote,2.5,3.3,2.87,2.5,3.26,2.97,2.58,3.44,3.1
20201023-aston-villa-leeds-united,ENG Premier League,2020-2021,2020-10-23 20:00:00,2020-10-23 00:00:00,Aston Villa,Leeds United,0,3,A,0,0,D,12,27,4,9,6,5,2,2,0,0,P Tierney,2.05,3.75,3.3,2.11,3.75,3.33,2.16,3.9,3.47
20201024-west-ham-united-manchester-city,ENG Premier League,2020-2021,2020-10-24 12:30:00,2020-10-24 00:00:00,West Ham United,Manchester City,1,1,D,1,0,H,6,14,2,7,2,10,2,0,0,0,A Taylor,8.0,5.25,1.36,7.2,5.16,1.41,8.0,5.55,1.44
20201024-fulham-crystal-palace,ENG Premier League,2020-2021,2020-10-24 15:00:00,2020-10-24 00:00:00,Fulham,Crystal Palace,1,2,A,0,1,A,16,14,3,10,4,4,0,1,1,0,G Scott,2.75,3.1,2.7,2.74,3.14,2.77,2.83,3.34,2.86
20201024-manchester-united-chelsea,ENG Premier League,2020-2021,2020-10-24 17:30:00,2020-10-24 00:00:00,Manchester United,Chelsea,0,0,D,0,0,D,14,6,4,1,9,6,3,1,0,0,M Atkinson,2.37,3.6,2.8,2.38,3.59,2.9,2.45,3.84,3.02
20201024-liverpool-sheffield-united,ENG Premier League,2020-2021,2020-10-24 20:00:00,2020-10-24 00:00:00,Liverpool,Sheffield United,2,1,H,1,1,D,17,13,5,2,7,3,0,3,0,0,M Dean,1.22,6.5,12.0,1.25,6.36,11.55,1.29,6.75,13.0
20201025-southampton-everton,ENG Premier League,2020-2021,2020-10-25 14:00:00,2020-10-25 00:00:00,Southampton,Everton,2,0,H,2,0,H,12,6,6,2,4,5,1,2,0,1,K Friend,2.75,3.4,2.55,2.78,3.47,2.54,2.88,3.58,2.62
20201025-wolverhampton-wanderers-newcastle-united,ENG Premier League,2020-2021,2020-10-25 16:30:00,2020-10-25 00:00:00,Wolverhampton Wanderers,Newcastle United,1,1,D,0,0,D,16,5,3,2,2,3,0,1,0,0,L Mason,1.75,3.5,5.25,1.78,3.49,5.16,1.85,3.64,5.52
20201025-arsenal-leicester-city,ENG Premier League,2020-2021,2020-10-25 19:15:00,2020-10-25 00:00:00,Arsenal,Leicester City,0,1,A,0,0,D,12,6,4,2,9,3,3,5,0,0,C Pawson,1.9,3.75,3.8,1.93,3.74,3.92,1.98,3.9,4.1
20201026-brighton-hove-albion-west-bromwich-albion,ENG Premier League,2020-2021,2020-10-26 17:30:00,2020-10-26 00:00:00,Brighton & Hove Albion,West Bromwich Albion,1,1,D,1,0,H,5,9,3,3,6,2,2,0,0,0,J Moss,1.7,4.0,4.75,1.75,3.93,4.61,1.8,4.15,4.8
20201026-burnley-tottenham-hotspur,ENG Premier League,2020-2021,2020-10-26 20:00:00,2020-10-26 00:00:00,Burnley,Tottenham Hotspur,0,1,A,0,0,D,13,9,4,3,4,5,2,0,0,0,M Oliver,5.75,4.0,1.6,5.49,4.02,1.63,6.0,4.22,1.68
20201030-wolverhampton-wanderers-crystal-palace,ENG Premier League,2020-2021,2020-10-30 20:00:00,2020-10-30 00:00:00,Wolverhampton Wanderers,Crystal Palace,2,0,H,2,0,H,15,11,5,2,7,6,0,2,0,1,M Atkinson,2.0,3.2,4.33,2.05,3.13,4.27,2.1,3.21,4.53
20201031-sheffield-united-manchester-city,ENG Premier League,2020-2021,2020-10-31 12:30:00,2020-10-31 00:00:00,Sheffield United,Manchester City,0,1,A,0,1,A,5,16,1,8,2,5,0,0,0,0,M Oliver,9.5,6.0,1.28,9.43,5.76,1.31,10.5,6.1,1.35
20201031-burnley-chelsea,ENG Premier League,2020-2021,2020-10-31 15:00:00,2020-10-31 00:00:00,Burnley,Chelsea,0,3,A,0,1,A,5,14,0,9,3,4,1,0,0,0,D Coote,6.0,4.5,1.5,6.05,4.37,1.54,6.5,4.69,1.59
20201031-liverpool-west-ham-united,ENG Premier League,2020-2021,2020-10-31 17:30:00,2020-10-31 00:00:00,Liverpool,West Ham United,2,1,H,1,1,D,9,4,5,3,1,2,0,1,0,0,K Friend,1.36,5.25,7.5,1.39,5.26,7.43,1.43,5.6,8.1
20201101-aston-villa-southampton,ENG Premier League,2020-2021,2020-11-01 12:00:00,2020-11-01 00:00:00,Aston Villa,Southampton,3,4,A,0,3,A,19,9,10,4,11,1,1,2,0,0,D England,2.45,3.5,2.8,2.46,3.6,2.78,2.6,3.84,2.85
20201101-newcastle-united-everton,ENG Premier League,2020-2021,2020-11-01 14:00:00,2020-11-01 00:00:00,Newcastle United,Everton,2,1,H,0,0,D,11,15,4,4,5,4,2,4,0,0,S Attwell,3.7,3.4,2.05,3.71,3.47,2.06,4.0,3.59,2.15
20201101-manchester-united-arsenal,ENG Premier League,2020-2021,2020-11-01 16:30:00,2020-11-01 00:00:00,Manchester United,Arsenal,0,1,A,0,0,D,8,7,2,2,6,3,3,3,0,0,M Dean,2.0,3.6,3.6,2.04,3.66,3.58,2.1,3.85,3.76
20201101-tottenham-hotspur-brighton-hove-albion,ENG Premier League,2020-2021,2020-11-01 19:15:00,2020-11-01 00:00:00,Tottenham Hotspur,Brighton & Hove Albion,2,1,H,1,0,H,9,6,3,2,4,5,2,1,0,0,G Scott,1.61,4.0,5.5,1.63,4.17,5.29,1.67,4.3,5.75
20201102-fulham-west-bromwich-albion,ENG Premier League,2020-2021,2020-11-02 17:30:00,2020-11-02 00:00:00,Fulham,West Bromwich Albion,2,0,H,2,0,H,13,10,6,1,5,2,3,2,0,0,S Hooper,2.4,3.3,3.0,2.44,3.32,3.01,2.56,3.5,3.17
20201102-leeds-united-leicester-city,ENG Premier League,2020-2021,2020-11-02 20:00:00,2020-11-02 00:00:00,Leeds United,Leicester City,1,4,A,0,2,A,11,10,4,8,10,3,1,1,0,0,A Marriner,2.5,3.6,2.62,2.56,3.56,2.68,2.66,3.72,2.82
20201106-brighton-hove-albion-burnley,ENG Premier League,2020-2021,2020-11-06 17:30:00,2020-11-06 00:00:00,Brighton & Hove Albion,Burnley,0,0,D,0,0,D,19,4,3,1,5,3,1,0,0,0,M Dean,1.85,3.5,4.33,1.9,3.48,4.42,1.94,3.65,4.71
20201106-southampton-newcastle-united,ENG Premier League,2020-2021,2020-11-06 20:00:00,2020-11-06 00:00:00,Southampton,Newcastle United,2,0,H,1,0,H,15,4,8,2,8,3,1,2,0,0,P Bankes,2.0,3.6,3.7,2.04,3.58,3.7,2.1,3.76,3.84
20201107-everton-manchester-united,ENG Premier League,2020-2021,2020-11-07 12:30:00,2020-11-07 00:00:00,Everton,Manchester United,1,3,A,1,2,A,7,13,1,5,5,2,4,2,0,0,P Tierney,2.9,3.5,2.37,2.91,3.52,2.42,3.04,3.65,2.51
20201107-crystal-palace-leeds-united,ENG Premier League,2020-2021,2020-11-07 15:00:00,2020-11-07 00:00:00,Crystal Palace,Leeds United,4,1,H,3,1,H,10,9,6,3,3,6,0,2,0,0,C Kavanagh,2.87,3.4,2.45,2.92,3.37,2.47,3.01,3.49,2.58
20201107-chelsea-sheffield-united,ENG Premier League,2020-2021,2020-11-07 17:30:00,2020-11-07 00:00:00,Chelsea,Sheffield United,4,1,H,2,1,H,20,6,9,3,6,7,0,2,0,0,J Moss,1.36,5.0,8.5,1.39,4.93,8.23,1.44,5.2,9.0
20201107-west-ham-united-fulham,ENG Premier League,2020-2021,2020-11-07 20:00:00,2020-11-07 00:00:00,West Ham United,Fulham,1,0,H,0,0,D,16,13,7,3,9,5,2,2,0,0,R Jones,1.83,3.75,4.2,1.83,3.82,4.23,1.88,4.0,4.5
20201108-west-bromwich-albion-tottenham-hotspur,ENG Premier League,2020-2021,2020-11-08 12:00:00,2020-11-08 00:00:00,West Bromwich Albion,Tottenham Hotspur,0,1,A,0,0,D,12,19,2,5,9,6,1,0,0,0,A Madley,7.0,4.33,1.45,6.38,4.38,1.52,7.0,4.58,1.56
20201108-leicester-city-wolverhampton-wanderers,ENG Premier League,2020-2021,2020-11-08 14:00:00,2020-11-08 00:00:00,Leicester City,Wolverhampton Wanderers,1,0,H,1,0,H,10,7,3,2,6,3,2,3,0,0,A Taylor,2.3,3.2,3.25,2.38,3.14,3.28,2.5,3.34,3.45
20201108-manchester-city-liverpool,ENG Premier League,2020-2021,2020-11-08 16:30:00,2020-11-08 00:00:00,Manchester City,Liverpool,1,1,D,1,1,D,7,10,2,3,1,2,3,1,0,0,C Pawson,1.95,4.2,3.4,1.99,4.03,3.42,2.05,4.33,3.59
20201108-arsenal-aston-villa,ENG Premier League,2020-2021,2020-11-08 19:15:00,2020-11-08 00:00:00,Arsenal,Aston Villa,0,3,A,0,1,A,13,15,2,6,3,8,0,0,0,0,M Atkinson,1.65,4.1,5.0,1.7,3.97,4.92,1.75,4.2,5.27
20201121-newcastle-united-chelsea,ENG Premier League,2020-2021,2020-11-21 12:30:00,2020-11-21 00:00:00,Newcastle United,Chelsea,0,2,A,0,1,A,8,14,1,3,7,4,2,0,0,0,C Pawson,6.5,4.75,1.45,6.39,4.54,1.5,7.0,4.75,1.54
20201121-aston-villa-brighton-hove-albion,ENG Premier League,2020-2021,2020-11-21 15:00:00,2020-11-21 00:00:00,Aston Villa,Brighton & Hove Albion,1,2,A,0,1,A,15,7,4,3,12,3,2,1,0,1,M Oliver,2.15,3.6,3.2,2.19,3.61,3.21,2.27,3.78,3.34
20201121-tottenham-hotspur-manchester-city,ENG Premier League,2020-2021,2020-11-21 17:30:00,2020-11-21 00:00:00,Tottenham Hotspur,Manchester City,2,0,H,1,0,H,4,22,2,5,0,10,2,2,0,0,M Dean,4.0,4.0,1.8,4.1,4.03,1.81,4.35,4.21,1.88
20201121-manchester-united-west-bromwich-albion,ENG Premier League,2020-2021,2020-11-21 20:00:00,2020-11-21 00:00:00,Manchester United,West Bromwich Albion,1,0,H,0,0,D,17,7,7,2,8,2,1,1,0,0,D Coote,1.3,5.5,9.5,1.34,5.34,9.21,1.38,5.75,10.5
20201122-fulham-everton,ENG Premier League,2020-2021,2020-11-22 12:00:00,2020-11-22 00:00:00,Fulham,Everton,2,3,A,1,3,A,14,9,6,7,2,5,2,0,0,0,A Madley,3.9,3.9,1.85,3.93,3.79,1.9,4.12,3.96,1.96
20201122-sheffield-united-west-ham-united,ENG Premier League,2020-2021,2020-11-22 14:00:00,2020-11-22 00:00:00,Sheffield United,West Ham United,0,1,A,0,0,D,9,15,5,3,2,6,0,0,0,0,M Atkinson,3.0,3.25,2.4,3.06,3.26,2.43,3.2,3.46,2.53
20201122-leeds-united-arsenal,ENG Premier League,2020-2021,2020-11-22 16:30:00,2020-11-22 00:00:00,Leeds United,Arsenal,0,0,D,0,0,D,25,9,4,2,5,3,3,0,0,1,A Taylor,3.0,3.75,2.2,3.13,3.7,2.21,3.28,3.84,2.3
20201122-liverpool-leicester-city,ENG Premier League,2020-2021,2020-11-22 19:15:00,2020-11-22 00:00:00,Liverpool,Leicester City,3,0,H,2,0,H,24,11,13,4,10,3,0,2,0,0,C Kavanagh,1.85,4.0,3.8,1.9,3.92,3.82,1.99,4.15,4.1
20201123-burnley-crystal-palace,ENG Premier League,2020-2021,2020-11-23 17:30:00,2020-11-23 00:00:00,Burnley,Crystal Palace,1,0,H,1,0,H,10,15,4,5,4,7,2,0,0,0,K Friend,2.75,3.1,2.75,2.79,3.06,2.8,2.9,3.24,2.95
20201123-wolverhampton-wanderers-southampton,ENG Premier League,2020-2021,2020-11-23 20:00:00,2020-11-23 00:00:00,Wolverhampton Wanderers,Southampton,1,1,D,0,0,D,20,7,9,2,7,4,2,0,0,0,A Marriner,2.3,3.25,3.25,2.32,3.25,3.27,2.38,3.42,3.5
20201127-crystal-palace-newcastle-united,ENG Premier League,2020-2021,2020-11-27 20:00:00,2020-11-27 00:00:00,Crystal Palace,Newcastle United,0,2,A,0,0,D,12,14,3,7,7,3,2,2,0,0,G Scott,2.05,3.25,3.75,2.15,3.21,3.74,2.23,3.3,3.9
20201128-brighton-hove-albion-liverpool,ENG Premier League,2020-2021,2020-11-28 12:30:00,2020-11-28 00:00:00,Brighton & Hove Albion,Liverpool,1,1,D,0,0,D,11,6,3,2,4,3,2,1,0,0,S Attwell,5.5,4.2,1.57,5.32,4.19,1.62,5.75,4.4,1.68
20201128-manchester-city-burnley,ENG Premier League,2020-2021,2020-11-28 15:00:00,2020-11-28 00:00:00,Manchester City,Burnley,5,0,H,3,0,H,19,9,6,1,6,4,0,0,0,0,L Mason,1.16,7.5,16.0,1.17,7.84,16.81,1.19,8.5,21.0
20201128-everton-leeds-united,ENG Premier League,2020-2021,2020-11-28 17:30:00,2020-11-28 00:00:00,Everton,Leeds United,0,1,A,0,0,D,15,23,8,7,4,2,1,2,0,0,C Kavanagh,1.95,3.8,3.6,2.02,3.72,3.57,2.1,3.99,3.77
20201128-west-bromwich-albion-sheffield-united,ENG Premier League,2020-2021,2020-11-28 20:00:00,2020-11-28 00:00:00,West Bromwich Albion,Sheffield United,1,0,H,1,0,H,17,21,6,5,14,9,2,3,0,0,M Dean,2.6,3.2,2.8,2.6,3.17,2.9,2.72,3.34,3.03
20201129-southampton-manchester-united,ENG Premier League,2020-2021,2020-11-29 14:00:00,2020-11-29 00:00:00,Southampton,Manchester United,2,3,A,2,0,H,10,15,5,6,5,9,1,0,0,0,J Moss,4.0,3.5,1.95,3.8,3.57,2.0,4.06,3.68,2.07
20201129-chelsea-tottenham-hotspur,ENG Premier League,2020-2021,2020-11-29 16:30:00,2020-11-29 00:00:00,Chelsea,Tottenham Hotspur,0,0,D,0,0,D,13,5,3,1,3,3,4,2,0,0,P Tierney,2.05,3.5,3.6,2.1,3.52,3.53,2.19,3.83,3.69
20201129-arsenal-wolverhampton-wanderers,ENG Premier League,2020-2021,2020-11-29 19:15:00,2020-11-29 00:00:00,Arsenal,Wolverhampton Wanderers,1,2,A,1,2,A,13,11,2,5,8,4,3,4,0,0,M Oliver,2.05,3.4,3.75,2.13,3.28,3.72,2.22,3.45,3.81
20201130-leicester-city-fulham,ENG Premier League,2020-2021,2020-11-30 17:30:00,2020-11-30 00:00:00,Leicester City,Fulham,1,2,A,0,2,A,16,10,3,5,6,5,0,2,0,0,S Hooper,1.5,4.33,6.5,1.54,4.35,6.15,1.58,4.53,6.55
20201130-west-ham-united-aston-villa,ENG Premier League,2020-2021,2020-11-30 20:00:00,2020-11-30 00:00:00,West Ham United,Aston Villa,2,1,H,1,1,D,6,16,2,6,3,7,1,1,0,0,P Bankes,2.25,3.6,3.0,2.32,3.57,3.01,2.38,3.8,3.1
20201205-burnley-everton,ENG Premier League,2020-2021,2020-12-05 12:30:00,2020-12-05 00:00:00,Burnley,Everton,1,1,D,1,1,D,8,13,3,6,8,4,0,0,0,0,A Taylor,4.0,3.5,1.9,4.02,3.5,1.97,4.2,3.64,2.04
20201205-manchester-city-fulham,ENG Premier League,2020-2021,2020-12-05 15:00:00,2020-12-05 00:00:00,Manchester City,Fulham,2,0,H,2,0,H,16,6,6,1,9,3,0,0,0,0,J Moss,1.1,11.0,19.0,1.12,9.74,21.84,1.15,11.0,26.0
20201205-west-ham-united-manchester-united,ENG Premier League,2020-2021,2020-12-05 17:30:00,2020-12-05 00:00:00,West Ham United,Manchester United,1,3,A,1,0,H,19,15,6,6,5,4,0,0,0,0,A Marriner,3.6,3.6,2.0,3.62,3.57,2.05,3.76,3.86,2.12
20201205-chelsea-leeds-united,ENG Premier League,2020-2021,2020-12-05 20:00:00,2020-12-05 00:00:00,Chelsea,Leeds United,3,1,H,1,1,D,23,8,11,3,8,4,0,2,0,0,K Friend,1.5,4.5,6.0,1.54,4.5,5.82,1.58,4.74,6.2
20201206-west-bromwich-albion-crystal-palace,ENG Premier League,2020-2021,2020-12-06 12:00:00,2020-12-06 00:00:00,West Bromwich Albion,Crystal Palace,1,5,A,1,1,D,9,18,4,6,4,6,2,2,1,0,P Tierney,2.87,3.2,2.55,2.9,3.21,2.58,3.02,3.34,2.65
20201206-sheffield-united-leicester-city,ENG Premier League,2020-2021,2020-12-06 14:15:00,2020-12-06 00:00:00,Sheffield United,Leicester City,1,2,A,1,1,D,4,13,1,4,6,5,1,3,0,0,S Attwell,3.8,3.5,1.95,3.86,3.49,2.01,4.02,3.68,2.08
20201206-tottenham-hotspur-arsenal,ENG Premier League,2020-2021,2020-12-06 16:30:00,2020-12-06 00:00:00,Tottenham Hotspur,Arsenal,2,0,H,2,0,H,6,11,3,2,3,9,1,2,0,0,M Atkinson,1.95,3.6,3.8,2.01,3.54,3.79,2.1,3.7,4.0
20201206-liverpool-wolverhampton-wanderers,ENG Premier League,2020-2021,2020-12-06 19:15:00,2020-12-06 00:00:00,Liverpool,Wolverhampton Wanderers,4,0,H,1,0,H,11,9,6,3,4,6,1,1,0,0,C Pawson,1.5,4.33,6.5,1.52,4.25,6.59,1.57,4.48,7.17
20201207-brighton-hove-albion-southampton,ENG Premier League,2020-2021,2020-12-07 20:00:00,2020-12-07 00:00:00,Brighton & Hove Albion,Southampton,1,2,A,1,1,D,12,10,4,3,4,3,3,3,0,0,D Coote,2.45,3.4,2.9,2.52,3.36,2.86,2.65,3.58,2.96
20201211-leeds-united-west-ham-united,ENG Premier League,2020-2021,2020-12-11 20:00:00,2020-12-11 00:00:00,Leeds United,West Ham United,1,2,A,1,1,D,13,19,7,8,5,6,1,2,0,0,M Oliver,2.15,3.7,3.1,2.18,3.67,3.2,2.25,3.8,3.35
20201212-wolverhampton-wanderers-aston-villa,ENG Premier League,2020-2021,2020-12-12 12:30:00,2020-12-12 00:00:00,Wolverhampton Wanderers,Aston Villa,0,1,A,0,0,D,16,13,7,2,5,8,2,5,0,0,M Dean,2.25,3.25,3.25,2.34,3.27,3.21,2.44,3.43,3.32
20201212-newcastle-united-west-bromwich-albion,ENG Premier League,2020-2021,2020-12-12 15:00:00,2020-12-12 00:00:00,Newcastle United,West Bromwich Albion,2,1,H,1,0,H,12,13,7,3,4,3,2,3,0,0,D England,2.45,3.2,3.0,2.51,3.25,2.95,2.63,3.42,3.33
20201212-manchester-united-manchester-city,ENG Premier League,2020-2021,2020-12-12 17:30:00,2020-12-12 00:00:00,Manchester United,Manchester City,0,0,D,0,0,D,11,9,2,2,4,3,1,1,0,0,C Kavanagh,4.33,4.2,1.72,4.39,4.16,1.74,4.75,4.35,1.79
20201212-everton-chelsea,ENG Premier League,2020-2021,2020-12-12 20:00:00,2020-12-12 00:00:00,Everton,Chelsea,1,0,H,1,0,H,9,10,4,3,6,6,2,3,0,0,J Moss,4.33,4.2,1.7,4.36,4.12,1.75,4.57,4.4,1.8
20201213-southampton-sheffield-united,ENG Premier League,2020-2021,2020-12-13 12:00:00,2020-12-13 00:00:00,Southampton,Sheffield United,3,0,H,1,0,H,16,3,6,0,8,4,0,1,0,0,A Madley,1.7,3.75,5.0,1.72,3.83,4.95,1.76,4.01,5.25
20201213-crystal-palace-tottenham-hotspur,ENG Premier League,2020-2021,2020-12-13 14:15:00,2020-12-13 00:00:00,Crystal Palace,Tottenham Hotspur,1,1,D,0,1,A,16,14,5,6,4,7,1,1,0,0,K Friend,4.5,3.9,1.72,4.71,3.75,1.76,4.92,3.94,1.82
20201213-fulham-liverpool,ENG Premier League,2020-2021,2020-12-13 16:30:00,2020-12-13 00:00:00,Fulham,Liverpool,1,1,D,1,0,H,10,12,5,6,6,8,3,1,0,0,A Marriner,9.0,5.5,1.3,8.44,5.66,1.34,9.3,6.0,1.37
20201213-arsenal-burnley,ENG Premier League,2020-2021,2020-12-13 19:15:00,2020-12-13 00:00:00,Arsenal,Burnley,0,1,A,0,0,D,18,10,6,2,13,4,2,1,1,0,G Scott,1.53,4.2,6.25,1.54,4.22,6.42,1.58,4.48,7.0
20201213-leicester-city-brighton-hove-albion,ENG Premier League,2020-2021,2020-12-13 19:15:00,2020-12-13 00:00:00,Leicester City,Brighton & Hove Albion,3,0,H,3,0,H,15,12,6,4,9,5,2,1,0,0,M Atkinson,2.0,3.5,3.8,2.03,3.49,3.76,2.11,3.72,3.93
20201215-wolverhampton-wanderers-chelsea,ENG Premier League,2020-2021,2020-12-15 18:00:00,2020-12-15 00:00:00,Wolverhampton Wanderers,Chelsea,2,1,H,0,0,D,12,13,4,3,5,6,2,2,0,0,S Attwell,5.25,3.8,1.66,5.44,3.79,1.68,5.8,4.05,1.74
20201215-manchester-city-west-bromwich-albion,ENG Premier League,2020-2021,2020-12-15 20:00:00,2020-12-15 00:00:00,Manchester City,West Bromwich Albion,1,1,D,1,1,D,26,5,7,1,13,2,2,3,0,0,P Bankes,1.09,11.0,21.0,1.12,9.96,22.77,1.16,11.75,29.0
20201216-arsenal-southampton,ENG Premier League,2020-2021,2020-12-16 18:00:00,2020-12-16 00:00:00,Arsenal,Southampton,1,1,D,0,1,A,9,13,4,3,2,7,1,3,1,0,P Tierney,2.25,3.5,3.1,2.25,3.47,3.19,2.33,3.68,3.32
20201216-leeds-united-newcastle-united,ENG Premier League,2020-2021,2020-12-16 18:00:00,2020-12-16 00:00:00,Leeds United,Newcastle United,5,2,H,1,1,D,25,10,10,4,7,4,3,1,0,0,S Hooper,1.75,4.0,4.33,1.76,3.89,4.49,1.83,4.1,4.7
20201216-leicester-city-everton,ENG Premier League,2020-2021,2020-12-16 18:00:00,2020-12-16 00:00:00,Leicester City,Everton,0,2,A,0,1,A,14,11,2,6,4,6,2,3,0,0,L Mason,2.15,3.6,3.25,2.2,3.55,3.22,2.26,3.78,3.37
20201216-fulham-brighton-hove-albion,ENG Premier League,2020-2021,2020-12-16 20:00:00,2020-12-16 00:00:00,Fulham,Brighton & Hove Albion,0,0,D,0,0,D,9,9,4,4,1,8,1,0,0,0,R Jones,2.87,3.3,2.5,2.9,3.28,2.51,3.06,3.45,2.64
20201216-liverpool-tottenham-hotspur,ENG Premier League,2020-2021,2020-12-16 20:00:00,2020-12-16 00:00:00,Liverpool,Tottenham Hotspur,2,1,H,1,1,D,17,8,11,2,7,4,0,2,0,0,A Taylor,1.75,3.8,4.5,1.79,3.84,4.44,1.85,4.03,4.72
20201216-west-ham-united-crystal-palace,ENG Premier League,2020-2021,2020-12-16 20:00:00,2020-12-16 00:00:00,West Ham United,Crystal Palace,1,1,D,0,1,A,9,8,2,2,5,3,0,1,0,1,D Coote,2.05,3.4,3.6,2.1,3.4,3.64,2.18,3.6,3.82
20201217-aston-villa-burnley,ENG Premier League,2020-2021,2020-12-17 18:00:00,2020-12-17 00:00:00,Aston Villa,Burnley,0,0,D,0,0,D,27,6,7,4,11,1,1,1,0,0,C Pawson,1.75,3.8,4.5,1.74,3.84,4.73,1.79,4.04,4.95
20201217-sheffield-united-manchester-united,ENG Premier League,2020-2021,2020-12-17 20:00:00,2020-12-17 00:00:00,Sheffield United,Manchester United,2,3,A,1,2,A,12,14,6,8,6,3,3,2,0,0,M Oliver,7.0,4.6,1.44,7.14,4.54,1.46,7.75,4.8,1.5
20201219-crystal-palace-liverpool,ENG Premier League,2020-2021,2020-12-19 12:30:00,2020-12-19 00:00:00,Crystal Palace,Liverpool,0,7,A,0,3,A,5,14,3,8,5,4,1,0,0,0,J Moss,6.5,4.33,1.5,6.2,4.45,1.52,6.52,4.74,1.57
20201219-southampton-manchester-city,ENG Premier League,2020-2021,2020-12-19 15:00:00,2020-12-19 00:00:00,Southampton,Manchester City,0,1,A,0,1,A,9,11,3,5,6,6,2,2,0,0,M Dean,7.0,4.5,1.44,6.48,4.63,1.48,7.0,4.95,1.53
20201219-everton-arsenal,ENG Premier League,2020-2021,2020-12-19 17:30:00,2020-12-19 00:00:00,Everton,Arsenal,2,1,H,2,1,H,9,13,2,2,4,3,1,3,0,0,A Marriner,2.45,3.5,2.8,2.42,3.44,2.93,2.53,3.6,3.1
20201219-newcastle-united-fulham,ENG Premier League,2020-2021,2020-12-19 20:00:00,2020-12-19 00:00:00,Newcastle United,Fulham,1,1,D,0,1,A,12,11,5,4,2,9,1,2,0,1,G Scott,2.5,3.25,2.9,2.58,3.25,2.87,2.66,3.39,2.96
20201220-brighton-hove-albion-sheffield-united,ENG Premier League,2020-2021,2020-12-20 12:00:00,2020-12-20 00:00:00,Brighton & Hove Albion,Sheffield United,1,1,D,0,0,D,21,5,5,3,14,2,1,5,0,1,P Bankes,1.65,3.75,5.5,1.69,3.72,5.43,1.75,3.88,5.79
20201220-tottenham-hotspur-leicester-city,ENG Premier League,2020-2021,2020-12-20 14:15:00,2020-12-20 00:00:00,Tottenham Hotspur,Leicester City,0,2,A,0,1,A,8,17,3,4,5,3,2,2,0,0,C Pawson,2.05,3.5,3.6,2.08,3.48,3.62,2.16,3.79,3.79
20201220-manchester-united-leeds-united,ENG Premier League,2020-2021,2020-12-20 16:30:00,2020-12-20 00:00:00,Manchester United,Leeds United,6,2,H,4,1,H,26,17,14,3,11,13,1,0,0,0,A Taylor,1.66,4.33,4.5,1.71,4.23,4.49,1.77,4.42,4.75
20201220-west-bromwich-albion-aston-villa,ENG Premier League,2020-2021,2020-12-20 19:15:00,2020-12-20 00:00:00,West Bromwich Albion,Aston Villa,0,3,A,0,1,A,1,19,1,10,1,7,1,2,1,0,M Atkinson,3.6,3.8,1.95,3.69,3.7,1.99,3.88,3.86,2.06
20201221-burnley-wolverhampton-wanderers,ENG Premier League,2020-2021,2020-12-21 17:30:00,2020-12-21 00:00:00,Burnley,Wolverhampton Wanderers,2,1,H,1,0,H,10,15,4,3,1,7,2,1,0,0,L Mason,3.5,3.25,2.2,3.61,3.13,2.23,3.75,3.28,2.32
20201221-chelsea-west-ham-united,ENG Premier League,2020-2021,2020-12-21 20:00:00,2020-12-21 00:00:00,Chelsea,West Ham United,3,0,H,1,0,H,11,6,7,0,5,4,0,0,0,0,C Kavanagh,1.44,5.0,6.25,1.49,4.63,6.29,1.55,5.0,7.0
20201226-leicester-city-manchester-united,ENG Premier League,2020-2021,2020-12-26 12:30:00,2020-12-26 00:00:00,Leicester City,Manchester United,2,2,D,1,1,D,10,9,2,4,5,0,2,1,0,0,M Dean,2.9,3.6,2.3,3.01,3.55,2.32,3.13,3.71,2.42
20201226-aston-villa-crystal-palace,ENG Premier League,2020-2021,2020-12-26 15:00:00,2020-12-26 00:00:00,Aston Villa,Crystal Palace,3,0,H,1,0,H,21,13,10,6,4,4,1,4,1,0,A Taylor,1.9,3.75,3.8,1.94,3.75,3.8,2.01,3.95,4.0
20201226-fulham-southampton,ENG Premier League,2020-2021,2020-12-26 15:00:00,2020-12-26 00:00:00,Fulham,Southampton,0,0,D,0,0,D,10,3,1,2,6,3,2,0,0,0,D England,3.2,3.3,2.3,3.19,3.32,2.32,3.35,3.48,2.38
20201226-arsenal-chelsea,ENG Premier League,2020-2021,2020-12-26 17:30:00,2020-12-26 00:00:00,Arsenal,Chelsea,3,1,H,2,0,H,15,19,7,3,7,9,2,1,0,0,M Oliver,4.0,3.6,1.9,4.06,3.59,1.93,4.45,3.75,2.02
20201226-manchester-city-newcastle-united,ENG Premier League,2020-2021,2020-12-26 20:00:00,2020-12-26 00:00:00,Manchester City,Newcastle United,2,0,H,1,0,H,11,7,6,2,7,3,2,2,0,0,A Marriner,1.11,10.0,19.0,1.12,9.31,23.28,1.15,10.25,32.0
20201226-sheffield-united-everton,ENG Premier League,2020-2021,2020-12-26 20:00:00,2020-12-26 00:00:00,Sheffield United,Everton,0,1,A,0,0,D,10,7,2,3,6,3,2,4,0,0,D Coote,4.2,3.6,1.85,4.2,3.59,1.9,4.4,3.77,1.95
20201227-leeds-united-burnley,ENG Premier League,2020-2021,2020-12-27 12:00:00,2020-12-27 00:00:00,Leeds United,Burnley,1,0,H,1,0,H,11,14,4,6,4,12,0,3,0,0,R Jones,1.72,4.0,4.33,1.75,3.98,4.5,1.82,4.28,4.85
20201227-west-ham-united-brighton-hove-albion,ENG Premier League,2020-2021,2020-12-27 14:15:00,2020-12-27 00:00:00,West Ham United,Brighton & Hove Albion,2,2,D,0,1,A,11,13,4,4,5,4,0,0,0,0,S Hooper,2.3,3.4,3.1,2.37,3.32,3.11,2.43,3.56,3.3
20201227-liverpool-west-bromwich-albion,ENG Premier League,2020-2021,2020-12-27 16:30:00,2020-12-27 00:00:00,Liverpool,West Bromwich Albion,1,1,D,1,0,H,17,5,2,3,8,3,0,1,0,0,K Friend,1.11,10.0,19.0,1.13,9.05,20.61,1.15,10.19,26.0
20201227-wolverhampton-wanderers-tottenham-hotspur,ENG Premier League,2020-2021,2020-12-27 19:15:00,2020-12-27 00:00:00,Wolverhampton Wanderers,Tottenham Hotspur,1,1,D,0,1,A,11,6,6,3,9,2,4,1,0,0,P Tierney,3.6,3.25,2.15,3.62,3.28,2.16,3.78,3.46,2.23
20201228-crystal-palace-leicester-city,ENG Premier League,2020-2021,2020-12-28 15:00:00,2020-12-28 00:00:00,Crystal Palace,Leicester City,1,1,D,0,0,D,4,17,1,3,2,5,0,1,0,0,G Scott,3.75,3.5,2.0,3.81,3.52,2.01,3.96,3.66,2.08
20201228-chelsea-aston-villa,ENG Premier League,2020-2021,2020-12-28 17:30:00,2020-12-28 00:00:00,Chelsea,Aston Villa,1,1,D,1,0,H,16,10,5,2,11,4,3,1,0,0,S Attwell,1.61,4.2,5.0,1.69,4.18,4.72,1.74,4.32,5.0
20201229-brighton-hove-albion-arsenal,ENG Premier League,2020-2021,2020-12-29 18:00:00,2020-12-29 00:00:00,Brighton & Hove Albion,Arsenal,0,1,A,0,0,D,13,11,2,3,5,4,2,0,0,0,M Atkinson,3.25,3.5,2.2,3.22,3.38,2.29,3.35,3.52,2.39
20201229-burnley-sheffield-united,ENG Premier League,2020-2021,2020-12-29 18:00:00,2020-12-29 00:00:00,Burnley,Sheffield United,1,0,H,1,0,H,5,7,3,3,3,5,1,2,0,0,C Kavanagh,2.37,3.1,3.25,2.41,3.15,3.22,2.48,3.25,3.42
20201229-southampton-west-ham-united,ENG Premier League,2020-2021,2020-12-29 18:00:00,2020-12-29 00:00:00,Southampton,West Ham United,0,0,D,0,0,D,8,8,3,3,4,3,3,1,0,0,A Madley,2.1,3.6,3.4,2.19,3.48,3.33,2.27,3.6,3.52
20201229-west-bromwich-albion-leeds-united,ENG Premier League,2020-2021,2020-12-29 18:00:00,2020-12-29 00:00:00,West Bromwich Albion,Leeds United,0,5,A,0,4,A,4,14,1,6,3,10,0,1,0,0,L Mason,3.6,3.6,2.0,3.59,3.67,2.03,4.07,3.83,2.12
20201229-manchester-united-wolverhampton-wanderers,ENG Premier League,2020-2021,2020-12-29 20:00:00,2020-12-29 00:00:00,Manchester United,Wolverhampton Wanderers,1,0,H,0,0,D,11,9,3,5,2,2,1,1,0,0,J Moss,1.53,4.2,6.25,1.55,4.21,6.1,1.6,4.52,6.5
20201230-newcastle-united-liverpool,ENG Premier League,2020-2021,2020-12-30 20:00:00,2020-12-30 00:00:00,Newcastle United,Liverpool,0,0,D,0,0,D,8,11,2,4,5,12,2,3,0,0,P Tierney,12.0,6.0,1.25,9.81,5.93,1.29,12.0,6.5,1.32
20210101-everton-west-ham-united,ENG Premier League,2020-2021,2021-01-01 17:30:00,2021-01-01 00:00:00,Everton,West Ham United,0,1,A,0,0,D,10,11,2,5,5,4,2,0,0,0,K Friend,2.1,3.5,3.5,2.15,3.44,3.5,2.22,3.58,3.81
20210101-manchester-united-aston-villa,ENG Premier League,2020-2021,2021-01-01 20:00:00,2021-01-01 00:00:00,Manchester United,Aston Villa,2,1,H,1,0,H,19,5,9,5,5,10,4,0,0,0,M Oliver,1.72,4.2,4.2,1.74,4.14,4.42,1.81,4.35,4.7
20210102-tottenham-hotspur-leeds-united,ENG Premier League,2020-2021,2021-01-02 12:30:00,2021-01-02 00:00:00,Tottenham Hotspur,Leeds United,3,0,H,2,0,H,20,18,7,5,3,5,2,1,1,0,D Coote,1.75,4.1,4.2,1.8,4.05,4.15,1.85,4.28,4.37
20210102-crystal-palace-sheffield-united,ENG Premier League,2020-2021,2021-01-02 15:00:00,2021-01-02 00:00:00,Crystal Palace,Sheffield United,2,0,H,2,0,H,9,7,4,2,3,6,1,3,0,0,S Attwell,1.95,3.5,3.9,2.01,3.4,3.93,2.09,3.55,4.1
20210102-brighton-hove-albion-wolverhampton-wanderers,ENG Premier League,2020-2021,2021-01-02 17:30:00,2021-01-02 00:00:00,Brighton & Hove Albion,Wolverhampton Wanderers,3,3,D,1,3,A,13,11,4,4,5,8,2,1,0,0,A Madley,2.62,3.25,2.75,2.66,3.15,2.85,2.76,3.3,2.92
20210102-west-bromwich-albion-arsenal,ENG Premier League,2020-2021,2021-01-02 20:00:00,2021-01-02 00:00:00,West Bromwich Albion,Arsenal,0,4,A,0,2,A,7,21,3,12,3,5,1,2,0,0,M Atkinson,5.75,4.0,1.57,5.78,4.01,1.61,6.5,4.2,1.66
20210103-newcastle-united-leicester-city,ENG Premier League,2020-2021,2021-01-03 14:15:00,2021-01-03 00:00:00,Newcastle United,Leicester City,1,2,A,0,0,D,8,9,2,3,3,6,0,2,0,0,R Jones,5.25,4.2,1.61,5.19,3.97,1.67,5.52,4.2,1.72
20210103-chelsea-manchester-city,ENG Premier League,2020-2021,2021-01-03 16:30:00,2021-01-03 00:00:00,Chelsea,Manchester City,1,3,A,0,3,A,9,18,2,6,5,3,3,1,0,0,A Taylor,3.0,3.7,2.2,3.01,3.66,2.24,3.2,3.8,2.36
20210104-southampton-liverpool,ENG Premier League,2020-2021,2021-01-04 20:00:00,2021-01-04 00:00:00,Southampton,Liverpool,1,0,H,1,0,H,7,17,3,1,1,10,1,3,0,0,A Marriner,5.0,4.33,1.61,4.89,4.24,1.65,5.1,4.5,1.7
20210112-sheffield-united-newcastle-united,ENG Premier League,2020-2021,2021-01-12 18:00:00,2021-01-12 00:00:00,Sheffield United,Newcastle United,1,0,H,0,0,D,17,7,4,3,5,2,2,3,0,1,A Madley,2.45,3.1,3.1,2.49,3.11,3.13,2.58,3.24,3.25
20210112-burnley-manchester-united,ENG Premier League,2020-2021,2021-01-12 20:15:00,2021-01-12 00:00:00,Burnley,Manchester United,0,1,A,0,0,D,11,13,0,7,3,4,1,2,0,0,K Friend,7.0,4.5,1.45,7.03,4.56,1.47,7.7,4.7,1.52
20210112-wolverhampton-wanderers-everton,ENG Premier League,2020-2021,2021-01-12 20:15:00,2021-01-12 00:00:00,Wolverhampton Wanderers,Everton,1,2,A,1,1,D,12,5,3,3,6,5,2,2,0,0,M Atkinson,2.45,3.1,3.1,2.5,3.12,3.1,2.62,3.22,3.2
20210113-manchester-city-brighton-hove-albion,ENG Premier League,2020-2021,2021-01-13 18:00:00,2021-01-13 00:00:00,Manchester City,Brighton & Hove Albion,1,0,H,1,0,H,16,5,6,1,8,4,0,2,0,0,D England,1.14,8.5,16.0,1.18,7.48,15.78,1.21,8.5,19.0
20210113-tottenham-hotspur-fulham,ENG Premier League,2020-2021,2021-01-13 20:15:00,2021-01-13 00:00:00,Tottenham Hotspur,Fulham,1,1,D,1,0,H,15,15,6,4,6,5,1,2,0,0,P Tierney,1.36,5.0,8.5,1.4,4.91,7.98,1.43,5.3,8.75
20210114-arsenal-crystal-palace,ENG Premier League,2020-2021,2021-01-14 20:00:00,2021-01-14 00:00:00,Arsenal,Crystal Palace,0,0,D,0,0,D,11,12,4,2,7,3,1,1,0,0,A Marriner,1.53,4.0,6.5,1.55,4.1,6.37,1.61,4.25,7.0
20210116-wolverhampton-wanderers-west-bromwich-albion,ENG Premier League,2020-2021,2021-01-16 12:30:00,2021-01-16 00:00:00,Wolverhampton Wanderers,West Bromwich Albion,2,3,A,2,1,H,23,12,6,5,11,0,2,1,0,0,M Oliver,1.6,3.5,7.0,1.61,3.67,6.71,1.65,3.92,7.14
20210116-leeds-united-brighton-hove-albion,ENG Premier League,2020-2021,2021-01-16 15:00:00,2021-01-16 00:00:00,Leeds United,Brighton & Hove Albion,0,1,A,0,1,A,7,7,2,2,5,2,1,1,0,0,K Friend,2.1,3.5,3.4,2.17,3.57,3.31,2.24,3.72,3.45
20210116-west-ham-united-burnley,ENG Premier League,2020-2021,2021-01-16 15:00:00,2021-01-16 00:00:00,West Ham United,Burnley,1,0,H,1,0,H,15,10,4,2,7,4,2,1,0,0,C Kavanagh,1.8,3.5,4.75,1.84,3.49,4.69,1.91,3.74,5.0
20210116-fulham-chelsea,ENG Premier League,2020-2021,2021-01-16 17:30:00,2021-01-16 00:00:00,Fulham,Chelsea,0,1,A,0,0,D,10,21,3,6,1,12,2,3,1,0,P Bankes,6.5,4.33,1.5,6.3,4.21,1.55,7.0,4.44,1.6
20210116-leicester-city-southampton,ENG Premier League,2020-2021,2021-01-16 20:00:00,2021-01-16 00:00:00,Leicester City,Southampton,2,0,H,1,0,H,16,8,5,3,2,5,2,2,0,0,S Attwell,1.8,3.75,4.5,1.8,3.72,4.58,1.85,3.91,5.05
20210117-sheffield-united-tottenham-hotspur,ENG Premier League,2020-2021,2021-01-17 14:00:00,2021-01-17 00:00:00,Sheffield United,Tottenham Hotspur,1,3,A,0,2,A,15,14,5,5,5,7,4,0,0,0,A Marriner,6.25,3.75,1.6,5.96,3.73,1.65,6.5,3.91,1.7
20210117-liverpool-manchester-united,ENG Premier League,2020-2021,2021-01-17 16:30:00,2021-01-17 00:00:00,Liverpool,Manchester United,0,0,D,0,0,D,17,8,3,4,7,3,2,1,0,0,P Tierney,1.95,3.8,3.6,1.97,3.84,3.65,2.02,4.1,3.76
20210117-manchester-city-crystal-palace,ENG Premier League,2020-2021,2021-01-17 19:15:00,2021-01-17 00:00:00,Manchester City,Crystal Palace,4,0,H,1,0,H,13,2,6,0,11,1,0,0,0,0,L Mason,1.14,8.5,17.0,1.17,7.67,17.03,1.19,8.6,21.0
20210118-arsenal-newcastle-united,ENG Premier League,2020-2021,2021-01-18 20:00:00,2021-01-18 00:00:00,Arsenal,Newcastle United,3,0,H,0,0,D,20,4,6,1,7,2,0,0,0,0,D Coote,1.4,4.5,8.0,1.44,4.61,7.54,1.47,4.85,8.2
20210119-west-ham-united-west-bromwich-albion,ENG Premier League,2020-2021,2021-01-19 18:00:00,2021-01-19 00:00:00,West Ham United,West Bromwich Albion,2,1,H,1,0,H,14,6,6,2,3,1,0,1,0,0,G Scott,1.57,4.2,5.5,1.58,4.08,6.09,1.62,4.26,6.59
20210119-leicester-city-chelsea,ENG Premier League,2020-2021,2021-01-19 20:15:00,2021-01-19 00:00:00,Leicester City,Chelsea,2,0,H,2,0,H,8,9,6,5,6,3,1,3,0,0,C Pawson,2.87,3.4,2.45,2.9,3.41,2.49,3.04,3.55,2.58
20210120-manchester-city-aston-villa,ENG Premier League,2020-2021,2021-01-20 18:00:00,2021-01-20 00:00:00,Manchester City,Aston Villa,2,0,H,0,0,D,28,11,9,4,16,2,0,2,0,0,J Moss,1.22,6.5,12.0,1.25,6.21,11.36,1.29,6.75,13.0
20210120-fulham-manchester-united,ENG Premier League,2020-2021,2021-01-20 20:15:00,2021-01-20 00:00:00,Fulham,Manchester United,1,2,A,1,1,D,12,15,5,5,2,8,3,1,0,0,M Atkinson,6.0,4.33,1.53,6.05,4.31,1.55,6.5,4.54,1.59
20210121-liverpool-burnley,ENG Premier League,2020-2021,2021-01-21 20:00:00,2021-01-21 00:00:00,Liverpool,Burnley,0,1,A,0,0,D,27,6,6,4,12,0,2,1,0,0,M Dean,1.18,7.5,15.0,1.2,7.05,14.89,1.23,8.0,17.75
20210123-aston-villa-newcastle-united,ENG Premier League,2020-2021,2021-01-23 20:00:00,2021-01-23 00:00:00,Aston Villa,Newcastle United,2,0,H,2,0,H,14,7,5,1,5,4,0,3,0,0,S Hooper,1.45,4.75,6.5,1.5,4.53,6.37,1.55,4.75,6.8
20210126-crystal-palace-west-ham-united,ENG Premier League,2020-2021,2021-01-26 18:00:00,2021-01-26 00:00:00,Crystal Palace,West Ham United,2,3,A,1,2,A,6,17,3,7,3,4,0,0,0,0,S Attwell,3.1,3.25,2.37,3.16,3.27,2.39,3.27,3.4,2.5
20210126-newcastle-united-leeds-united,ENG Premier League,2020-2021,2021-01-26 18:00:00,2021-01-26 00:00:00,Newcastle United,Leeds United,1,2,A,0,1,A,22,9,5,2,9,5,1,3,0,0,A Taylor,3.9,3.8,1.85,3.83,3.83,1.93,3.97,4.0,2.0
20210126-southampton-arsenal,ENG Premier League,2020-2021,2021-01-26 20:15:00,2021-01-26 00:00:00,Southampton,Arsenal,1,3,A,1,2,A,13,9,5,5,4,5,1,2,0,0,K Friend,3.5,3.6,2.05,3.49,3.6,2.09,3.62,3.73,2.18
20210126-west-bromwich-albion-manchester-city,ENG Premier League,2020-2021,2021-01-26 20:15:00,2021-01-26 00:00:00,West Bromwich Albion,Manchester City,0,5,A,0,4,A,4,18,1,7,3,8,2,0,0,0,C Kavanagh,15.0,7.5,1.18,15.44,7.06,1.2,18.0,7.5,1.23
20210127-burnley-aston-villa,ENG Premier League,2020-2021,2021-01-27 18:00:00,2021-01-27 00:00:00,Burnley,Aston Villa,3,2,H,0,1,A,10,18,5,10,2,4,1,0,0,0,P Tierney,3.8,3.5,1.95,3.84,3.53,2.0,4.03,3.69,2.06
20210127-chelsea-wolverhampton-wanderers,ENG Premier League,2020-2021,2021-01-27 18:00:00,2021-01-27 00:00:00,Chelsea,Wolverhampton Wanderers,0,0,D,0,0,D,14,4,5,0,13,1,1,1,0,0,A Madley,1.6,4.2,5.25,1.62,4.08,5.53,1.69,4.3,6.0
20210127-brighton-hove-albion-fulham,ENG Premier League,2020-2021,2021-01-27 19:30:00,2021-01-27 00:00:00,Brighton & Hove Albion,Fulham,0,0,D,0,0,D,16,10,5,3,10,0,2,1,0,0,C Pawson,2.05,3.4,3.75,2.06,3.38,3.82,2.14,3.56,4.0
20210127-everton-leicester-city,ENG Premier League,2020-2021,2021-01-27 20:15:00,2021-01-27 00:00:00,Everton,Leicester City,1,1,D,1,0,H,8,19,2,6,5,11,1,1,0,0,M Dean,2.8,3.3,2.55,2.83,3.25,2.61,2.94,3.4,2.71
20210127-manchester-united-sheffield-united,ENG Premier League,2020-2021,2021-01-27 20:15:00,2021-01-27 00:00:00,Manchester United,Sheffield United,1,2,A,0,1,A,16,5,4,3,7,2,1,1,0,0,P Bankes,1.25,6.0,11.0,1.28,5.94,10.6,1.32,6.3,12.0
20210128-tottenham-hotspur-liverpool,ENG Premier League,2020-2021,2021-01-28 20:00:00,2021-01-28 00:00:00,Tottenham Hotspur,Liverpool,1,3,A,0,1,A,3,14,2,7,1,2,1,2,0,0,M Atkinson,3.2,3.6,2.2,3.22,3.54,2.22,3.45,3.73,2.3
20210130-everton-newcastle-united,ENG Premier League,2020-2021,2021-01-30 12:30:00,2021-01-30 00:00:00,Everton,Newcastle United,0,2,A,0,0,D,11,13,3,3,7,12,3,4,0,0,S Attwell,1.55,4.0,6.5,1.59,3.95,6.27,1.63,4.18,6.7
20210130-crystal-palace-wolverhampton-wanderers,ENG Premier League,2020-2021,2021-01-30 15:00:00,2021-01-30 00:00:00,Crystal Palace,Wolverhampton Wanderers,1,0,H,0,0,D,11,6,2,4,1,6,1,2,0,0,S Hooper,2.87,3.2,2.55,2.96,3.1,2.61,3.09,3.26,2.72
20210130-manchester-city-sheffield-united,ENG Premier League,2020-2021,2021-01-30 15:00:00,2021-01-30 00:00:00,Manchester City,Sheffield United,1,0,H,1,0,H,10,4,5,1,10,0,0,3,0,0,D Coote,1.12,9.0,18.0,1.13,8.75,21.73,1.16,9.6,27.0
20210130-west-bromwich-albion-fulham,ENG Premier League,2020-2021,2021-01-30 15:00:00,2021-01-30 00:00:00,West Bromwich Albion,Fulham,2,2,D,0,1,A,5,12,3,7,2,3,1,0,0,0,A Taylor,3.3,3.2,2.3,3.33,3.19,2.32,3.45,3.27,2.44
20210130-arsenal-manchester-united,ENG Premier League,2020-2021,2021-01-30 17:30:00,2021-01-30 00:00:00,Arsenal,Manchester United,0,0,D,0,0,D,17,14,3,3,4,7,1,3,0,0,M Oliver,2.8,3.5,2.45,2.86,3.4,2.51,2.98,3.65,2.62
20210130-southampton-aston-villa,ENG Premier League,2020-2021,2021-01-30 20:00:00,2021-01-30 00:00:00,Southampton,Aston Villa,0,1,A,0,1,A,20,8,5,4,7,1,1,0,0,0,L Mason,2.8,3.6,2.37,2.86,3.59,2.41,2.98,3.76,2.52
20210131-chelsea-burnley,ENG Premier League,2020-2021,2021-01-31 12:00:00,2021-01-31 00:00:00,Chelsea,Burnley,2,0,H,1,0,H,19,1,8,0,4,2,0,1,0,0,G Scott,1.33,5.0,9.5,1.34,5.15,9.64,1.38,5.5,10.5
20210131-leicester-city-leeds-united,ENG Premier League,2020-2021,2021-01-31 14:00:00,2021-01-31 00:00:00,Leicester City,Leeds United,1,3,A,1,1,D,18,8,8,7,6,4,0,3,0,0,C Kavanagh,1.8,4.0,4.2,1.82,4.02,4.11,1.88,4.2,4.3
20210131-west-ham-united-liverpool,ENG Premier League,2020-2021,2021-01-31 16:30:00,2021-01-31 00:00:00,West Ham United,Liverpool,1,3,A,0,0,D,8,14,2,5,6,5,2,0,0,0,J Moss,4.33,4.0,1.75,4.39,3.99,1.77,4.7,4.27,1.82
20210131-brighton-hove-albion-tottenham-hotspur,ENG Premier League,2020-2021,2021-01-31 19:15:00,2021-01-31 00:00:00,Brighton & Hove Albion,Tottenham Hotspur,1,0,H,1,0,H,16,8,5,4,9,2,2,1,0,0,P Bankes,3.2,3.4,2.25,3.12,3.36,2.35,3.2,3.52,2.44
20210202-sheffield-united-west-bromwich-albion,ENG Premier League,2020-2021,2021-02-02 18:00:00,2021-02-02 00:00:00,Sheffield United,West Bromwich Albion,2,1,H,0,1,A,14,8,6,4,9,2,2,1,0,0,P Tierney,2.0,3.3,4.0,2.05,3.3,3.99,2.14,3.48,4.3
20210202-wolverhampton-wanderers-arsenal,ENG Premier League,2020-2021,2021-02-02 18:00:00,2021-02-02 00:00:00,Wolverhampton Wanderers,Arsenal,2,1,H,1,1,D,11,9,7,3,9,6,3,2,0,2,C Pawson,3.6,3.3,2.1,3.63,3.29,2.17,3.75,3.46,2.22
20210202-manchester-united-southampton,ENG Premier League,2020-2021,2021-02-02 20:15:00,2021-02-02 00:00:00,Manchester United,Southampton,9,0,H,4,0,H,24,3,14,1,5,3,2,3,0,2,M Dean,1.4,4.75,7.0,1.44,4.73,7.22,1.49,4.93,8.3
20210202-newcastle-united-crystal-palace,ENG Premier League,2020-2021,2021-02-02 20:15:00,2021-02-02 00:00:00,Newcastle United,Crystal Palace,1,2,A,1,2,A,21,6,5,3,9,1,1,3,0,0,D England,2.8,3.2,2.6,2.91,3.15,2.63,3.02,3.35,2.72
20210203-burnley-manchester-city,ENG Premier League,2020-2021,2021-02-03 18:00:00,2021-02-03 00:00:00,Burnley,Manchester City,0,2,A,0,2,A,2,17,0,6,1,3,2,1,0,0,M Atkinson,13.0,7.0,1.2,14.33,6.54,1.22,17.5,7.1,1.24
20210203-fulham-leicester-city,ENG Premier League,2020-2021,2021-02-03 18:00:00,2021-02-03 00:00:00,Fulham,Leicester City,0,2,A,0,2,A,8,9,1,5,5,2,3,1,0,0,R Jones,4.0,3.5,1.9,4.0,3.49,1.97,4.17,3.72,2.04
20210203-leeds-united-everton,ENG Premier League,2020-2021,2021-02-03 19:30:00,2021-02-03 00:00:00,Leeds United,Everton,1,2,A,0,2,A,16,10,7,6,7,1,2,3,0,0,M Oliver,2.5,3.5,2.7,2.47,3.63,2.75,2.58,3.84,2.83
20210203-aston-villa-west-ham-united,ENG Premier League,2020-2021,2021-02-03 20:15:00,2021-02-03 00:00:00,Aston Villa,West Ham United,1,3,A,0,0,D,9,20,2,10,7,3,1,1,0,0,A Madley,2.2,3.4,3.25,2.21,3.43,3.33,2.28,3.59,3.48
20210203-liverpool-brighton-hove-albion,ENG Premier League,2020-2021,2021-02-03 20:15:00,2021-02-03 00:00:00,Liverpool,Brighton & Hove Albion,0,1,A,0,0,D,11,13,1,4,6,3,1,0,0,0,K Friend,1.33,5.25,9.0,1.36,5.23,8.38,1.41,5.55,9.0
20210204-tottenham-hotspur-chelsea,ENG Premier League,2020-2021,2021-02-04 20:00:00,2021-02-04 00:00:00,Tottenham Hotspur,Chelsea,0,1,A,0,1,A,7,18,2,2,2,7,2,3,0,0,A Marriner,3.5,3.4,2.1,3.48,3.43,2.16,3.64,3.58,2.25
20210206-aston-villa-arsenal,ENG Premier League,2020-2021,2021-02-06 12:30:00,2021-02-06 00:00:00,Aston Villa,Arsenal,1,0,H,1,0,H,12,14,8,3,3,7,3,2,0,0,C Kavanagh,2.62,3.5,2.6,2.74,3.47,2.56,2.87,3.66,2.65
20210206-burnley-brighton-hove-albion,ENG Premier League,2020-2021,2021-02-06 15:00:00,2021-02-06 00:00:00,Burnley,Brighton & Hove Albion,1,1,D,0,1,A,20,10,7,2,8,7,2,0,0,0,A Taylor,3.6,3.1,2.2,3.58,3.17,2.22,3.75,3.37,2.3
20210206-newcastle-united-southampton,ENG Premier League,2020-2021,2021-02-06 15:00:00,2021-02-06 00:00:00,Newcastle United,Southampton,3,2,H,3,1,H,6,14,4,5,0,7,2,1,1,0,C Pawson,3.0,3.3,2.4,2.99,3.27,2.47,3.15,3.34,2.62
20210206-fulham-west-ham-united,ENG Premier League,2020-2021,2021-02-06 17:30:00,2021-02-06 00:00:00,Fulham,West Ham United,0,0,D,0,0,D,20,8,2,1,7,3,1,2,0,1,M Dean,3.6,3.5,2.05,3.57,3.46,2.1,3.75,3.62,2.16
20210206-manchester-united-everton,ENG Premier League,2020-2021,2021-02-06 20:00:00,2021-02-06 00:00:00,Manchester United,Everton,3,3,D,2,0,H,14,6,5,3,5,1,2,1,0,0,J Moss,1.53,4.2,6.0,1.56,4.26,5.99,1.6,4.5,6.65
20210207-tottenham-hotspur-west-bromwich-albion,ENG Premier League,2020-2021,2021-02-07 12:00:00,2021-02-07 00:00:00,Tottenham Hotspur,West Bromwich Albion,2,0,H,0,0,D,13,4,6,1,8,0,1,2,0,0,S Attwell,1.45,4.5,7.0,1.46,4.51,7.23,1.5,4.73,8.0
20210207-wolverhampton-wanderers-leicester-city,ENG Premier League,2020-2021,2021-02-07 14:00:00,2021-02-07 00:00:00,Wolverhampton Wanderers,Leicester City,0,0,D,0,0,D,13,13,1,3,8,2,1,3,0,0,M Atkinson,3.5,3.4,2.1,3.52,3.37,2.16,3.7,3.5,2.22
20210207-liverpool-manchester-city,ENG Premier League,2020-2021,2021-02-07 16:30:00,2021-02-07 00:00:00,Liverpool,Manchester City,1,4,A,0,0,D,8,8,3,5,6,1,2,1,0,0,M Oliver,3.4,3.6,2.05,3.37,3.63,2.12,3.54,3.78,2.2
20210207-sheffield-united-chelsea,ENG Premier League,2020-2021,2021-02-07 19:15:00,2021-02-07 00:00:00,Sheffield United,Chelsea,1,2,A,0,1,A,8,9,3,3,1,8,1,0,0,0,K Friend,7.0,4.5,1.45,7.18,4.38,1.48,7.8,4.75,1.52
20210208-leeds-united-crystal-palace,ENG Premier League,2020-2021,2021-02-08 20:00:00,2021-02-08 00:00:00,Leeds United,Crystal Palace,2,0,H,1,0,H,17,8,7,3,5,3,0,2,0,0,A Marriner,1.8,3.8,4.2,1.86,3.82,4.06,1.93,4.08,4.3
20210213-leicester-city-liverpool,ENG Premier League,2020-2021,2021-02-13 12:30:00,2021-02-13 00:00:00,Leicester City,Liverpool,3,1,H,0,0,D,11,15,6,4,2,12,1,2,0,0,A Taylor,3.5,3.4,2.1,3.45,3.49,2.14,3.6,3.66,2.24
20210213-crystal-palace-burnley,ENG Premier League,2020-2021,2021-02-13 15:00:00,2021-02-13 00:00:00,Crystal Palace,Burnley,0,3,A,0,2,A,13,16,3,4,7,4,0,0,0,0,M Oliver,2.37,3.1,3.2,2.42,3.11,3.22,2.54,3.32,3.35
20210213-manchester-city-tottenham-hotspur,ENG Premier League,2020-2021,2021-02-13 17:30:00,2021-02-13 00:00:00,Manchester City,Tottenham Hotspur,3,0,H,1,0,H,15,7,6,3,4,2,1,3,0,0,P Tierney,1.28,5.75,9.5,1.33,5.56,8.65,1.37,6.1,9.5
20210213-brighton-hove-albion-aston-villa,ENG Premier League,2020-2021,2021-02-13 20:00:00,2021-02-13 00:00:00,Brighton & Hove Albion,Aston Villa,0,0,D,0,0,D,26,4,9,1,9,2,2,3,0,0,D England,2.7,3.5,2.5,2.77,3.4,2.56,2.88,3.55,2.64
20210214-southampton-wolverhampton-wanderers,ENG Premier League,2020-2021,2021-02-14 12:00:00,2021-02-14 00:00:00,Southampton,Wolverhampton Wanderers,1,2,A,1,0,H,7,10,3,4,4,6,2,2,0,0,G Scott,2.37,3.2,3.1,2.42,3.21,3.12,2.56,3.36,3.28
20210214-west-bromwich-albion-manchester-united,ENG Premier League,2020-2021,2021-02-14 14:00:00,2021-02-14 00:00:00,West Bromwich Albion,Manchester United,1,1,D,1,1,D,7,10,3,7,4,5,5,0,0,0,C Pawson,10.0,5.5,1.3,9.19,5.52,1.33,10.0,6.0,1.35
20210214-arsenal-leeds-united,ENG Premier League,2020-2021,2021-02-14 16:30:00,2021-02-14 00:00:00,Arsenal,Leeds United,4,2,H,3,0,H,13,9,5,5,4,5,0,2,0,0,S Attwell,1.83,3.8,4.0,1.89,3.77,3.98,1.96,3.92,4.11
20210214-everton-fulham,ENG Premier League,2020-2021,2021-02-14 19:00:00,2021-02-14 00:00:00,Everton,Fulham,0,2,A,0,0,D,7,12,2,3,5,4,1,1,0,0,A Madley,1.85,3.6,4.2,1.93,3.53,4.09,1.98,3.74,4.24
20210215-west-ham-united-sheffield-united,ENG Premier League,2020-2021,2021-02-15 18:00:00,2021-02-15 00:00:00,West Ham United,Sheffield United,3,0,H,1,0,H,13,8,9,5,7,7,0,2,0,0,S Hooper,1.66,3.75,5.25,1.73,3.74,5.04,1.79,3.9,5.32
20210215-chelsea-newcastle-united,ENG Premier League,2020-2021,2021-02-15 20:00:00,2021-02-15 00:00:00,Chelsea,Newcastle United,2,0,H,2,0,H,18,10,5,4,10,5,0,0,0,0,P Bankes,1.22,6.5,12.0,1.24,6.36,11.97,1.29,6.9,13.75
20210217-burnley-fulham,ENG Premier League,2020-2021,2021-02-17 18:00:00,2021-02-17 00:00:00,Burnley,Fulham,1,1,D,0,0,D,8,8,3,3,5,5,1,1,0,0,J Moss,2.75,3.2,2.7,2.77,3.15,2.72,2.89,3.34,2.85
20210217-everton-manchester-city,ENG Premier League,2020-2021,2021-02-17 20:15:00,2021-02-17 00:00:00,Everton,Manchester City,1,3,A,1,1,D,3,16,2,7,0,10,2,1,0,0,A Marriner,8.5,5.5,1.33,8.56,5.33,1.35,9.5,5.75,1.38
20210219-wolverhampton-wanderers-leeds-united,ENG Premier League,2020-2021,2021-02-19 20:00:00,2021-02-19 00:00:00,Wolverhampton Wanderers,Leeds United,1,0,H,0,0,D,15,18,5,7,7,9,1,0,0,0,D Coote,2.37,3.3,3.0,2.38,3.36,3.08,2.46,3.5,3.22
20210220-southampton-chelsea,ENG Premier League,2020-2021,2021-02-20 12:30:00,2021-02-20 00:00:00,Southampton,Chelsea,1,1,D,1,0,H,4,9,1,3,3,6,1,1,0,0,A Taylor,5.0,3.8,1.7,4.93,3.76,1.74,5.25,3.9,1.79
20210220-burnley-west-bromwich-albion,ENG Premier League,2020-2021,2021-02-20 15:00:00,2021-02-20 00:00:00,Burnley,West Bromwich Albion,0,0,D,0,0,D,6,10,1,3,5,5,3,0,0,1,M Dean,2.0,3.3,4.0,2.04,3.31,3.96,2.12,3.47,4.12
20210220-liverpool-everton,ENG Premier League,2020-2021,2021-02-20 17:30:00,2021-02-20 00:00:00,Liverpool,Everton,0,2,A,0,1,A,15,9,6,6,7,2,2,1,0,0,C Kavanagh,1.44,4.5,7.0,1.47,4.59,6.79,1.51,4.9,7.6
20210220-fulham-sheffield-united,ENG Premier League,2020-2021,2021-02-20 20:00:00,2021-02-20 00:00:00,Fulham,Sheffield United,1,0,H,0,0,D,15,4,7,2,6,4,1,2,0,0,M Atkinson,2.15,3.2,3.6,2.2,3.19,3.61,2.27,3.29,3.85
20210221-west-ham-united-tottenham-hotspur,ENG Premier League,2020-2021,2021-02-21 12:00:00,2021-02-21 00:00:00,West Ham United,Tottenham Hotspur,2,1,H,1,0,H,4,20,4,4,5,7,4,3,0,0,C Pawson,2.62,3.4,2.7,2.64,3.33,2.73,2.78,3.52,2.8
20210221-aston-villa-leicester-city,ENG Premier League,2020-2021,2021-02-21 14:05:00,2021-02-21 00:00:00,Aston Villa,Leicester City,1,2,A,0,2,A,11,16,2,7,7,8,2,1,0,0,M Oliver,2.87,3.5,2.4,2.87,3.5,2.44,2.95,3.73,2.5
20210221-arsenal-manchester-city,ENG Premier League,2020-2021,2021-02-21 16:30:00,2021-02-21 00:00:00,Arsenal,Manchester City,0,1,A,0,1,A,7,15,1,3,1,3,2,2,0,0,J Moss,6.5,4.33,1.5,6.27,4.36,1.53,6.9,4.58,1.57
20210221-manchester-united-newcastle-united,ENG Premier League,2020-2021,2021-02-21 19:00:00,2021-02-21 00:00:00,Manchester United,Newcastle United,3,1,H,1,1,D,15,10,7,6,6,4,1,2,0,0,P Tierney,1.28,5.5,10.0,1.3,5.75,10.27,1.32,6.0,12.0
20210222-brighton-hove-albion-crystal-palace,ENG Premier League,2020-2021,2021-02-22 20:00:00,2021-02-22 00:00:00,Brighton & Hove Albion,Crystal Palace,1,2,A,0,1,A,25,3,5,2,13,0,2,0,0,0,K Friend,1.7,3.5,5.5,1.74,3.53,5.36,1.81,3.7,5.75
20210223-leeds-united-southampton,ENG Premier League,2020-2021,2021-02-23 18:00:00,2021-02-23 00:00:00,Leeds United,Southampton,3,0,H,0,0,D,11,13,7,5,2,4,1,2,0,0,A Marriner,2.25,3.5,3.1,2.34,3.47,3.06,2.42,3.6,3.2
20210227-manchester-city-west-ham-united,ENG Premier League,2020-2021,2021-02-27 12:30:00,2021-02-27 00:00:00,Manchester City,West Ham United,2,1,H,1,1,D,10,9,3,3,4,2,1,1,0,0,M Oliver,1.22,6.5,12.0,1.23,6.55,12.55,1.26,7.2,14.5
20210227-west-bromwich-albion-brighton-hove-albion,ENG Premier League,2020-2021,2021-02-27 15:00:00,2021-02-27 00:00:00,West Bromwich Albion,Brighton & Hove Albion,1,0,H,1,0,H,6,15,2,6,7,4,0,0,0,0,L Mason,4.2,3.3,1.95,4.14,3.44,1.96,4.35,3.6,2.04
20210227-leeds-united-aston-villa,ENG Premier League,2020-2021,2021-02-27 17:30:00,2021-02-27 00:00:00,Leeds United,Aston Villa,0,1,A,0,1,A,13,9,3,4,7,5,3,2,0,0,P Bankes,2.15,3.6,3.2,2.23,3.63,3.12,2.32,3.75,3.26
20210227-newcastle-united-wolverhampton-wanderers,ENG Premier League,2020-2021,2021-02-27 20:00:00,2021-02-27 00:00:00,Newcastle United,Wolverhampton Wanderers,1,1,D,0,0,D,19,14,7,4,3,5,2,0,0,0,M Dean,3.5,3.2,2.2,3.51,3.12,2.28,3.78,3.27,2.38
20210228-crystal-palace-fulham,ENG Premier League,2020-2021,2021-02-28 12:00:00,2021-02-28 00:00:00,Crystal Palace,Fulham,0,0,D,0,0,D,3,16,0,4,1,3,1,1,0,0,A Taylor,3.5,3.2,2.2,3.49,3.17,2.26,3.68,3.32,2.35
20210228-leicester-city-arsenal,ENG Premier League,2020-2021,2021-02-28 12:00:00,2021-02-28 00:00:00,Leicester City,Arsenal,1,3,A,1,2,A,8,12,3,4,2,7,2,1,0,0,P Tierney,2.5,3.4,2.8,2.51,3.34,2.89,2.64,3.5,3.08
20210228-tottenham-hotspur-burnley,ENG Premier League,2020-2021,2021-02-28 14:00:00,2021-02-28 00:00:00,Tottenham Hotspur,Burnley,4,0,H,3,0,H,16,10,7,3,3,4,0,0,0,0,K Friend,1.53,4.0,6.5,1.55,4.04,6.66,1.6,4.35,7.22
20210228-chelsea-manchester-united,ENG Premier League,2020-2021,2021-02-28 16:30:00,2021-02-28 00:00:00,Chelsea,Manchester United,0,0,D,0,0,D,18,11,6,4,3,4,1,2,0,0,S Attwell,2.15,3.4,3.4,2.27,3.29,3.35,2.38,3.45,3.6
20210228-sheffield-united-liverpool,ENG Premier League,2020-2021,2021-02-28 19:15:00,2021-02-28 00:00:00,Sheffield United,Liverpool,0,2,A,0,0,D,8,16,2,8,4,3,0,0,0,0,J Moss,8.0,5.0,1.36,7.56,4.94,1.41,8.11,5.3,1.45
20210301-everton-southampton,ENG Premier League,2020-2021,2021-03-01 20:00:00,2021-03-01 00:00:00,Everton,Southampton,1,0,H,1,0,H,7,9,1,1,4,10,0,2,0,0,M Atkinson,2.15,3.5,3.3,2.19,3.45,3.34,2.28,3.58,3.53
20210302-manchester-city-wolverhampton-wanderers,ENG Premier League,2020-2021,2021-03-02 20:00:00,2021-03-02 00:00:00,Manchester City,Wolverhampton Wanderers,4,1,H,1,0,H,22,6,10,1,10,2,0,1,0,0,C Kavanagh,1.18,7.0,15.0,1.22,6.41,15.26,1.25,7.08,19.0
20210303-burnley-leicester-city,ENG Premier League,2020-2021,2021-03-03 18:00:00,2021-03-03 00:00:00,Burnley,Leicester City,1,1,D,1,1,D,12,15,7,4,5,8,0,2,0,0,A Madley,4.0,3.25,2.0,3.97,3.3,2.05,4.1,3.65,2.15
20210303-sheffield-united-aston-villa,ENG Premier League,2020-2021,2021-03-03 18:00:00,2021-03-03 00:00:00,Sheffield United,Aston Villa,1,0,H,1,0,H,9,16,2,4,2,7,1,0,1,0,R Jones,3.75,3.4,2.05,3.73,3.44,2.07,3.9,3.6,2.15
20210303-crystal-palace-manchester-united,ENG Premier League,2020-2021,2021-03-03 20:15:00,2021-03-03 00:00:00,Crystal Palace,Manchester United,0,0,D,0,0,D,8,11,2,1,4,6,1,0,0,0,A Marriner,8.0,4.75,1.4,7.56,4.6,1.44,8.18,4.8,1.48
20210304-fulham-tottenham-hotspur,ENG Premier League,2020-2021,2021-03-04 18:00:00,2021-03-04 00:00:00,Fulham,Tottenham Hotspur,0,1,A,0,1,A,11,9,3,2,4,1,2,1,0,0,D Coote,4.0,3.6,1.9,3.95,3.57,1.96,4.1,3.75,2.02
20210304-west-bromwich-albion-everton,ENG Premier League,2020-2021,2021-03-04 18:00:00,2021-03-04 00:00:00,West Bromwich Albion,Everton,0,1,A,0,0,D,11,11,3,3,3,3,3,1,0,0,D England,4.33,3.6,1.83,4.43,3.67,1.84,4.6,3.91,1.89
20210304-liverpool-chelsea,ENG Premier League,2020-2021,2021-03-04 20:15:00,2021-03-04 00:00:00,Liverpool,Chelsea,0,1,A,0,1,A,7,11,1,5,5,2,0,0,0,0,M Atkinson,2.25,3.6,3.0,2.26,3.59,3.1,2.36,3.79,3.24
20210306-burnley-arsenal,ENG Premier League,2020-2021,2021-03-06 12:30:00,2021-03-06 00:00:00,Burnley,Arsenal,1,1,D,1,1,D,9,15,5,3,2,4,1,1,0,0,A Marriner,5.5,4.0,1.61,5.48,3.94,1.64,5.8,4.12,1.69
20210306-sheffield-united-southampton,ENG Premier League,2020-2021,2021-03-06 15:00:00,2021-03-06 00:00:00,Sheffield United,Southampton,0,2,A,0,1,A,8,15,2,5,7,3,4,3,0,0,P Tierney,3.6,3.5,2.0,3.67,3.4,2.09,3.8,3.6,2.18
20210306-aston-villa-wolverhampton-wanderers,ENG Premier League,2020-2021,2021-03-06 17:30:00,2021-03-06 00:00:00,Aston Villa,Wolverhampton Wanderers,0,0,D,0,0,D,9,10,1,2,5,3,1,0,0,0,A Madley,2.37,3.25,3.1,2.42,3.2,3.14,2.5,3.41,3.28
20210306-brighton-hove-albion-leicester-city,ENG Premier League,2020-2021,2021-03-06 20:00:00,2021-03-06 00:00:00,Brighton & Hove Albion,Leicester City,1,2,A,1,0,H,7,8,2,4,6,6,0,1,0,0,M Oliver,2.55,3.25,2.8,2.56,3.24,2.9,2.66,3.4,3.07
20210307-west-bromwich-albion-newcastle-united,ENG Premier League,2020-2021,2021-03-07 12:00:00,2021-03-07 00:00:00,West Bromwich Albion,Newcastle United,0,0,D,0,0,D,13,9,3,5,9,7,0,0,0,0,M Atkinson,2.37,3.2,3.1,2.45,3.2,3.09,2.55,3.38,3.2
20210307-liverpool-fulham,ENG Premier League,2020-2021,2021-03-07 14:00:00,2021-03-07 00:00:00,Liverpool,Fulham,0,1,A,0,1,A,16,10,3,3,9,4,2,3,0,0,K Friend,1.36,5.0,8.5,1.38,4.98,8.39,1.44,5.35,9.5
20210307-manchester-city-manchester-united,ENG Premier League,2020-2021,2021-03-07 16:30:00,2021-03-07 00:00:00,Manchester City,Manchester United,0,2,A,0,1,A,23,8,6,6,6,2,0,3,0,0,A Taylor,1.45,4.5,7.0,1.5,4.35,6.74,1.54,4.55,7.5
20210307-tottenham-hotspur-crystal-palace,ENG Premier League,2020-2021,2021-03-07 19:15:00,2021-03-07 00:00:00,Tottenham Hotspur,Crystal Palace,4,1,H,1,1,D,12,5,5,1,1,5,2,3,0,0,S Attwell,1.45,4.5,7.0,1.47,4.48,7.11,1.53,4.75,7.5
20210308-chelsea-everton,ENG Premier League,2020-2021,2021-03-08 18:00:00,2021-03-08 00:00:00,Chelsea,Everton,2,0,H,1,0,H,19,7,9,1,7,3,0,3,0,0,D Coote,1.53,4.0,6.5,1.55,4.14,6.29,1.62,4.4,6.9
20210308-west-ham-united-leeds-united,ENG Premier League,2020-2021,2021-03-08 20:00:00,2021-03-08 00:00:00,West Ham United,Leeds United,2,0,H,2,0,H,16,17,5,2,6,6,1,1,0,0,M Dean,2.05,3.6,3.5,2.09,3.59,3.46,2.18,3.8,3.57
20210310-manchester-city-southampton,ENG Premier League,2020-2021,2021-03-10 18:00:00,2021-03-10 00:00:00,Manchester City,Southampton,5,2,H,3,1,H,17,11,10,6,5,5,1,0,0,0,J Moss,1.18,7.5,15.0,1.21,6.91,14.17,1.23,7.51,17.0
20210312-newcastle-united-aston-villa,ENG Premier League,2020-2021,2021-03-12 20:00:00,2021-03-12 00:00:00,Newcastle United,Aston Villa,1,1,D,0,0,D,12,15,3,6,2,2,2,3,0,0,P Tierney,3.8,3.3,2.05,3.8,3.33,2.09,4.04,3.5,2.18
20210313-leeds-united-chelsea,ENG Premier League,2020-2021,2021-03-13 12:30:00,2021-03-13 00:00:00,Leeds United,Chelsea,0,0,D,0,0,D,7,15,4,8,8,5,3,0,0,0,K Friend,4.75,4.0,1.7,4.57,3.9,1.76,4.8,4.12,1.81
20210313-crystal-palace-west-bromwich-albion,ENG Premier League,2020-2021,2021-03-13 15:00:00,2021-03-13 00:00:00,Crystal Palace,West Bromwich Albion,1,0,H,1,0,H,6,12,4,1,3,2,3,1,0,0,S Hooper,2.15,3.2,3.6,2.24,3.17,3.55,2.32,3.34,3.7
20210313-everton-burnley,ENG Premier League,2020-2021,2021-03-13 17:30:00,2021-03-13 00:00:00,Everton,Burnley,1,2,A,1,2,A,14,14,4,5,7,4,0,4,0,0,J Moss,1.83,3.5,4.5,1.88,3.49,4.42,1.95,3.66,4.7
20210313-fulham-manchester-city,ENG Premier League,2020-2021,2021-03-13 20:00:00,2021-03-13 00:00:00,Fulham,Manchester City,0,3,A,0,0,D,3,8,0,7,4,2,0,0,0,0,A Marriner,10.0,5.0,1.33,9.63,4.98,1.35,10.59,5.41,1.38
20210314-southampton-brighton-hove-albion,ENG Premier League,2020-2021,2021-03-14 12:00:00,2021-03-14 00:00:00,Southampton,Brighton & Hove Albion,1,2,A,1,1,D,9,8,4,6,4,5,0,0,0,0,S Attwell,2.9,3.1,2.5,2.98,3.07,2.6,3.08,3.2,2.7
20210314-leicester-city-sheffield-united,ENG Premier League,2020-2021,2021-03-14 14:00:00,2021-03-14 00:00:00,Leicester City,Sheffield United,5,0,H,1,0,H,19,1,10,0,9,1,0,2,0,0,P Bankes,1.5,4.2,6.5,1.54,4.12,6.6,1.6,4.31,7.0
20210314-arsenal-tottenham-hotspur,ENG Premier League,2020-2021,2021-03-14 16:30:00,2021-03-14 00:00:00,Arsenal,Tottenham Hotspur,2,1,H,1,1,D,13,6,3,3,6,3,1,2,0,1,M Oliver,2.55,3.4,2.75,2.56,3.34,2.82,2.68,3.58,2.9
20210314-manchester-united-west-ham-united,ENG Premier League,2020-2021,2021-03-14 19:15:00,2021-03-14 00:00:00,Manchester United,West Ham United,1,0,H,0,0,D,15,7,4,0,6,3,4,0,0,0,M Atkinson,1.83,3.6,4.33,1.86,3.57,4.42,1.92,3.7,4.6
20210315-wolverhampton-wanderers-liverpool,ENG Premier League,2020-2021,2021-03-15 20:00:00,2021-03-15 00:00:00,Wolverhampton Wanderers,Liverpool,0,1,A,0,1,A,10,12,5,4,3,2,2,1,0,0,C Pawson,4.75,3.75,1.72,4.81,3.74,1.76,5.1,3.9,1.82
20210319-fulham-leeds-united,ENG Premier League,2020-2021,2021-03-19 20:00:00,2021-03-19 00:00:00,Fulham,Leeds United,1,2,A,1,1,D,13,13,6,4,13,7,2,2,0,0,D Coote,2.37,3.4,3.0,2.43,3.35,3.0,2.5,3.52,3.1
20210320-brighton-hove-albion-newcastle-united,ENG Premier League,2020-2021,2021-03-20 20:00:00,2021-03-20 00:00:00,Brighton & Hove Albion,Newcastle United,3,0,H,1,0,H,11,3,6,1,3,1,0,1,0,0,A Taylor,1.66,3.5,6.0,1.66,3.54,6.24,1.72,3.62,7.0
20210321-west-ham-united-arsenal,ENG Premier League,2020-2021,2021-03-21 15:00:00,2021-03-21 00:00:00,West Ham United,Arsenal,3,3,D,3,1,H,15,16,5,7,3,5,3,1,0,0,J Moss,2.8,3.5,2.45,2.83,3.43,2.5,2.96,3.6,2.6
20210321-aston-villa-tottenham-hotspur,ENG Premier League,2020-2021,2021-03-21 19:30:00,2021-03-21 00:00:00,Aston Villa,Tottenham Hotspur,0,2,A,0,1,A,8,9,1,3,5,8,3,2,0,0,M Dean,2.9,3.3,2.45,2.97,3.38,2.42,3.11,3.5,2.5
20210403-chelsea-west-bromwich-albion,ENG Premier League,2020-2021,2021-04-03 12:30:00,2021-04-03 00:00:00,Chelsea,West Bromwich Albion,2,5,A,1,2,A,18,14,8,7,10,3,1,1,1,0,D Coote,1.22,6.0,15.0,1.22,6.33,14.99,1.25,6.95,17.0
20210403-leeds-united-sheffield-united,ENG Premier League,2020-2021,2021-04-03 15:00:00,2021-04-03 00:00:00,Leeds United,Sheffield United,2,1,H,1,1,D,23,9,8,1,5,7,1,2,0,0,G Scott,1.5,4.33,6.5,1.52,4.4,6.36,1.56,4.6,7.0
20210403-leicester-city-manchester-city,ENG Premier League,2020-2021,2021-04-03 17:30:00,2021-04-03 00:00:00,Leicester City,Manchester City,0,2,A,0,0,D,5,11,2,4,1,1,2,3,0,0,A Taylor,6.0,4.2,1.53,6.16,4.07,1.57,6.75,4.33,1.63
20210403-arsenal-liverpool,ENG Premier League,2020-2021,2021-04-03 20:00:00,2021-04-03 00:00:00,Arsenal,Liverpool,0,3,A,0,0,D,3,16,2,7,1,2,1,1,0,0,S Attwell,3.1,3.7,2.15,3.13,3.56,2.26,3.26,3.7,2.35
20210404-southampton-burnley,ENG Premier League,2020-2021,2021-04-04 12:00:00,2021-04-04 00:00:00,Southampton,Burnley,3,2,H,2,2,D,24,7,9,5,6,7,0,0,0,0,A Marriner,2.05,3.3,3.8,2.1,3.29,3.78,2.17,3.43,3.97
20210404-newcastle-united-tottenham-hotspur,ENG Premier League,2020-2021,2021-04-04 14:05:00,2021-04-04 00:00:00,Newcastle United,Tottenham Hotspur,2,2,D,1,2,A,22,11,6,5,7,3,3,2,0,0,C Pawson,5.5,4.0,1.6,5.56,4.03,1.62,5.9,4.27,1.66
20210404-aston-villa-fulham,ENG Premier League,2020-2021,2021-04-04 16:30:00,2021-04-04 00:00:00,Aston Villa,Fulham,3,1,H,0,0,D,14,15,4,7,4,4,1,2,0,0,A Madley,2.25,3.3,3.3,2.28,3.29,3.32,2.33,3.41,3.46
20210404-manchester-united-brighton-hove-albion,ENG Premier League,2020-2021,2021-04-04 19:30:00,2021-04-04 00:00:00,Manchester United,Brighton & Hove Albion,2,1,H,0,1,A,15,5,7,3,5,6,2,2,0,0,M Dean,1.61,4.0,5.5,1.64,3.97,5.39,1.7,4.21,5.75
20210405-everton-crystal-palace,ENG Premier League,2020-2021,2021-04-05 18:00:00,2021-04-05 00:00:00,Everton,Crystal Palace,1,1,D,0,0,D,15,13,7,6,3,4,2,0,0,0,K Friend,1.75,3.5,5.0,1.8,3.46,4.91,1.86,3.6,5.2
20210405-wolverhampton-wanderers-west-ham-united,ENG Premier League,2020-2021,2021-04-05 20:15:00,2021-04-05 00:00:00,Wolverhampton Wanderers,West Ham United,2,3,A,1,3,A,20,9,5,6,4,2,1,4,0,0,M Oliver,2.87,3.2,2.55,2.95,3.13,2.58,3.02,3.25,2.67
20210409-fulham-wolverhampton-wanderers,ENG Premier League,2020-2021,2021-04-09 20:00:00,2021-04-09 00:00:00,Fulham,Wolverhampton Wanderers,0,1,A,0,0,D,14,7,3,3,3,4,0,0,0,0,J Moss,2.5,3.0,3.1,2.57,3.01,3.14,2.65,3.13,3.26
20210410-manchester-city-leeds-united,ENG Premier League,2020-2021,2021-04-10 12:30:00,2021-04-10 00:00:00,Manchester City,Leeds United,1,2,A,0,1,A,29,2,7,2,9,3,3,1,0,1,A Marriner,1.28,5.75,10.0,1.3,5.92,9.56,1.33,6.5,10.61
20210410-liverpool-aston-villa,ENG Premier League,2020-2021,2021-04-10 15:00:00,2021-04-10 00:00:00,Liverpool,Aston Villa,2,1,H,0,1,A,23,9,10,5,7,0,2,4,0,0,P Tierney,1.5,4.33,6.5,1.52,4.51,6.22,1.56,4.75,6.85
20210410-crystal-palace-chelsea,ENG Premier League,2020-2021,2021-04-10 17:30:00,2021-04-10 00:00:00,Crystal Palace,Chelsea,1,4,A,0,3,A,1,23,1,10,0,8,1,0,0,0,M Oliver,7.0,3.8,1.53,6.95,3.98,1.54,7.5,4.2,1.57
20210411-burnley-newcastle-united,ENG Premier League,2020-2021,2021-04-11 12:00:00,2021-04-11 00:00:00,Burnley,Newcastle United,1,2,A,1,0,H,24,10,4,5,13,3,1,0,0,0,A Taylor,2.3,3.1,3.4,2.34,3.12,3.39,2.43,3.25,3.75
20210411-west-ham-united-leicester-city,ENG Premier League,2020-2021,2021-04-11 14:05:00,2021-04-11 00:00:00,West Ham United,Leicester City,3,2,H,2,0,H,4,15,4,5,1,9,3,3,0,0,M Dean,3.0,3.3,2.37,3.01,3.38,2.41,3.15,3.54,2.5
20210411-tottenham-hotspur-manchester-united,ENG Premier League,2020-2021,2021-04-11 16:30:00,2021-04-11 00:00:00,Tottenham Hotspur,Manchester United,1,3,A,1,0,H,12,12,3,7,7,5,1,5,0,0,C Kavanagh,2.87,3.4,2.45,2.87,3.44,2.49,2.98,3.65,2.59
20210411-sheffield-united-arsenal,ENG Premier League,2020-2021,2021-04-11 19:00:00,2021-04-11 00:00:00,Sheffield United,Arsenal,0,3,A,0,1,A,7,14,2,5,2,4,1,1,0,0,P Bankes,6.5,3.75,1.57,6.15,3.97,1.59,6.5,4.1,1.63
20210412-west-bromwich-albion-southampton,ENG Premier League,2020-2021,2021-04-12 18:00:00,2021-04-12 00:00:00,West Bromwich Albion,Southampton,3,0,H,2,0,H,15,14,6,4,5,10,0,1,0,0,S Hooper,3.6,3.3,2.1,3.55,3.28,2.19,3.7,3.58,2.24
20210412-brighton-hove-albion-everton,ENG Premier League,2020-2021,2021-04-12 20:15:00,2021-04-12 00:00:00,Brighton & Hove Albion,Everton,0,0,D,0,0,D,23,8,3,1,10,3,1,2,0,0,D England,2.25,3.3,3.3,2.3,3.26,3.31,2.47,3.42,3.48
20210416-everton-tottenham-hotspur,ENG Premier League,2020-2021,2021-04-16 20:00:00,2021-04-16 00:00:00,Everton,Tottenham Hotspur,2,2,D,1,1,D,18,12,7,3,6,3,1,1,0,0,M Oliver,3.4,3.5,2.1,3.42,3.47,2.17,3.6,3.6,2.24
20210417-newcastle-united-west-ham-united,ENG Premier League,2020-2021,2021-04-17 12:30:00,2021-04-17 00:00:00,Newcastle United,West Ham United,3,2,H,2,0,H,16,16,8,6,3,8,2,0,0,1,K Friend,3.5,3.5,2.05,3.65,3.45,2.08,3.97,3.56,2.15
20210417-wolverhampton-wanderers-sheffield-united,ENG Premier League,2020-2021,2021-04-17 20:15:00,2021-04-17 00:00:00,Wolverhampton Wanderers,Sheffield United,1,0,H,0,0,D,10,8,5,2,3,3,1,2,0,0,R Jones,1.66,3.5,5.75,1.69,3.55,5.81,1.74,3.72,6.15
20210418-arsenal-fulham,ENG Premier League,2020-2021,2021-04-18 13:30:00,2021-04-18 00:00:00,Arsenal,Fulham,1,1,D,0,0,D,18,3,5,1,11,1,0,3,0,0,C Pawson,1.7,3.8,4.8,1.75,3.72,4.91,1.8,3.85,5.25
20210418-manchester-united-burnley,ENG Premier League,2020-2021,2021-04-18 16:00:00,2021-04-18 00:00:00,Manchester United,Burnley,3,1,H,0,0,D,17,10,9,3,8,3,1,2,0,0,J Moss,1.33,5.25,9.0,1.36,5.05,9.25,1.4,5.5,10.5
20210419-leeds-united-liverpool,ENG Premier League,2020-2021,2021-04-19 20:00:00,2021-04-19 00:00:00,Leeds United,Liverpool,1,1,D,0,1,A,12,17,5,7,10,8,2,1,0,0,A Taylor,4.5,4.33,1.66,4.7,4.26,1.68,4.9,4.48,1.73
20210420-chelsea-brighton-hove-albion,ENG Premier League,2020-2021,2021-04-20 20:00:00,2021-04-20 00:00:00,Chelsea,Brighton & Hove Albion,0,0,D,0,0,D,7,11,4,2,0,3,2,0,0,1,S Attwell,1.57,4.0,6.0,1.61,3.85,6.26,1.67,4.0,6.66
20210421-tottenham-hotspur-southampton,ENG Premier League,2020-2021,2021-04-21 18:00:00,2021-04-21 00:00:00,Tottenham Hotspur,Southampton,2,1,H,0,1,A,12,10,3,5,5,5,2,1,0,0,D Coote,1.75,3.8,4.5,1.8,3.79,4.42,1.86,4.04,4.7
20210421-aston-villa-manchester-city,ENG Premier League,2020-2021,2021-04-21 20:15:00,2021-04-21 00:00:00,Aston Villa,Manchester City,1,2,A,1,2,A,8,13,3,3,1,11,0,1,1,1,P Bankes,9.0,4.75,1.36,8.68,4.88,1.38,9.7,5.15,1.42
20210422-leicester-city-west-bromwich-albion,ENG Premier League,2020-2021,2021-04-22 20:00:00,2021-04-22 00:00:00,Leicester City,West Bromwich Albion,3,0,H,3,0,H,17,4,7,1,7,3,0,2,0,0,A Madley,1.53,3.8,6.0,1.59,4.08,5.94,1.63,4.24,6.25
20210423-arsenal-everton,ENG Premier League,2020-2021,2021-04-23 20:00:00,2021-04-23 00:00:00,Arsenal,Everton,0,1,A,0,0,D,14,8,3,1,7,3,1,3,0,0,J Moss,2.0,3.5,3.75,2.06,3.46,3.77,2.13,3.6,3.96
20210424-liverpool-newcastle-united,ENG Premier League,2020-2021,2021-04-24 12:30:00,2021-04-24 00:00:00,Liverpool,Newcastle United,1,1,D,1,0,H,22,7,9,4,6,3,2,1,0,0,A Marriner,1.22,6.5,12.0,1.24,6.38,12.06,1.28,6.75,13.5
20210424-west-ham-united-chelsea,ENG Premier League,2020-2021,2021-04-24 17:30:00,2021-04-24 00:00:00,West Ham United,Chelsea,0,1,A,0,1,A,9,17,2,6,4,2,0,4,1,0,C Kavanagh,4.75,3.6,1.75,4.74,3.75,1.77,5.0,3.9,1.86
20210424-sheffield-united-brighton-hove-albion,ENG Premier League,2020-2021,2021-04-24 20:00:00,2021-04-24 00:00:00,Sheffield United,Brighton & Hove Albion,1,0,H,1,0,H,7,17,3,4,2,12,3,0,0,0,K Friend,5.25,3.4,1.75,5.33,3.56,1.74,5.6,3.77,1.8
20210425-wolverhampton-wanderers-burnley,ENG Premier League,2020-2021,2021-04-25 12:00:00,2021-04-25 00:00:00,Wolverhampton Wanderers,Burnley,0,4,A,0,3,A,12,14,2,7,8,5,1,2,0,0,D England,2.0,3.4,3.9,2.07,3.31,3.88,2.15,3.46,4.05
20210425-leeds-united-manchester-united,ENG Premier League,2020-2021,2021-04-25 14:00:00,2021-04-25 00:00:00,Leeds United,Manchester United,0,0,D,0,0,D,6,16,3,4,2,6,4,1,0,0,C Pawson,4.0,4.2,1.75,4.05,4.05,1.82,4.3,4.25,1.92
20210425-aston-villa-west-bromwich-albion,ENG Premier League,2020-2021,2021-04-25 19:00:00,2021-04-25 00:00:00,Aston Villa,West Bromwich Albion,2,2,D,1,1,D,24,10,11,4,11,4,0,2,0,0,S Attwell,1.85,3.6,4.2,1.88,3.67,4.19,1.93,3.82,4.4
20210426-leicester-city-crystal-palace,ENG Premier League,2020-2021,2021-04-26 20:00:00,2021-04-26 00:00:00,Leicester City,Crystal Palace,2,1,H,0,1,A,13,4,5,2,7,2,0,1,0,0,G Scott,1.4,4.33,8.5,1.47,4.26,7.71,1.5,4.46,8.5
20210430-southampton-leicester-city,ENG Premier League,2020-2021,2021-04-30 20:00:00,2021-04-30 00:00:00,Southampton,Leicester City,1,1,D,0,0,D,5,23,3,9,0,10,1,0,1,0,R Jones,3.8,3.8,1.9,3.82,3.81,1.94,4.0,3.96,2.0
20210501-crystal-palace-manchester-city,ENG Premier League,2020-2021,2021-05-01 12:30:00,2021-05-01 00:00:00,Crystal Palace,Manchester City,0,2,A,0,0,D,9,20,4,3,2,6,2,0,0,0,D Coote,10.0,5.0,1.33,10.1,5.14,1.34,11.0,5.5,1.38
20210501-brighton-hove-albion-leeds-united,ENG Premier League,2020-2021,2021-05-01 15:00:00,2021-05-01 00:00:00,Brighton & Hove Albion,Leeds United,2,0,H,1,0,H,17,11,5,2,2,9,1,1,0,0,C Kavanagh,2.05,3.5,3.5,2.16,3.45,3.43,2.24,3.55,3.59
20210501-chelsea-fulham,ENG Premier League,2020-2021,2021-05-01 17:30:00,2021-05-01 00:00:00,Chelsea,Fulham,2,0,H,1,0,H,9,10,5,3,1,8,1,1,0,0,K Friend,1.44,4.4,7.5,1.48,4.27,7.59,1.53,4.45,8.05
20210501-everton-aston-villa,ENG Premier League,2020-2021,2021-05-01 20:00:00,2021-05-01 00:00:00,Everton,Aston Villa,1,2,A,1,1,D,16,13,3,5,3,6,0,2,0,0,S Hooper,1.95,3.6,3.8,2.02,3.62,3.69,2.09,3.75,4.2
20210502-newcastle-united-arsenal,ENG Premier League,2020-2021,2021-05-02 14:00:00,2021-05-02 00:00:00,Newcastle United,Arsenal,0,2,A,0,1,A,5,19,1,5,3,7,2,1,1,0,M Dean,3.6,3.6,2.0,3.64,3.57,2.05,3.79,3.74,2.13
20210502-tottenham-hotspur-sheffield-united,ENG Premier League,2020-2021,2021-05-02 19:15:00,2021-05-02 00:00:00,Tottenham Hotspur,Sheffield United,4,0,H,1,0,H,20,8,11,1,6,6,1,1,0,0,A Marriner,1.25,6.0,12.0,1.29,5.73,11.16,1.33,6.3,13.0
20210503-west-bromwich-albion-wolverhampton-wanderers,ENG Premier League,2020-2021,2021-05-03 18:00:00,2021-05-03 00:00:00,West Bromwich Albion,Wolverhampton Wanderers,1,1,D,0,1,A,10,20,4,10,5,6,2,0,0,0,P Tierney,2.9,3.2,2.5,2.91,3.19,2.58,3.0,3.3,2.75
20210503-burnley-west-ham-united,ENG Premier League,2020-2021,2021-05-03 20:15:00,2021-05-03 00:00:00,Burnley,West Ham United,1,2,A,1,2,A,8,22,3,4,5,4,2,1,0,0,A Taylor,3.1,3.6,2.2,3.17,3.49,2.26,3.3,3.62,2.4
20210507-leicester-city-newcastle-united,ENG Premier League,2020-2021,2021-05-07 20:00:00,2021-05-07 00:00:00,Leicester City,Newcastle United,2,4,A,0,2,A,25,14,9,6,9,6,1,1,0,0,D England,1.4,4.75,8.0,1.42,4.8,7.83,1.46,5.0,8.5
20210508-leeds-united-tottenham-hotspur,ENG Premier League,2020-2021,2021-05-08 12:30:00,2021-05-08 00:00:00,Leeds United,Tottenham Hotspur,3,1,H,2,1,H,16,11,7,3,8,6,1,2,0,0,M Oliver,3.4,3.8,2.0,3.46,3.8,2.04,3.58,3.93,2.11
20210508-sheffield-united-crystal-palace,ENG Premier League,2020-2021,2021-05-08 15:00:00,2021-05-08 00:00:00,Sheffield United,Crystal Palace,0,2,A,0,1,A,7,21,0,8,5,11,1,1,0,0,S Hooper,3.0,3.2,2.45,2.97,3.25,2.52,3.07,3.36,2.6
20210508-manchester-city-chelsea,ENG Premier League,2020-2021,2021-05-08 17:30:00,2021-05-08 00:00:00,Manchester City,Chelsea,1,2,A,1,0,H,16,12,4,5,6,2,2,0,0,0,A Taylor,1.9,3.4,4.2,1.94,3.45,4.26,1.99,3.65,4.4
20210508-liverpool-southampton,ENG Premier League,2020-2021,2021-05-08 20:15:00,2021-05-08 00:00:00,Liverpool,Southampton,2,0,H,1,0,H,14,12,6,6,8,4,0,1,0,0,K Friend,1.25,6.0,11.0,1.29,5.97,10.14,1.32,6.34,12.0
20210509-wolverhampton-wanderers-brighton-hove-albion,ENG Premier League,2020-2021,2021-05-09 12:00:00,2021-05-09 00:00:00,Wolverhampton Wanderers,Brighton & Hove Albion,2,1,H,0,1,A,16,5,6,3,10,5,2,2,0,2,J Moss,3.3,3.3,2.2,3.35,3.3,2.27,3.5,3.46,2.35
20210509-aston-villa-manchester-united,ENG Premier League,2020-2021,2021-05-09 14:05:00,2021-05-09 00:00:00,Aston Villa,Manchester United,1,3,A,1,0,H,11,18,5,7,5,6,1,1,1,0,C Kavanagh,4.2,3.8,1.8,4.38,3.81,1.82,4.7,3.9,1.87
20210509-west-ham-united-everton,ENG Premier League,2020-2021,2021-05-09 16:30:00,2021-05-09 00:00:00,West Ham United,Everton,0,1,A,0,1,A,11,9,0,3,5,6,2,1,0,0,S Attwell,2.2,3.5,3.2,2.27,3.44,3.22,2.35,3.56,3.36
20210509-arsenal-west-bromwich-albion,ENG Premier League,2020-2021,2021-05-09 19:00:00,2021-05-09 00:00:00,Arsenal,West Bromwich Albion,3,1,H,2,0,H,15,12,7,1,6,6,1,2,0,0,P Bankes,1.44,4.5,7.0,1.47,4.53,7.01,1.54,4.75,7.6
20210510-fulham-burnley,ENG Premier League,2020-2021,2021-05-10 20:00:00,2021-05-10 00:00:00,Fulham,Burnley,0,2,A,0,2,A,21,14,3,5,8,4,2,0,0,0,D Coote,2.2,3.4,3.3,2.21,3.41,3.35,2.29,3.56,3.47
20210511-manchester-united-leicester-city,ENG Premier League,2020-2021,2021-05-11 18:00:00,2021-05-11 00:00:00,Manchester United,Leicester City,1,2,A,1,1,D,4,12,1,3,3,4,0,0,0,0,C Pawson,2.5,3.4,2.8,2.54,3.37,2.88,2.64,3.48,3.0
20210511-southampton-crystal-palace,ENG Premier League,2020-2021,2021-05-11 20:15:00,2021-05-11 00:00:00,Southampton,Crystal Palace,3,1,H,1,1,D,13,11,6,4,12,8,2,3,0,0,A Madley,2.05,3.6,3.5,2.1,3.56,3.56,2.15,3.7,3.75
20210512-chelsea-arsenal,ENG Premier League,2020-2021,2021-05-12 20:15:00,2021-05-12 00:00:00,Chelsea,Arsenal,0,1,A,0,1,A,19,5,5,2,9,1,0,1,0,0,A Marriner,1.65,4.0,5.0,1.73,3.8,5.04,1.81,4.0,5.3
20210513-aston-villa-everton,ENG Premier League,2020-2021,2021-05-13 18:00:00,2021-05-13 00:00:00,Aston Villa,Everton,0,0,D,0,0,D,13,15,2,5,9,1,2,0,0,0,M Atkinson,2.7,3.4,2.6,2.72,3.44,2.61,2.82,3.63,2.75
20210513-manchester-united-liverpool,ENG Premier League,2020-2021,2021-05-13 20:15:00,2021-05-13 00:00:00,Manchester United,Liverpool,2,4,A,1,2,A,18,17,3,8,6,4,3,0,0,0,A Taylor,3.0,3.75,2.2,3.15,3.76,2.18,3.3,3.95,2.25
20210514-newcastle-united-manchester-city,ENG Premier League,2020-2021,2021-05-14 20:00:00,2021-05-14 00:00:00,Newcastle United,Manchester City,3,4,A,2,2,D,11,15,5,6,4,5,2,2,0,0,K Friend,11.0,6.0,1.25,10.52,5.8,1.3,12.0,6.25,1.34
20210515-burnley-leeds-united,ENG Premier League,2020-2021,2021-05-15 12:30:00,2021-05-15 00:00:00,Burnley,Leeds United,0,4,A,0,1,A,16,16,4,6,6,8,1,1,0,0,G Scott,3.2,3.75,2.1,3.14,3.64,2.23,3.27,3.75,2.32
20210515-southampton-fulham,ENG Premier League,2020-2021,2021-05-15 15:00:00,2021-05-15 00:00:00,Southampton,Fulham,3,1,H,1,0,H,11,10,7,3,6,5,0,1,0,0,C Pawson,2.0,3.6,3.6,2.02,3.58,3.73,2.08,3.73,3.94
20210515-brighton-hove-albion-west-ham-united,ENG Premier League,2020-2021,2021-05-15 20:00:00,2021-05-15 00:00:00,Brighton & Hove Albion,West Ham United,1,1,D,0,0,D,10,15,2,3,3,3,1,1,0,0,A Marriner,2.9,3.6,2.3,2.98,3.49,2.39,3.1,3.7,2.48
20210516-crystal-palace-aston-villa,ENG Premier League,2020-2021,2021-05-16 12:00:00,2021-05-16 00:00:00,Crystal Palace,Aston Villa,3,2,H,1,2,A,23,19,8,5,7,7,3,2,0,0,D Coote,3.0,3.6,2.25,3.05,3.5,2.33,3.16,3.62,2.45
20210516-tottenham-hotspur-wolverhampton-wanderers,ENG Premier League,2020-2021,2021-05-16 14:05:00,2021-05-16 00:00:00,Tottenham Hotspur,Wolverhampton Wanderers,2,0,H,1,0,H,24,15,13,3,10,3,1,0,0,0,M Atkinson,1.5,4.33,6.5,1.54,4.28,6.27,1.58,4.45,6.5
20210516-west-bromwich-albion-liverpool,ENG Premier League,2020-2021,2021-05-16 16:30:00,2021-05-16 00:00:00,West Bromwich Albion,Liverpool,1,2,A,1,1,D,10,26,3,6,9,13,0,0,0,0,M Dean,12.0,6.5,1.22,12.37,6.75,1.23,15.0,7.3,1.27
20210516-everton-sheffield-united,ENG Premier League,2020-2021,2021-05-16 19:00:00,2021-05-16 00:00:00,Everton,Sheffield United,0,1,A,0,1,A,16,10,6,3,11,4,1,3,0,0,A Moss,1.36,4.75,8.5,1.4,4.73,8.34,1.46,5.0,9.0
20210518-manchester-united-fulham,ENG Premier League,2020-2021,2021-05-18 18:00:00,2021-05-18 00:00:00,Manchester United,Fulham,1,1,D,1,0,H,13,8,6,5,6,1,2,3,0,0,L Mason,1.28,6.0,9.0,1.32,5.71,9.38,1.35,6.1,10.25
20210518-southampton-leeds-united,ENG Premier League,2020-2021,2021-05-18 18:00:00,2021-05-18 00:00:00,Southampton,Leeds United,0,2,A,0,0,D,18,15,3,7,4,5,0,3,0,0,P Bankes,2.55,3.9,2.5,2.6,3.81,2.54,2.72,3.95,2.63
20210518-brighton-hove-albion-manchester-city,ENG Premier League,2020-2021,2021-05-18 19:00:00,2021-05-18 00:00:00,Brighton & Hove Albion,Manchester City,3,2,H,0,1,A,19,8,6,4,5,3,3,3,0,1,S Attwell,7.0,4.5,1.45,6.93,4.49,1.49,7.5,4.7,1.53
20210518-chelsea-leicester-city,ENG Premier League,2020-2021,2021-05-18 20:15:00,2021-05-18 00:00:00,Chelsea,Leicester City,2,1,H,0,0,D,17,7,6,3,6,5,2,4,0,0,M Dean,1.7,3.75,5.0,1.72,3.71,5.37,1.78,3.82,5.6
20210519-everton-wolverhampton-wanderers,ENG Premier League,2020-2021,2021-05-19 18:00:00,2021-05-19 00:00:00,Everton,Wolverhampton Wanderers,1,0,H,0,0,D,14,9,4,3,7,12,0,2,0,0,A Madley,1.85,3.6,4.2,1.89,3.61,4.25,1.96,3.75,4.5
20210519-newcastle-united-sheffield-united,ENG Premier League,2020-2021,2021-05-19 18:00:00,2021-05-19 00:00:00,Newcastle United,Sheffield United,1,0,H,1,0,H,16,11,5,1,5,2,0,2,0,0,R Jones,1.72,3.8,4.75,1.75,3.83,4.75,1.79,3.96,5.0
20210519-tottenham-hotspur-aston-villa,ENG Premier League,2020-2021,2021-05-19 18:00:00,2021-05-19 00:00:00,Tottenham Hotspur,Aston Villa,1,2,A,1,2,A,10,20,4,4,4,5,1,1,0,0,C Pawson,1.5,4.5,6.0,1.53,4.65,5.85,1.58,4.9,6.2
20210519-crystal-palace-arsenal,ENG Premier League,2020-2021,2021-05-19 19:00:00,2021-05-19 00:00:00,Crystal Palace,Arsenal,1,3,A,0,1,A,12,6,6,3,6,7,2,1,0,0,A Taylor,6.0,4.5,1.5,6.14,4.41,1.53,6.5,4.64,1.58
20210519-burnley-liverpool,ENG Premier League,2020-2021,2021-05-19 20:15:00,2021-05-19 00:00:00,Burnley,Liverpool,0,3,A,0,1,A,10,20,4,3,6,7,0,0,0,0,C Kavanagh,11.0,7.0,1.22,10.82,6.67,1.25,12.0,7.0,1.28
20210519-west-bromwich-albion-west-ham-united,ENG Premier League,2020-2021,2021-05-19 20:15:00,2021-05-19 00:00:00,West Bromwich Albion,West Ham United,1,3,A,1,1,D,14,21,4,9,6,8,2,2,0,0,M Oliver,5.0,4.33,1.6,5.26,4.25,1.62,5.5,4.48,1.67
20210523-arsenal-brighton-hove-albion,ENG Premier League,2020-2021,2021-05-23 16:00:00,2021-05-23 00:00:00,Arsenal,Brighton & Hove Albion,2,0,H,0,0,D,16,5,5,1,11,3,0,0,0,0,J Moss,1.57,4.33,5.25,1.62,4.29,5.23,1.67,4.5,5.5
20210523-aston-villa-chelsea,ENG Premier League,2020-2021,2021-05-23 16:00:00,2021-05-23 00:00:00,Aston Villa,Chelsea,2,1,H,1,0,H,6,23,3,7,2,9,3,3,0,1,S Attwell,6.5,4.6,1.45,6.62,4.56,1.49,7.0,4.78,1.52
20210523-fulham-newcastle-united,ENG Premier League,2020-2021,2021-05-23 16:00:00,2021-05-23 00:00:00,Fulham,Newcastle United,0,2,A,0,1,A,14,10,0,4,5,4,1,0,0,0,C Kavanagh,2.05,3.8,3.3,2.09,3.81,3.32,2.21,3.97,3.45
20210523-leeds-united-west-bromwich-albion,ENG Premier League,2020-2021,2021-05-23 16:00:00,2021-05-23 00:00:00,Leeds United,West Bromwich Albion,3,1,H,2,0,H,17,14,9,5,8,3,2,1,0,0,D Coote,1.4,5.25,6.5,1.44,5.18,6.51,1.49,5.5,7.0
20210523-leicester-city-tottenham-hotspur,ENG Premier League,2020-2021,2021-05-23 16:00:00,2021-05-23 00:00:00,Leicester City,Tottenham Hotspur,2,4,A,1,1,D,10,11,6,4,8,7,0,2,0,0,A Taylor,2.0,4.0,3.3,2.04,4.02,3.33,2.11,4.2,3.5
20210523-liverpool-crystal-palace,ENG Premier League,2020-2021,2021-05-23 16:00:00,2021-05-23 00:00:00,Liverpool,Crystal Palace,2,0,H,1,0,H,19,5,5,4,14,1,2,2,0,0,C Pawson,1.14,8.5,15.0,1.16,8.28,17.35,1.19,9.0,20.0
20210523-manchester-city-everton,ENG Premier League,2020-2021,2021-05-23 16:00:00,2021-05-23 00:00:00,Manchester City,Everton,5,0,H,2,0,H,21,8,11,3,7,5,2,2,0,0,M Oliver,1.44,5.0,6.5,1.44,4.94,6.83,1.48,5.25,7.4
20210523-sheffield-united-burnley,ENG Premier League,2020-2021,2021-05-23 16:00:00,2021-05-23 00:00:00,Sheffield United,Burnley,1,0,H,1,0,H,12,10,3,3,8,9,3,1,0,0,K Friend,2.8,3.6,2.4,2.84,3.63,2.41,2.9,3.76,2.48
20210523-west-ham-united-southampton,ENG Premier League,2020-2021,2021-05-23 16:00:00,2021-05-23 00:00:00,West Ham United,Southampton,3,0,H,2,0,H,14,17,7,5,2,3,0,3,0,0,M Atkinson,1.65,4.0,5.0,1.72,4.0,4.76,1.76,4.18,5.04
20210523-wolverhampton-wanderers-manchester-united,ENG Premier League,2020-2021,2021-05-23 16:00:00,2021-05-23 00:00:00,Wolverhampton Wanderers,Manchester United,1,2,A,1,2,A,14,9,4,4,6,2,4,1,0,0,M Dean,2.5,3.5,2.7,2.53,3.63,2.69,2.63,3.78,2.81
20210813-brentford-arsenal,ENG Premier League,2021-2022,2021-08-13 20:00:00,2021-08-13 00:00:00,Brentford,Arsenal,2,0,H,1,0,H,8,22,3,4,2,5,0,0,0,0,M Oliver,4.0,3.4,1.95,4.02,3.43,2.02,4.62,3.72,2.1
20210814-manchester-united-leeds-united,ENG Premier League,2021-2022,2021-08-14 12:30:00,2021-08-14 00:00:00,Manchester United,Leeds United,5,1,H,1,0,H,16,10,8,3,5,4,1,2,0,0,P Tierney,1.53,4.5,5.75,1.55,4.48,5.87,1.59,4.65,6.35
20210814-burnley-brighton-hove-albion,ENG Premier League,2021-2022,2021-08-14 15:00:00,2021-08-14 00:00:00,Burnley,Brighton & Hove Albion,1,2,A,1,0,H,14,14,3,8,7,6,2,1,0,0,D Coote,3.1,3.1,2.45,3.19,3.09,2.49,3.33,3.2,2.6
20210814-chelsea-crystal-palace,ENG Premier League,2021-2022,2021-08-14 15:00:00,2021-08-14 00:00:00,Chelsea,Crystal Palace,3,0,H,2,0,H,13,4,6,1,5,2,0,0,0,0,J Moss,1.25,5.75,13.0,1.26,5.92,12.8,1.3,6.3,15.0
20210814-everton-southampton,ENG Premier League,2021-2022,2021-08-14 15:00:00,2021-08-14 00:00:00,Everton,Southampton,3,1,H,0,1,A,14,6,6,3,6,8,2,0,0,0,A Madley,1.9,3.5,4.0,1.97,3.53,4.04,2.04,3.66,4.25
20210814-leicester-city-wolverhampton-wanderers,ENG Premier League,2021-2022,2021-08-14 15:00:00,2021-08-14 00:00:00,Leicester City,Wolverhampton Wanderers,1,0,H,1,0,H,9,17,5,3,5,4,1,2,0,0,C Pawson,1.66,3.8,5.25,1.71,3.75,5.32,1.75,3.96,5.6
20210814-watford-aston-villa,ENG Premier League,2021-2022,2021-08-14 15:00:00,2021-08-14 00:00:00,Watford,Aston Villa,3,2,H,2,0,H,13,11,7,2,2,4,3,1,0,0,M Dean,3.1,3.2,2.37,3.14,3.26,2.41,3.3,3.4,2.5
20210814-norwich-city-liverpool,ENG Premier League,2021-2022,2021-08-14 17:30:00,2021-08-14 00:00:00,Norwich City,Liverpool,0,3,A,0,1,A,14,19,3,8,3,11,1,1,0,0,A Marriner,9.0,5.75,1.3,8.78,5.71,1.33,9.9,6.0,1.37
20210815-newcastle-united-west-ham-united,ENG Premier League,2021-2022,2021-08-15 14:00:00,2021-08-15 00:00:00,Newcastle United,West Ham United,2,4,A,2,1,H,17,8,3,9,7,6,1,0,0,0,M Atkinson,3.2,3.5,2.2,3.2,3.51,2.26,3.36,3.61,2.36
20210815-tottenham-hotspur-manchester-city,ENG Premier League,2021-2022,2021-08-15 16:30:00,2021-08-15 00:00:00,Tottenham Hotspur,Manchester City,1,0,H,0,0,D,13,18,3,4,3,11,2,1,0,0,A Taylor,5.5,4.2,1.6,5.49,4.1,1.64,5.85,4.3,1.68
20210821-liverpool-burnley,ENG Premier League,2021-2022,2021-08-21 12:30:00,2021-08-21 00:00:00,Liverpool,Burnley,2,0,H,1,0,H,27,9,9,3,8,4,0,0,0,0,M Dean,1.18,7.5,13.0,1.21,6.97,14.41,1.24,7.5,17.0
20210821-aston-villa-newcastle-united,ENG Premier League,2021-2022,2021-08-21 15:00:00,2021-08-21 00:00:00,Aston Villa,Newcastle United,2,0,H,1,0,H,10,9,2,1,3,4,3,4,0,0,D Coote,1.8,3.75,4.33,1.82,3.92,4.25,1.87,4.2,4.5
20210821-crystal-palace-brentford,ENG Premier League,2021-2022,2021-08-21 15:00:00,2021-08-21 00:00:00,Crystal Palace,Brentford,0,0,D,0,0,D,7,14,2,3,3,5,3,1,0,0,M Atkinson,2.55,3.2,2.87,2.61,3.18,2.9,2.7,3.3,3.02
20210821-leeds-united-everton,ENG Premier League,2021-2022,2021-08-21 15:00:00,2021-08-21 00:00:00,Leeds United,Everton,2,2,D,1,1,D,17,17,4,8,8,5,2,4,0,0,D England,2.37,3.4,3.0,2.37,3.47,3.03,2.45,3.6,3.19
20210821-manchester-city-norwich-city,ENG Premier League,2021-2022,2021-08-21 15:00:00,2021-08-21 00:00:00,Manchester City,Norwich City,5,0,H,2,0,H,16,1,4,0,6,1,1,0,0,0,G Scott,1.08,11.0,26.0,1.11,10.58,25.64,1.13,12.5,33.0
20210821-brighton-hove-albion-watford,ENG Premier League,2021-2022,2021-08-21 17:30:00,2021-08-21 00:00:00,Brighton & Hove Albion,Watford,2,0,H,2,0,H,13,10,3,1,7,2,4,0,0,0,A Taylor,1.7,3.5,5.75,1.74,3.52,5.53,1.8,3.6,5.9
20210822-southampton-manchester-united,ENG Premier League,2021-2022,2021-08-22 14:00:00,2021-08-22 00:00:00,Southampton,Manchester United,1,1,D,1,0,H,8,15,3,4,7,7,2,3,0,0,C Pawson,5.5,4.2,1.57,5.36,4.26,1.61,5.75,4.42,1.66
20210822-wolverhampton-wanderers-tottenham-hotspur,ENG Premier League,2021-2022,2021-08-22 14:00:00,2021-08-22 00:00:00,Wolverhampton Wanderers,Tottenham Hotspur,0,1,A,0,1,A,25,8,6,6,5,4,1,4,0,0,S Attwell,3.2,3.2,2.35,3.2,3.15,2.43,3.42,3.29,2.55
20210822-arsenal-chelsea,ENG Premier League,2021-2022,2021-08-22 16:30:00,2021-08-22 00:00:00,Arsenal,Chelsea,0,2,A,0,2,A,6,22,3,5,9,8,3,0,0,0,P Tierney,4.75,3.75,1.72,4.76,3.74,1.78,5.0,3.9,1.83
20210823-west-ham-united-leicester-city,ENG Premier League,2021-2022,2021-08-23 20:00:00,2021-08-23 00:00:00,West Ham United,Leicester City,4,1,H,1,0,H,13,5,7,1,10,0,0,1,0,1,M Oliver,2.5,3.5,2.75,2.58,3.44,2.75,2.66,3.55,2.87
20210828-manchester-city-arsenal,ENG Premier League,2021-2022,2021-08-28 12:30:00,2021-08-28 00:00:00,Manchester City,Arsenal,5,0,H,3,0,H,25,1,10,0,14,0,1,2,0,1,M Atkinson,1.25,6.0,12.0,1.26,6.16,11.99,1.3,6.6,13.7
20210828-aston-villa-brentford,ENG Premier League,2021-2022,2021-08-28 15:00:00,2021-08-28 00:00:00,Aston Villa,Brentford,1,1,D,1,1,D,7,9,5,2,3,2,3,3,0,0,P Bankes,1.95,3.6,3.8,2.0,3.57,3.84,2.06,3.74,4.0
20210828-brighton-hove-albion-everton,ENG Premier League,2021-2022,2021-08-28 15:00:00,2021-08-28 00:00:00,Brighton & Hove Albion,Everton,0,2,A,0,1,A,14,14,3,5,4,5,1,2,0,0,J Moss,2.3,3.2,3.3,2.35,3.25,3.27,2.42,3.39,3.42
20210828-newcastle-united-southampton,ENG Premier League,2021-2022,2021-08-28 15:00:00,2021-08-28 00:00:00,Newcastle United,Southampton,2,2,D,0,0,D,10,22,5,6,4,4,3,3,0,0,P Tierney,2.5,3.4,2.8,2.52,3.47,2.82,2.6,3.77,2.94
20210828-norwich-city-leicester-city,ENG Premier League,2021-2022,2021-08-28 15:00:00,2021-08-28 00:00:00,Norwich City,Leicester City,1,2,A,1,1,D,14,9,4,3,9,9,2,1,0,0,R Jones,4.5,3.5,1.85,4.34,3.55,1.9,4.7,3.7,1.97
20210828-west-ham-united-crystal-palace,ENG Premier League,2021-2022,2021-08-28 15:00:00,2021-08-28 00:00:00,West Ham United,Crystal Palace,2,2,D,1,0,H,14,9,4,2,5,3,1,0,0,0,S Attwell,1.55,4.0,6.5,1.58,4.02,6.29,1.63,4.15,6.7
20210828-liverpool-chelsea,ENG Premier League,2021-2022,2021-08-28 17:30:00,2021-08-28 00:00:00,Liverpool,Chelsea,1,1,D,1,1,D,24,6,7,3,12,3,0,2,0,1,A Taylor,2.45,3.3,2.9,2.5,3.33,2.95,2.6,3.51,3.08
20210829-burnley-leeds-united,ENG Premier League,2021-2022,2021-08-29 14:00:00,2021-08-29 00:00:00,Burnley,Leeds United,1,1,D,0,0,D,12,12,3,2,5,5,4,3,0,0,M Oliver,3.1,3.5,2.25,3.07,3.51,2.33,3.17,3.71,2.42
20210829-tottenham-hotspur-watford,ENG Premier League,2021-2022,2021-08-29 14:00:00,2021-08-29 00:00:00,Tottenham Hotspur,Watford,1,0,H,1,0,H,15,9,8,2,10,3,3,3,0,0,A Marriner,1.36,4.75,9.0,1.44,4.48,8.42,1.48,4.75,9.1
20210829-wolverhampton-wanderers-manchester-united,ENG Premier League,2021-2022,2021-08-29 16:30:00,2021-08-29 00:00:00,Wolverhampton Wanderers,Manchester United,0,1,A,0,0,D,15,10,6,3,5,7,3,4,0,0,M Dean,5.0,3.5,1.75,4.91,3.48,1.82,5.2,3.65,1.91
20210911-crystal-palace-tottenham-hotspur,ENG Premier League,2021-2022,2021-09-11 12:30:00,2021-09-11 00:00:00,Crystal Palace,Tottenham Hotspur,3,0,H,0,0,D,18,2,4,1,8,2,2,1,0,1,J Moss,4.2,3.5,1.9,4.25,3.44,1.95,4.63,3.56,2.0
20210911-arsenal-norwich-city,ENG Premier League,2021-2022,2021-09-11 15:00:00,2021-09-11 00:00:00,Arsenal,Norwich City,1,0,H,0,0,D,30,10,7,1,8,4,1,2,0,0,M Oliver,1.5,4.6,6.0,1.52,4.48,6.4,1.55,4.6,6.95
20210911-brentford-brighton-hove-albion,ENG Premier League,2021-2022,2021-09-11 15:00:00,2021-09-11 00:00:00,Brentford,Brighton & Hove Albion,0,1,A,0,0,D,7,4,1,2,1,6,3,2,0,0,G Scott,2.8,3.2,2.62,2.86,3.14,2.69,2.99,3.26,2.78
20210911-leicester-city-manchester-city,ENG Premier League,2021-2022,2021-09-11 15:00:00,2021-09-11 00:00:00,Leicester City,Manchester City,0,1,A,0,0,D,6,25,1,8,5,8,1,2,0,0,P Tierney,6.0,4.0,1.57,5.7,4.22,1.6,6.15,4.5,1.63
20210911-manchester-united-newcastle-united,ENG Premier League,2021-2022,2021-09-11 15:00:00,2021-09-11 00:00:00,Manchester United,Newcastle United,4,1,H,1,0,H,21,12,7,3,7,3,1,0,0,0,A Taylor,1.18,7.5,15.0,1.2,7.27,14.77,1.24,7.8,17.0
20210911-southampton-west-ham-united,ENG Premier League,2021-2022,2021-09-11 15:00:00,2021-09-11 00:00:00,Southampton,West Ham United,0,0,D,0,0,D,11,13,3,3,5,4,3,1,0,1,D Coote,2.9,3.5,2.4,2.89,3.46,2.47,2.98,3.56,2.57
20210911-watford-wolverhampton-wanderers,ENG Premier League,2021-2022,2021-09-11 15:00:00,2021-09-11 00:00:00,Watford,Wolverhampton Wanderers,0,2,A,0,0,D,6,14,2,5,6,8,3,3,0,0,P Bankes,3.4,3.2,2.25,3.36,3.19,2.33,3.48,3.28,2.38
20210911-chelsea-aston-villa,ENG Premier League,2021-2022,2021-09-11 17:30:00,2021-09-11 00:00:00,Chelsea,Aston Villa,3,0,H,1,0,H,12,18,4,6,4,11,1,4,0,0,S Attwell,1.28,5.5,11.0,1.3,5.46,11.28,1.33,5.75,12.94
20210912-leeds-united-liverpool,ENG Premier League,2021-2022,2021-09-12 16:30:00,2021-09-12 00:00:00,Leeds United,Liverpool,0,3,A,0,1,A,9,30,4,9,2,11,2,1,1,0,C Pawson,4.33,4.0,1.75,4.34,4.05,1.78,4.7,4.2,1.83
20210913-everton-burnley,ENG Premier League,2021-2022,2021-09-13 20:00:00,2021-09-13 00:00:00,Everton,Burnley,3,1,H,0,0,D,14,11,6,6,4,6,1,1,0,0,M Atkinson,1.7,3.75,5.0,1.75,3.71,5.01,1.8,3.83,5.4
20210917-newcastle-united-leeds-united,ENG Premier League,2021-2022,2021-09-17 20:00:00,2021-09-17 00:00:00,Newcastle United,Leeds United,1,1,D,1,1,D,17,22,7,9,4,5,2,2,0,0,M Dean,3.0,3.6,2.3,3.01,3.62,2.33,3.15,3.75,2.42
20210918-wolverhampton-wanderers-brentford,ENG Premier League,2021-2022,2021-09-18 12:30:00,2021-09-18 00:00:00,Wolverhampton Wanderers,Brentford,0,2,A,0,2,A,11,9,0,3,4,2,4,2,0,1,D England,1.83,3.25,5.0,1.9,3.27,4.83,1.95,3.35,5.0
20210918-burnley-arsenal,ENG Premier League,2021-2022,2021-09-18 15:00:00,2021-09-18 00:00:00,Burnley,Arsenal,0,1,A,0,1,A,18,13,3,3,8,3,2,1,0,0,A Taylor,3.8,3.6,1.95,3.82,3.5,2.03,4.0,3.66,2.1
20210918-liverpool-crystal-palace,ENG Premier League,2021-2022,2021-09-18 15:00:00,2021-09-18 00:00:00,Liverpool,Crystal Palace,3,0,H,1,0,H,25,13,10,2,10,5,3,1,0,0,A Madley,1.2,7.0,13.0,1.22,6.84,14.04,1.25,7.3,17.0
20210918-manchester-city-southampton,ENG Premier League,2021-2022,2021-09-18 15:00:00,2021-09-18 00:00:00,Manchester City,Southampton,0,0,D,0,0,D,18,10,1,2,8,5,0,2,0,0,J Moss,1.12,9.5,17.0,1.15,8.46,18.55,1.19,9.5,21.0
20210918-norwich-city-watford,ENG Premier League,2021-2022,2021-09-18 15:00:00,2021-09-18 00:00:00,Norwich City,Watford,1,3,A,1,1,D,12,12,5,8,4,8,1,1,0,0,R Jones,2.15,3.3,3.5,2.18,3.39,3.47,2.28,3.52,3.6
20210918-aston-villa-everton,ENG Premier League,2021-2022,2021-09-18 17:30:00,2021-09-18 00:00:00,Aston Villa,Everton,3,0,H,0,0,D,15,11,3,1,5,4,1,1,0,0,C Pawson,2.4,3.3,3.0,2.4,3.36,3.06,2.5,3.51,3.19
20210919-brighton-hove-albion-leicester-city,ENG Premier League,2021-2022,2021-09-19 14:00:00,2021-09-19 00:00:00,Brighton & Hove Albion,Leicester City,2,1,H,1,0,H,12,14,5,3,4,9,2,1,0,0,S Attwell,2.7,3.2,2.75,2.75,3.23,2.73,2.88,3.42,2.85
20210919-west-ham-united-manchester-united,ENG Premier League,2021-2022,2021-09-19 14:00:00,2021-09-19 00:00:00,West Ham United,Manchester United,1,2,A,1,1,D,13,17,4,10,2,11,0,0,0,0,M Atkinson,4.33,4.0,1.75,4.51,3.9,1.78,4.84,4.05,1.83
20210919-tottenham-hotspur-chelsea,ENG Premier League,2021-2022,2021-09-19 16:30:00,2021-09-19 00:00:00,Tottenham Hotspur,Chelsea,0,3,A,0,0,D,8,20,2,10,5,11,0,1,0,0,P Tierney,5.0,3.8,1.7,4.89,3.83,1.74,5.1,4.05,1.81
20210925-chelsea-manchester-city,ENG Premier League,2021-2022,2021-09-25 12:30:00,2021-09-25 00:00:00,Chelsea,Manchester City,0,1,A,0,0,D,5,15,0,4,4,13,3,2,0,0,M Oliver,2.62,3.2,2.75,2.66,3.26,2.79,2.78,3.36,2.9
20210925-manchester-united-aston-villa,ENG Premier League,2021-2022,2021-09-25 12:30:00,2021-09-25 00:00:00,Manchester United,Aston Villa,0,1,A,0,0,D,28,7,4,3,5,5,2,2,0,0,M Dean,1.36,5.25,8.0,1.4,5.08,7.84,1.43,5.5,8.5
20210925-everton-norwich-city,ENG Premier League,2021-2022,2021-09-25 15:00:00,2021-09-25 00:00:00,Everton,Norwich City,2,0,H,1,0,H,11,10,4,2,6,4,2,3,0,0,D Coote,1.61,3.8,5.75,1.63,3.86,5.96,1.68,4.0,6.5
20210925-leeds-united-west-ham-united,ENG Premier League,2021-2022,2021-09-25 15:00:00,2021-09-25 00:00:00,Leeds United,West Ham United,1,2,A,1,0,H,15,20,5,7,5,7,3,2,0,0,K Friend,3.0,3.6,2.25,3.04,3.67,2.29,3.18,3.75,2.4
20210925-leicester-city-burnley,ENG Premier League,2021-2022,2021-09-25 15:00:00,2021-09-25 00:00:00,Leicester City,Burnley,2,2,D,1,2,A,22,9,5,3,8,4,2,4,0,0,C Kavanagh,1.57,4.0,6.0,1.59,4.05,6.12,1.64,4.25,6.5
20210925-watford-newcastle-united,ENG Premier League,2021-2022,2021-09-25 15:00:00,2021-09-25 00:00:00,Watford,Newcastle United,1,1,D,0,1,A,15,20,4,6,5,6,4,3,0,0,J Gillett,2.2,3.4,3.3,2.27,3.37,3.32,2.35,3.5,3.47
20210925-brentford-liverpool,ENG Premier League,2021-2022,2021-09-25 17:30:00,2021-09-25 00:00:00,Brentford,Liverpool,3,3,D,1,1,D,12,16,4,6,2,11,1,1,0,0,S Attwell,7.0,4.5,1.45,6.96,4.48,1.49,7.5,4.65,1.53
20210926-southampton-wolverhampton-wanderers,ENG Premier League,2021-2022,2021-09-26 14:00:00,2021-09-26 00:00:00,Southampton,Wolverhampton Wanderers,0,1,A,0,0,D,18,5,6,3,5,5,0,0,0,0,A Madley,2.62,3.2,2.8,2.65,3.24,2.83,2.78,3.38,2.92
20210926-arsenal-tottenham-hotspur,ENG Premier League,2021-2022,2021-09-26 16:30:00,2021-09-26 00:00:00,Arsenal,Tottenham Hotspur,3,1,H,3,0,H,12,10,7,4,4,4,2,1,0,0,C Pawson,2.15,3.3,3.5,2.28,3.31,3.35,2.38,3.5,3.55
20210927-crystal-palace-brighton-hove-albion,ENG Premier League,2021-2022,2021-09-27 20:00:00,2021-09-27 00:00:00,Crystal Palace,Brighton & Hove Albion,1,1,D,1,0,H,8,8,3,4,6,5,2,3,0,0,A Marriner,3.1,3.2,2.45,3.04,3.15,2.54,3.16,3.25,2.67
20211002-manchester-united-everton,ENG Premier League,2021-2022,2021-10-02 12:30:00,2021-10-02 00:00:00,Manchester United,Everton,1,1,D,1,0,H,13,12,6,2,10,1,1,1,0,0,M Oliver,1.45,4.33,7.5,1.5,4.38,7.08,1.54,4.55,7.59
20211002-burnley-norwich-city,ENG Premier League,2021-2022,2021-10-02 15:00:00,2021-10-02 00:00:00,Burnley,Norwich City,0,0,D,0,0,D,14,10,4,2,9,5,5,2,0,0,K Friend,1.85,3.6,4.33,1.88,3.61,4.33,1.94,3.71,4.54
20211002-chelsea-southampton,ENG Premier League,2021-2022,2021-10-02 15:00:00,2021-10-02 00:00:00,Chelsea,Southampton,3,1,H,1,0,H,20,6,9,2,7,2,1,3,0,1,M Atkinson,1.36,4.75,9.0,1.38,4.9,8.92,1.42,5.13,10.0
20211002-leeds-united-watford,ENG Premier League,2021-2022,2021-10-02 15:00:00,2021-10-02 00:00:00,Leeds United,Watford,1,0,H,1,0,H,20,5,4,1,6,3,0,3,0,0,S Hooper,1.7,4.0,4.75,1.76,3.9,4.63,1.83,4.13,4.9
20211002-wolverhampton-wanderers-newcastle-united,ENG Premier League,2021-2022,2021-10-02 15:00:00,2021-10-02 00:00:00,Wolverhampton Wanderers,Newcastle United,2,1,H,1,1,D,7,8,3,2,0,4,0,2,0,0,G Scott,1.61,4.2,5.25,1.69,4.0,5.02,1.75,4.2,5.5
20211002-brighton-hove-albion-arsenal,ENG Premier League,2021-2022,2021-10-02 17:30:00,2021-10-02 00:00:00,Brighton & Hove Albion,Arsenal,0,0,D,0,0,D,21,8,2,2,8,5,2,1,0,0,J Moss,3.0,3.25,2.4,3.05,3.22,2.5,3.2,3.34,2.6
20211003-crystal-palace-leicester-city,ENG Premier League,2021-2022,2021-10-03 14:00:00,2021-10-03 00:00:00,Crystal Palace,Leicester City,2,2,D,0,2,A,18,9,4,5,1,3,2,3,0,0,A Taylor,3.1,3.4,2.3,3.11,3.41,2.36,3.2,3.52,2.44
20211003-tottenham-hotspur-aston-villa,ENG Premier League,2021-2022,2021-10-03 14:00:00,2021-10-03 00:00:00,Tottenham Hotspur,Aston Villa,2,1,H,1,0,H,17,14,8,3,5,8,2,1,0,0,C Kavanagh,2.1,3.6,3.4,2.12,3.53,3.5,2.2,3.65,3.66
20211003-west-ham-united-brentford,ENG Premier League,2021-2022,2021-10-03 14:00:00,2021-10-03 00:00:00,West Ham United,Brentford,1,2,A,0,1,A,18,13,5,6,11,6,2,3,0,0,P Bankes,1.75,3.75,4.75,1.82,3.62,4.67,1.86,3.85,4.9
20211003-liverpool-manchester-city,ENG Premier League,2021-2022,2021-10-03 16:30:00,2021-10-03 00:00:00,Liverpool,Manchester City,2,2,D,0,0,D,6,12,4,3,3,4,3,3,0,0,P Tierney,2.87,3.5,2.4,2.9,3.53,2.43,3.0,3.75,2.52
20211016-watford-liverpool,ENG Premier League,2021-2022,2021-10-16 12:30:00,2021-10-16 00:00:00,Watford,Liverpool,0,5,A,0,2,A,6,19,2,8,1,9,0,0,0,0,J Moss,8.5,5.5,1.33,8.67,5.33,1.36,9.5,5.75,1.39
20211016-aston-villa-wolverhampton-wanderers,ENG Premier League,2021-2022,2021-10-16 15:00:00,2021-10-16 00:00:00,Aston Villa,Wolverhampton Wanderers,2,3,A,0,0,D,14,9,5,4,6,7,2,3,0,0,M Oliver,2.15,3.25,3.5,2.25,3.28,3.42,2.36,3.4,3.56
20211016-leicester-city-manchester-united,ENG Premier League,2021-2022,2021-10-16 15:00:00,2021-10-16 00:00:00,Leicester City,Manchester United,4,2,H,1,1,D,22,18,11,6,4,3,0,3,0,0,C Pawson,3.5,3.6,2.05,3.49,3.59,2.1,3.72,3.7,2.18
20211016-manchester-city-burnley,ENG Premier League,2021-2022,2021-10-16 15:00:00,2021-10-16 00:00:00,Manchester City,Burnley,2,0,H,1,0,H,15,7,6,2,6,2,1,0,0,0,M Atkinson,1.12,9.0,19.0,1.12,9.47,22.12,1.14,10.5,29.0
20211016-norwich-city-brighton-hove-albion,ENG Premier League,2021-2022,2021-10-16 15:00:00,2021-10-16 00:00:00,Norwich City,Brighton & Hove Albion,0,0,D,0,0,D,15,11,3,3,8,4,3,5,0,0,P Bankes,3.6,3.4,2.1,3.67,3.34,2.13,3.86,3.41,2.21
20211016-southampton-leeds-united,ENG Premier League,2021-2022,2021-10-16 15:00:00,2021-10-16 00:00:00,Southampton,Leeds United,1,0,H,0,0,D,19,3,5,0,8,1,2,3,0,0,D Coote,2.3,3.5,3.0,2.4,3.52,2.93,2.48,3.77,3.07
20211016-brentford-chelsea,ENG Premier League,2021-2022,2021-10-16 17:30:00,2021-10-16 00:00:00,Brentford,Chelsea,0,1,A,0,1,A,17,5,7,1,5,5,1,1,0,0,A Taylor,6.5,3.8,1.57,6.37,3.84,1.6,6.75,4.0,1.66
20211017-everton-west-ham-united,ENG Premier League,2021-2022,2021-10-17 14:00:00,2021-10-17 00:00:00,Everton,West Ham United,0,1,A,0,0,D,15,16,2,4,7,9,0,2,0,0,S Attwell,2.5,3.4,2.8,2.52,3.35,2.89,2.64,3.58,3.02
20211017-newcastle-united-tottenham-hotspur,ENG Premier League,2021-2022,2021-10-17 16:30:00,2021-10-17 00:00:00,Newcastle United,Tottenham Hotspur,2,3,A,1,3,A,7,14,1,4,2,9,4,1,1,0,A Marriner,3.5,3.6,2.05,3.51,3.58,2.09,3.84,3.75,2.15
20211018-arsenal-crystal-palace,ENG Premier League,2021-2022,2021-10-18 20:00:00,2021-10-18 00:00:00,Arsenal,Crystal Palace,2,2,D,1,0,H,17,9,6,6,6,4,1,1,0,0,M Dean,1.6,3.8,6.0,1.65,3.87,5.65,1.7,4.1,6.13
20211022-arsenal-aston-villa,ENG Premier League,2021-2022,2021-10-22 20:00:00,2021-10-22 00:00:00,Arsenal,Aston Villa,3,1,H,2,0,H,22,10,9,4,7,4,2,5,0,0,C Pawson,1.83,3.75,4.2,1.91,3.73,4.05,2.09,3.9,4.3
20211023-chelsea-norwich-city,ENG Premier League,2021-2022,2021-10-23 12:30:00,2021-10-23 00:00:00,Chelsea,Norwich City,7,0,H,3,0,H,23,3,13,1,5,0,0,2,0,1,A Madley,1.18,7.0,15.0,1.19,7.07,17.21,1.22,7.75,20.0
20211023-crystal-palace-newcastle-united,ENG Premier League,2021-2022,2021-10-23 15:00:00,2021-10-23 00:00:00,Crystal Palace,Newcastle United,1,1,D,0,0,D,15,6,3,2,3,7,3,4,0,0,D England,1.9,3.6,4.0,1.97,3.61,3.88,2.05,3.78,4.05
20211023-everton-watford,ENG Premier League,2021-2022,2021-10-23 15:00:00,2021-10-23 00:00:00,Everton,Watford,2,5,A,1,1,D,15,20,4,8,3,5,4,3,0,0,G Scott,1.65,3.8,5.5,1.67,3.86,5.49,1.72,4.08,5.79
20211023-leeds-united-wolverhampton-wanderers,ENG Premier League,2021-2022,2021-10-23 15:00:00,2021-10-23 00:00:00,Leeds United,Wolverhampton Wanderers,1,1,D,0,1,A,18,8,4,4,6,3,2,3,0,0,R Jones,2.4,3.4,2.87,2.57,3.37,2.79,2.68,3.52,2.98
20211023-southampton-burnley,ENG Premier League,2021-2022,2021-10-23 15:00:00,2021-10-23 00:00:00,Southampton,Burnley,2,2,D,1,1,D,16,9,4,5,6,2,1,3,0,0,C Kavanagh,1.95,3.5,3.9,2.0,3.54,3.87,2.08,3.68,4.1
20211023-brighton-hove-albion-manchester-city,ENG Premier League,2021-2022,2021-10-23 17:30:00,2021-10-23 00:00:00,Brighton & Hove Albion,Manchester City,1,4,A,0,3,A,10,23,5,14,7,6,2,3,0,0,K Friend,8.0,4.75,1.4,7.71,4.77,1.42,8.5,5.0,1.46
20211024-brentford-leicester-city,ENG Premier League,2021-2022,2021-10-24 14:00:00,2021-10-24 00:00:00,Brentford,Leicester City,1,2,A,0,1,A,15,10,5,6,9,2,1,1,0,0,S Hooper,2.62,3.3,2.7,2.63,3.39,2.72,2.75,3.6,2.83
20211024-west-ham-united-tottenham-hotspur,ENG Premier League,2021-2022,2021-10-24 14:00:00,2021-10-24 00:00:00,West Ham United,Tottenham Hotspur,1,0,H,0,0,D,13,7,4,4,2,4,2,1,0,0,P Tierney,2.3,3.5,3.0,2.35,3.49,3.01,2.48,3.62,3.23
20211024-manchester-united-liverpool,ENG Premier League,2021-2022,2021-10-24 16:30:00,2021-10-24 00:00:00,Manchester United,Liverpool,0,5,A,0,4,A,12,19,4,8,6,3,6,0,1,0,A Taylor,3.1,3.6,2.2,3.06,3.66,2.27,3.25,3.81,2.38
20211030-leicester-city-arsenal,ENG Premier League,2021-2022,2021-10-30 12:30:00,2021-10-30 00:00:00,Leicester City,Arsenal,0,2,A,0,2,A,16,9,8,5,7,6,2,0,0,0,M Oliver,2.4,3.5,2.87,2.47,3.47,2.87,2.56,3.6,3.0
20211030-burnley-brentford,ENG Premier League,2021-2022,2021-10-30 15:00:00,2021-10-30 00:00:00,Burnley,Brentford,3,1,H,3,0,H,15,12,6,5,4,2,1,1,0,0,J Moss,2.6,3.3,2.75,2.66,3.24,2.78,2.73,3.42,2.86
20211030-liverpool-brighton-hove-albion,ENG Premier League,2021-2022,2021-10-30 15:00:00,2021-10-30 00:00:00,Liverpool,Brighton & Hove Albion,2,2,D,2,1,H,14,9,3,6,5,3,2,2,0,0,M Dean,1.22,6.5,13.0,1.24,6.49,12.11,1.27,6.92,13.5
20211030-manchester-city-crystal-palace,ENG Premier League,2021-2022,2021-10-30 15:00:00,2021-10-30 00:00:00,Manchester City,Crystal Palace,0,2,A,0,1,A,14,8,3,3,7,1,2,3,1,0,A Marriner,1.14,8.0,19.0,1.16,8.13,18.61,1.19,8.94,22.14
20211030-newcastle-united-chelsea,ENG Premier League,2021-2022,2021-10-30 15:00:00,2021-10-30 00:00:00,Newcastle United,Chelsea,0,3,A,0,0,D,6,19,1,6,0,2,3,2,0,0,P Tierney,8.5,5.0,1.36,8.63,4.91,1.38,9.5,5.15,1.42
20211030-watford-southampton,ENG Premier League,2021-2022,2021-10-30 15:00:00,2021-10-30 00:00:00,Watford,Southampton,0,1,A,0,1,A,10,12,4,1,5,8,2,2,0,0,P Bankes,3.2,3.3,2.3,3.12,3.37,2.35,3.25,3.5,2.45
20211030-tottenham-hotspur-manchester-united,ENG Premier League,2021-2022,2021-10-30 17:30:00,2021-10-30 00:00:00,Tottenham Hotspur,Manchester United,0,3,A,0,1,A,9,10,0,4,10,2,2,3,0,0,S Attwell,2.87,3.6,2.37,2.93,3.57,2.37,3.05,3.74,2.47
20211031-norwich-city-leeds-united,ENG Premier League,2021-2022,2021-10-31 14:00:00,2021-10-31 00:00:00,Norwich City,Leeds United,1,2,A,0,0,D,14,13,3,6,5,0,1,4,0,0,A Taylor,3.4,3.5,2.1,3.44,3.6,2.11,3.6,3.75,2.17
20211031-aston-villa-west-ham-united,ENG Premier League,2021-2022,2021-10-31 16:30:00,2021-10-31 00:00:00,Aston Villa,West Ham United,1,4,A,1,2,A,9,21,3,9,3,6,1,2,1,0,C Kavanagh,2.8,3.5,2.45,2.83,3.5,2.48,2.95,3.68,2.57
20211101-wolverhampton-wanderers-everton,ENG Premier League,2021-2022,2021-11-01 20:00:00,2021-11-01 00:00:00,Wolverhampton Wanderers,Everton,2,1,H,2,0,H,10,14,4,5,4,3,1,1,0,0,M Atkinson,2.2,3.2,3.5,2.24,3.28,3.39,2.32,3.4,3.6
20211105-southampton-aston-villa,ENG Premier League,2021-2022,2021-11-05 20:00:00,2021-11-05 00:00:00,Southampton,Aston Villa,1,0,H,1,0,H,9,14,3,3,10,8,2,2,0,0,A Madley,1.95,3.6,3.75,2.02,3.66,3.68,2.08,3.82,3.8
20211106-manchester-united-manchester-city,ENG Premier League,2021-2022,2021-11-06 12:30:00,2021-11-06 00:00:00,Manchester United,Manchester City,0,2,A,0,2,A,5,16,1,5,1,9,1,2,0,0,M Oliver,4.75,4.0,1.7,4.69,4.09,1.72,4.95,4.3,1.76
20211106-brentford-norwich-city,ENG Premier League,2021-2022,2021-11-06 15:00:00,2021-11-06 00:00:00,Brentford,Norwich City,1,2,A,0,2,A,19,9,7,5,6,2,2,3,0,0,J Gillett,1.6,4.0,5.75,1.63,3.92,5.8,1.68,4.05,6.06
20211106-chelsea-burnley,ENG Premier League,2021-2022,2021-11-06 15:00:00,2021-11-06 00:00:00,Chelsea,Burnley,1,1,D,1,0,H,25,5,4,2,14,2,1,4,0,0,A Marriner,1.25,6.0,12.0,1.26,5.94,12.51,1.29,6.23,14.0
20211106-crystal-palace-wolverhampton-wanderers,ENG Premier League,2021-2022,2021-11-06 15:00:00,2021-11-06 00:00:00,Crystal Palace,Wolverhampton Wanderers,2,0,H,0,0,D,13,4,6,2,4,6,2,1,0,0,G Scott,2.45,3.2,3.0,2.5,3.15,3.08,2.62,3.33,3.21
20211106-brighton-hove-albion-newcastle-united,ENG Premier League,2021-2022,2021-11-06 17:30:00,2021-11-06 00:00:00,Brighton & Hove Albion,Newcastle United,1,1,D,1,0,H,14,6,5,1,2,5,3,4,1,0,D Coote,1.57,3.9,6.0,1.62,3.99,5.76,1.68,4.18,6.04
20211107-arsenal-watford,ENG Premier League,2021-2022,2021-11-07 14:00:00,2021-11-07 00:00:00,Arsenal,Watford,1,0,H,0,0,D,14,7,6,1,4,2,4,2,0,1,K Friend,1.36,4.75,8.5,1.39,4.9,8.25,1.43,5.25,9.0
20211107-everton-tottenham-hotspur,ENG Premier League,2021-2022,2021-11-07 14:00:00,2021-11-07 00:00:00,Everton,Tottenham Hotspur,0,0,D,0,0,D,12,8,2,0,4,2,2,4,1,0,C Kavanagh,3.1,3.25,2.37,3.06,3.28,2.42,3.2,3.54,2.52
20211107-leeds-united-leicester-city,ENG Premier League,2021-2022,2021-11-07 14:00:00,2021-11-07 00:00:00,Leeds United,Leicester City,1,1,D,1,1,D,18,9,5,3,10,5,1,1,0,0,D England,2.8,3.5,2.45,2.76,3.56,2.5,2.9,3.78,2.6
20211107-west-ham-united-liverpool,ENG Premier League,2021-2022,2021-11-07 16:30:00,2021-11-07 00:00:00,West Ham United,Liverpool,3,2,H,1,1,D,7,16,3,5,3,2,1,1,0,0,C Pawson,4.75,4.0,1.7,4.59,4.11,1.72,5.0,4.25,1.77
20211120-leicester-city-chelsea,ENG Premier League,2021-2022,2021-11-20 12:30:00,2021-11-20 00:00:00,Leicester City,Chelsea,0,3,A,0,2,A,4,16,3,7,3,5,3,1,0,0,P Tierney,4.75,3.75,1.75,4.74,3.72,1.78,5.0,3.86,1.84
20211120-aston-villa-brighton-hove-albion,ENG Premier League,2021-2022,2021-11-20 15:00:00,2021-11-20 00:00:00,Aston Villa,Brighton & Hove Albion,2,0,H,0,0,D,9,6,5,2,5,7,3,3,0,0,A Taylor,2.45,3.3,2.9,2.43,3.31,3.04,2.52,3.47,3.15
20211120-burnley-crystal-palace,ENG Premier League,2021-2022,2021-11-20 15:00:00,2021-11-20 00:00:00,Burnley,Crystal Palace,3,3,D,2,3,A,15,18,9,8,3,6,2,3,0,0,S Hooper,2.7,3.2,2.7,2.77,3.23,2.7,2.9,3.33,2.83
20211120-newcastle-united-brentford,ENG Premier League,2021-2022,2021-11-20 15:00:00,2021-11-20 00:00:00,Newcastle United,Brentford,3,3,D,2,2,D,23,10,9,4,8,2,2,2,0,0,R Jones,2.62,3.4,2.7,2.64,3.37,2.72,2.75,3.58,2.82
20211120-norwich-city-southampton,ENG Premier League,2021-2022,2021-11-20 15:00:00,2021-11-20 00:00:00,Norwich City,Southampton,2,1,H,1,1,D,8,17,4,5,5,7,3,2,0,0,M Atkinson,3.6,3.5,2.05,3.63,3.46,2.1,3.75,3.6,2.2
20211120-watford-manchester-united,ENG Premier League,2021-2022,2021-11-20 15:00:00,2021-11-20 00:00:00,Watford,Manchester United,4,1,H,2,0,H,20,9,7,3,9,3,2,1,0,1,J Moss,6.5,4.75,1.45,6.22,4.65,1.5,6.7,4.9,1.55
20211120-wolverhampton-wanderers-west-ham-united,ENG Premier League,2021-2022,2021-11-20 15:00:00,2021-11-20 00:00:00,Wolverhampton Wanderers,West Ham United,1,0,H,0,0,D,15,8,5,3,7,3,1,1,0,0,M Dean,3.0,3.25,2.4,3.02,3.27,2.47,3.18,3.38,2.56
20211120-liverpool-arsenal,ENG Premier League,2021-2022,2021-11-20 17:30:00,2021-11-20 00:00:00,Liverpool,Arsenal,4,0,H,1,0,H,19,5,9,3,6,1,2,0,0,0,M Oliver,1.45,4.75,6.5,1.48,4.77,6.38,1.53,5.0,7.16
20211121-manchester-city-everton,ENG Premier League,2021-2022,2021-11-21 14:00:00,2021-11-21 00:00:00,Manchester City,Everton,3,0,H,1,0,H,17,4,7,1,7,1,1,1,0,0,S Attwell,1.14,8.0,19.0,1.18,7.56,15.95,1.22,8.3,19.0
20211121-tottenham-hotspur-leeds-united,ENG Premier League,2021-2022,2021-11-21 16:30:00,2021-11-21 00:00:00,Tottenham Hotspur,Leeds United,2,1,H,0,1,A,13,18,4,7,4,8,1,4,0,0,A Marriner,1.7,4.2,4.5,1.73,4.07,4.56,1.8,4.3,4.75
20211127-arsenal-newcastle-united,ENG Premier League,2021-2022,2021-11-27 12:30:00,2021-11-27 00:00:00,Arsenal,Newcastle United,2,0,H,0,0,D,24,9,6,5,4,4,1,3,0,0,S Attwell,1.44,4.75,7.0,1.47,4.77,6.61,1.52,5.0,7.0
20211127-crystal-palace-aston-villa,ENG Premier League,2021-2022,2021-11-27 15:00:00,2021-11-27 00:00:00,Crystal Palace,Aston Villa,1,2,A,0,1,A,8,10,3,3,7,3,3,3,0,0,M Salisbury,2.2,3.4,3.3,2.24,3.37,3.36,2.32,3.56,3.52
20211127-liverpool-southampton,ENG Premier League,2021-2022,2021-11-27 15:00:00,2021-11-27 00:00:00,Liverpool,Southampton,4,0,H,3,0,H,20,7,6,3,5,7,0,1,0,0,A Marriner,1.28,6.0,9.0,1.29,5.99,9.78,1.33,6.37,11.0
20211127-norwich-city-wolverhampton-wanderers,ENG Premier League,2021-2022,2021-11-27 15:00:00,2021-11-27 00:00:00,Norwich City,Wolverhampton Wanderers,0,0,D,0,0,D,14,5,4,2,4,3,2,2,0,0,S Hooper,3.5,3.3,2.15,3.54,3.35,2.17,3.65,3.5,2.26
20211127-brighton-hove-albion-leeds-united,ENG Premier League,2021-2022,2021-11-27 17:30:00,2021-11-27 00:00:00,Brighton & Hove Albion,Leeds United,0,0,D,0,0,D,20,11,4,4,6,1,1,3,0,0,C Pawson,2.05,3.4,3.75,2.11,3.41,3.67,2.18,3.5,3.92
20211128-brentford-everton,ENG Premier League,2021-2022,2021-11-28 14:00:00,2021-11-28 00:00:00,Brentford,Everton,1,0,H,1,0,H,6,14,4,5,3,3,4,3,0,0,D England,2.25,3.2,3.4,2.25,3.27,3.4,2.34,3.4,3.6
20211128-leicester-city-watford,ENG Premier League,2021-2022,2021-11-28 14:00:00,2021-11-28 00:00:00,Leicester City,Watford,4,2,H,3,1,H,18,16,8,5,8,6,0,0,0,0,A Madley,1.61,4.0,5.5,1.63,4.15,5.26,1.68,4.38,5.73
20211128-manchester-city-west-ham-united,ENG Premier League,2021-2022,2021-11-28 14:00:00,2021-11-28 00:00:00,Manchester City,West Ham United,2,1,H,1,0,H,19,5,9,3,8,4,2,0,0,0,M Oliver,1.28,5.75,10.0,1.3,5.82,10.01,1.34,6.25,11.0
20211128-chelsea-manchester-united,ENG Premier League,2021-2022,2021-11-28 16:30:00,2021-11-28 00:00:00,Chelsea,Manchester United,1,1,D,0,0,D,24,3,6,2,15,2,2,5,0,0,A Taylor,1.57,4.0,6.0,1.61,4.12,5.67,1.65,4.31,6.2
20211130-newcastle-united-norwich-city,ENG Premier League,2021-2022,2021-11-30 19:30:00,2021-11-30 00:00:00,Newcastle United,Norwich City,1,1,D,0,0,D,9,16,1,6,2,5,0,0,0,1,A Madley,1.95,3.5,3.9,1.99,3.63,3.82,2.06,3.75,3.98
20211130-leeds-united-crystal-palace,ENG Premier League,2021-2022,2021-11-30 20:15:00,2021-11-30 00:00:00,Leeds United,Crystal Palace,1,0,H,0,0,D,15,9,3,1,7,4,5,3,0,0,K Friend,2.4,3.3,3.0,2.42,3.33,3.06,2.52,3.43,3.17
20211201-southampton-leicester-city,ENG Premier League,2021-2022,2021-12-01 19:30:00,2021-12-01 00:00:00,Southampton,Leicester City,2,2,D,2,1,H,15,15,7,6,2,4,1,3,0,0,R Jones,2.37,3.5,2.87,2.43,3.47,2.91,2.56,3.56,3.0
20211201-watford-chelsea,ENG Premier League,2021-2022,2021-12-01 19:30:00,2021-12-01 00:00:00,Watford,Chelsea,1,2,A,1,1,D,13,8,6,4,6,0,4,3,0,0,D Coote,10.0,5.25,1.3,10.3,5.43,1.31,11.5,5.75,1.35
20211201-west-ham-united-brighton-hove-albion,ENG Premier League,2021-2022,2021-12-01 19:30:00,2021-12-01 00:00:00,West Ham United,Brighton & Hove Albion,1,1,D,1,0,H,14,9,6,3,9,5,1,1,0,0,C Kavanagh,1.95,3.6,3.8,2.01,3.53,3.79,2.08,3.67,4.0
20211201-wolverhampton-wanderers-burnley,ENG Premier League,2021-2022,2021-12-01 19:30:00,2021-12-01 00:00:00,Wolverhampton Wanderers,Burnley,0,0,D,0,0,D,16,6,2,1,5,5,2,3,0,0,J Brooks,1.85,3.5,4.33,1.95,3.41,4.23,2.02,3.53,4.44
20211201-aston-villa-manchester-city,ENG Premier League,2021-2022,2021-12-01 20:15:00,2021-12-01 00:00:00,Aston Villa,Manchester City,1,2,A,0,2,A,9,17,3,7,4,11,0,0,0,0,M Dean,9.0,5.25,1.33,8.6,5.2,1.36,10.0,5.5,1.41
20211201-everton-liverpool,ENG Premier League,2021-2022,2021-12-01 20:15:00,2021-12-01 00:00:00,Everton,Liverpool,1,4,A,1,2,A,8,16,2,7,3,11,4,3,0,0,P Tierney,7.5,5.25,1.36,7.52,5.05,1.41,8.5,5.31,1.44
20211202-tottenham-hotspur-brentford,ENG Premier League,2021-2022,2021-12-02 19:30:00,2021-12-02 00:00:00,Tottenham Hotspur,Brentford,2,0,H,1,0,H,11,6,6,2,11,5,0,0,0,0,J Moss,1.6,4.2,5.25,1.64,4.07,5.25,1.7,4.3,5.6
20211202-manchester-united-arsenal,ENG Premier League,2021-2022,2021-12-02 20:15:00,2021-12-02 00:00:00,Manchester United,Arsenal,3,2,H,1,1,D,14,17,10,8,3,8,1,0,0,0,M Atkinson,1.95,3.75,3.75,2.02,3.66,3.66,2.1,3.85,3.76
20211204-west-ham-united-chelsea,ENG Premier League,2021-2022,2021-12-04 12:30:00,2021-12-04 00:00:00,West Ham United,Chelsea,3,2,H,1,2,A,11,19,5,7,1,9,1,3,0,0,A Marriner,4.75,3.6,1.75,4.7,3.6,1.82,5.0,3.75,1.9
20211204-newcastle-united-burnley,ENG Premier League,2021-2022,2021-12-04 15:00:00,2021-12-04 00:00:00,Newcastle United,Burnley,1,0,H,1,0,H,19,10,4,1,10,3,1,1,0,0,P Tierney,2.3,3.3,3.2,2.33,3.35,3.19,2.44,3.59,3.26
20211204-southampton-brighton-hove-albion,ENG Premier League,2021-2022,2021-12-04 15:00:00,2021-12-04 00:00:00,Southampton,Brighton & Hove Albion,1,1,D,1,0,H,14,14,4,4,6,2,4,2,0,0,A Taylor,2.45,3.2,3.0,2.45,3.21,3.1,2.54,3.4,3.26
20211204-wolverhampton-wanderers-liverpool,ENG Premier League,2021-2022,2021-12-04 15:00:00,2021-12-04 00:00:00,Wolverhampton Wanderers,Liverpool,0,1,A,0,0,D,3,17,1,5,2,8,2,2,0,0,C Kavanagh,8.0,4.75,1.4,7.73,4.75,1.43,8.33,5.19,1.47
20211204-watford-manchester-city,ENG Premier League,2021-2022,2021-12-04 17:30:00,2021-12-04 00:00:00,Watford,Manchester City,1,3,A,0,2,A,11,26,4,13,5,11,3,0,0,0,S Hooper,12.0,7.0,1.2,14.65,7.19,1.2,17.0,7.7,1.23
20211205-leeds-united-brentford,ENG Premier League,2021-2022,2021-12-05 14:00:00,2021-12-05 00:00:00,Leeds United,Brentford,2,2,D,1,0,H,13,9,6,3,5,1,5,3,0,0,D Coote,1.95,3.6,3.8,1.94,3.62,3.99,2.0,3.8,4.2
20211205-manchester-united-crystal-palace,ENG Premier League,2021-2022,2021-12-05 14:00:00,2021-12-05 00:00:00,Manchester United,Crystal Palace,1,0,H,0,0,D,16,8,3,2,9,6,2,2,0,0,C Pawson,1.5,4.33,6.5,1.57,4.19,6.09,1.61,4.45,6.6
20211205-tottenham-hotspur-norwich-city,ENG Premier League,2021-2022,2021-12-05 14:00:00,2021-12-05 00:00:00,Tottenham Hotspur,Norwich City,3,0,H,1,0,H,17,10,7,1,6,4,1,2,0,0,J Gillett,1.36,5.0,8.5,1.41,4.75,8.11,1.45,5.0,8.5
20211205-aston-villa-leicester-city,ENG Premier League,2021-2022,2021-12-05 16:30:00,2021-12-05 00:00:00,Aston Villa,Leicester City,2,1,H,1,1,D,13,12,4,5,3,6,1,1,0,0,M Oliver,2.37,3.4,3.0,2.36,3.45,3.03,2.51,3.66,3.19
20211206-everton-arsenal,ENG Premier League,2021-2022,2021-12-06 20:00:00,2021-12-06 00:00:00,Everton,Arsenal,2,1,H,0,1,A,11,10,5,3,3,3,2,2,0,0,M Dean,3.4,3.5,2.1,3.38,3.52,2.16,3.62,3.7,2.26
20211210-brentford-watford,ENG Premier League,2021-2022,2021-12-10 20:00:00,2021-12-10 00:00:00,Brentford,Watford,2,1,H,0,1,A,14,6,5,2,8,2,4,0,0,0,M Oliver,2.25,3.3,3.3,2.29,3.32,3.34,2.36,3.45,3.45
20211211-manchester-city-wolverhampton-wanderers,ENG Premier League,2021-2022,2021-12-11 12:30:00,2021-12-11 00:00:00,Manchester City,Wolverhampton Wanderers,1,0,H,0,0,D,24,2,10,1,14,1,3,2,0,1,J Moss,1.14,8.0,19.0,1.16,8.11,20.35,1.19,8.8,25.0
20211211-arsenal-southampton,ENG Premier League,2021-2022,2021-12-11 15:00:00,2021-12-11 00:00:00,Arsenal,Southampton,3,0,H,2,0,H,15,11,5,6,9,8,2,0,0,0,J Gillett,1.61,4.0,5.5,1.67,3.99,5.32,1.71,4.25,5.61
20211211-chelsea-leeds-united,ENG Premier League,2021-2022,2021-12-11 15:00:00,2021-12-11 00:00:00,Chelsea,Leeds United,3,2,H,1,1,D,16,12,6,5,5,2,2,5,0,0,C Kavanagh,1.25,5.75,12.0,1.28,5.95,11.46,1.32,6.25,13.75
20211211-liverpool-aston-villa,ENG Premier League,2021-2022,2021-12-11 15:00:00,2021-12-11 00:00:00,Liverpool,Aston Villa,1,0,H,0,0,D,20,4,5,0,11,3,1,2,0,0,S Attwell,1.2,7.0,13.0,1.23,6.85,11.92,1.27,7.25,13.04
20211211-norwich-city-manchester-united,ENG Premier League,2021-2022,2021-12-11 17:30:00,2021-12-11 00:00:00,Norwich City,Manchester United,0,1,A,0,0,D,11,13,5,5,8,6,1,1,0,0,D England,7.0,4.5,1.45,7.25,4.73,1.45,7.52,4.94,1.47
20211212-burnley-west-ham-united,ENG Premier League,2021-2022,2021-12-12 14:00:00,2021-12-12 00:00:00,Burnley,West Ham United,0,0,D,0,0,D,9,16,1,3,6,4,2,1,0,0,G Scott,3.6,3.6,2.0,3.61,3.64,2.05,3.75,3.77,2.12
20211212-leicester-city-newcastle-united,ENG Premier League,2021-2022,2021-12-12 14:00:00,2021-12-12 00:00:00,Leicester City,Newcastle United,4,0,H,1,0,H,8,12,5,3,4,6,2,3,0,0,P Bankes,1.66,4.1,4.75,1.75,4.01,4.56,1.78,4.28,4.82
20211212-crystal-palace-everton,ENG Premier League,2021-2022,2021-12-12 16:30:00,2021-12-12 00:00:00,Crystal Palace,Everton,3,1,H,1,0,H,17,12,6,6,8,2,0,2,0,0,A Madley,2.3,3.2,3.3,2.29,3.21,3.42,2.36,3.42,3.67
20211214-norwich-city-aston-villa,ENG Premier League,2021-2022,2021-12-14 19:45:00,2021-12-14 00:00:00,Norwich City,Aston Villa,0,2,A,0,1,A,7,17,3,6,7,10,3,1,0,0,D Coote,3.3,3.3,2.25,3.37,3.26,2.29,3.58,3.35,2.36
20211214-manchester-city-leeds-united,ENG Premier League,2021-2022,2021-12-14 20:00:00,2021-12-14 00:00:00,Manchester City,Leeds United,7,0,H,3,0,H,31,6,15,3,6,2,1,1,0,0,P Tierney,1.14,8.5,15.0,1.15,8.7,18.17,1.18,9.5,21.0
20211215-brighton-hove-albion-wolverhampton-wanderers,ENG Premier League,2021-2022,2021-12-15 19:30:00,2021-12-15 00:00:00,Brighton & Hove Albion,Wolverhampton Wanderers,0,1,A,0,1,A,12,8,2,5,7,4,2,0,0,0,T Harrington,2.25,3.1,3.5,2.32,3.05,3.51,2.42,3.25,3.7
20211215-crystal-palace-southampton,ENG Premier League,2021-2022,2021-12-15 19:30:00,2021-12-15 00:00:00,Crystal Palace,Southampton,2,2,D,1,2,A,9,15,6,4,4,6,2,4,0,0,S Hooper,2.15,3.3,3.5,2.14,3.38,3.59,2.22,3.56,3.76
20211215-arsenal-west-ham-united,ENG Premier League,2021-2022,2021-12-15 20:00:00,2021-12-15 00:00:00,Arsenal,West Ham United,2,0,H,0,0,D,21,7,8,1,5,2,2,0,0,1,A Taylor,2.1,3.6,3.3,2.2,3.58,3.26,2.28,3.78,3.44
20211216-chelsea-everton,ENG Premier League,2021-2022,2021-12-16 19:45:00,2021-12-16 00:00:00,Chelsea,Everton,1,1,D,0,0,D,23,5,10,3,7,1,2,3,0,0,M Oliver,1.22,6.5,13.0,1.24,6.17,13.27,1.27,6.75,15.0
20211216-liverpool-newcastle-united,ENG Premier League,2021-2022,2021-12-16 20:00:00,2021-12-16 00:00:00,Liverpool,Newcastle United,3,1,H,2,1,H,23,4,8,2,11,0,1,3,0,0,M Dean,1.12,9.0,19.0,1.12,9.52,21.43,1.15,10.25,24.98
20211218-leeds-united-arsenal,ENG Premier League,2021-2022,2021-12-18 17:30:00,2021-12-18 00:00:00,Leeds United,Arsenal,1,4,A,0,3,A,9,21,2,12,1,4,3,1,0,0,A Marriner,3.9,3.8,1.83,3.89,3.78,1.91,4.0,3.95,1.98
20211219-newcastle-united-manchester-city,ENG Premier League,2021-2022,2021-12-19 14:00:00,2021-12-19 00:00:00,Newcastle United,Manchester City,0,4,A,0,2,A,5,18,1,7,3,6,1,2,0,0,M Atkinson,13.0,7.5,1.18,16.25,7.72,1.18,20.0,8.3,1.21
20211219-wolverhampton-wanderers-chelsea,ENG Premier League,2021-2022,2021-12-19 14:00:00,2021-12-19 00:00:00,Wolverhampton Wanderers,Chelsea,0,0,D,0,0,D,4,8,1,1,4,9,0,2,0,0,D Coote,7.0,4.2,1.5,6.42,3.93,1.58,7.0,4.2,1.62
20211219-tottenham-hotspur-liverpool,ENG Premier League,2021-2022,2021-12-19 16:30:00,2021-12-19 00:00:00,Tottenham Hotspur,Liverpool,2,2,D,1,1,D,10,18,5,6,6,4,4,4,0,1,P Tierney,5.25,4.75,1.53,5.18,4.5,1.59,5.65,4.9,1.62
20211226-manchester-city-leicester-city,ENG Premier League,2021-2022,2021-12-26 15:00:00,2021-12-26 00:00:00,Manchester City,Leicester City,6,3,H,4,0,H,17,14,9,8,14,4,1,2,0,0,C Kavanagh,1.18,7.5,13.0,1.18,7.85,14.75,1.22,8.4,18.0
20211226-norwich-city-arsenal,ENG Premier League,2021-2022,2021-12-26 15:00:00,2021-12-26 00:00:00,Norwich City,Arsenal,0,5,A,0,2,A,4,16,2,6,3,5,1,2,0,0,G Scott,8.0,4.75,1.4,7.73,4.77,1.42,8.3,5.0,1.46
20211226-tottenham-hotspur-crystal-palace,ENG Premier League,2021-2022,2021-12-26 15:00:00,2021-12-26 00:00:00,Tottenham Hotspur,Crystal Palace,3,0,H,2,0,H,17,4,6,0,4,2,1,1,0,1,J Moss,1.72,3.8,4.75,1.72,3.87,4.97,1.76,4.02,5.4
20211226-west-ham-united-southampton,ENG Premier League,2021-2022,2021-12-26 15:00:00,2021-12-26 00:00:00,West Ham United,Southampton,2,3,A,0,1,A,11,11,5,6,10,2,2,3,0,0,K Friend,1.8,3.9,4.2,1.85,3.8,4.18,1.92,4.04,4.4
20211226-aston-villa-chelsea,ENG Premier League,2021-2022,2021-12-26 17:30:00,2021-12-26 00:00:00,Aston Villa,Chelsea,1,3,A,1,1,D,8,10,1,4,2,5,3,1,0,0,M Atkinson,5.25,3.8,1.65,5.35,3.77,1.7,5.8,3.95,1.75
20211226-brighton-hove-albion-brentford,ENG Premier League,2021-2022,2021-12-26 20:00:00,2021-12-26 00:00:00,Brighton & Hove Albion,Brentford,2,0,H,2,0,H,15,16,5,6,6,9,1,3,0,0,D England,1.9,3.4,4.2,1.95,3.45,4.15,2.02,3.6,4.36
20211227-newcastle-united-manchester-united,ENG Premier League,2021-2022,2021-12-27 20:00:00,2021-12-27 00:00:00,Newcastle United,Manchester United,1,1,D,1,0,H,13,13,8,4,2,4,3,3,0,0,C Pawson,6.5,4.75,1.44,6.66,4.58,1.48,7.2,4.84,1.52
20211228-crystal-palace-norwich-city,ENG Premier League,2021-2022,2021-12-28 15:00:00,2021-12-28 00:00:00,Crystal Palace,Norwich City,3,0,H,3,0,H,19,12,6,3,8,8,1,2,0,0,P Tierney,1.65,3.75,5.5,1.68,3.74,5.68,1.74,3.92,6.09
20211228-southampton-tottenham-hotspur,ENG Premier League,2021-2022,2021-12-28 15:00:00,2021-12-28 00:00:00,Southampton,Tottenham Hotspur,1,1,D,1,1,D,9,21,2,11,3,7,2,2,1,0,A Taylor,3.75,3.5,2.0,3.74,3.51,2.05,3.96,3.67,2.11
20211228-watford-west-ham-united,ENG Premier League,2021-2022,2021-12-28 15:00:00,2021-12-28 00:00:00,Watford,West Ham United,1,4,A,1,2,A,14,13,5,6,4,5,0,1,0,0,D England,3.4,3.6,2.1,3.28,3.58,2.2,3.45,3.75,2.26
20211228-leicester-city-liverpool,ENG Premier League,2021-2022,2021-12-28 20:00:00,2021-12-28 00:00:00,Leicester City,Liverpool,1,0,H,0,0,D,6,21,1,4,1,12,0,1,0,0,M Oliver,8.0,5.5,1.33,7.72,5.72,1.36,8.6,6.4,1.4
20211229-chelsea-brighton-hove-albion,ENG Premier League,2021-2022,2021-12-29 19:30:00,2021-12-29 00:00:00,Chelsea,Brighton & Hove Albion,1,1,D,1,0,H,11,18,5,6,10,8,4,1,0,0,M Dean,1.4,4.5,7.5,1.43,4.5,8.18,1.47,4.81,9.17
20211229-brentford-manchester-city,ENG Premier League,2021-2022,2021-12-29 20:15:00,2021-12-29 00:00:00,Brentford,Manchester City,0,1,A,0,1,A,6,12,2,3,3,5,0,0,0,0,D Coote,19.0,8.0,1.14,17.6,7.93,1.17,21.0,8.7,1.19
20211230-manchester-united-burnley,ENG Premier League,2021-2022,2021-12-30 20:15:00,2021-12-30 00:00:00,Manchester United,Burnley,3,1,H,3,1,H,18,10,6,3,7,5,0,0,0,0,J Moss,1.36,5.0,9.0,1.38,4.99,8.54,1.42,5.25,9.5
20220101-arsenal-manchester-city,ENG Premier League,2021-2022,2022-01-01 12:30:00,2022-01-01 00:00:00,Arsenal,Manchester City,1,2,A,1,0,H,7,15,2,2,5,5,3,2,1,0,S Attwell,5.75,4.75,1.5,5.91,4.62,1.53,6.27,4.9,1.59
20220101-watford-tottenham-hotspur,ENG Premier League,2021-2022,2022-01-01 15:00:00,2022-01-01 00:00:00,Watford,Tottenham Hotspur,0,1,A,0,0,D,6,21,4,9,3,7,0,1,0,0,R Jones,5.0,4.2,1.61,5.32,4.17,1.62,5.6,4.35,1.66
20220101-crystal-palace-west-ham-united,ENG Premier League,2021-2022,2022-01-01 17:30:00,2022-01-01 00:00:00,Crystal Palace,West Ham United,2,3,A,0,3,A,22,10,6,5,9,1,0,2,0,0,D England,3.1,3.4,2.3,3.09,3.46,2.33,3.29,3.66,2.42
20220102-brentford-aston-villa,ENG Premier League,2021-2022,2022-01-02 14:00:00,2022-01-02 00:00:00,Brentford,Aston Villa,2,1,H,1,1,D,10,16,4,5,3,7,2,2,0,0,C Pawson,3.0,3.3,2.4,3.0,3.31,2.45,3.12,3.48,2.58
20220102-everton-brighton-hove-albion,ENG Premier League,2021-2022,2022-01-02 14:00:00,2022-01-02 00:00:00,Everton,Brighton & Hove Albion,2,3,A,0,2,A,17,12,6,5,8,5,1,1,0,0,J Brooks,2.75,3.2,2.62,2.78,3.16,2.72,2.91,3.33,2.9
20220102-leeds-united-burnley,ENG Premier League,2021-2022,2022-01-02 14:00:00,2022-01-02 00:00:00,Leeds United,Burnley,3,1,H,1,0,H,22,8,7,2,9,3,2,1,0,0,P Tierney,2.05,3.5,3.5,2.03,3.57,3.65,2.15,3.78,3.95
20220102-chelsea-liverpool,ENG Premier League,2021-2022,2022-01-02 16:30:00,2022-01-02 00:00:00,Chelsea,Liverpool,2,2,D,2,2,D,15,10,6,6,6,7,1,2,0,0,A Taylor,3.1,3.5,2.25,3.06,3.54,2.31,3.28,3.68,2.38
20220103-manchester-united-wolverhampton-wanderers,ENG Premier League,2021-2022,2022-01-03 17:30:00,2022-01-03 00:00:00,Manchester United,Wolverhampton Wanderers,0,1,A,0,0,D,9,19,2,6,3,8,3,1,0,0,M Dean,1.53,4.33,6.0,1.56,4.17,6.08,1.61,4.5,6.5
20220111-southampton-brentford,ENG Premier League,2021-2022,2022-01-11 19:45:00,2022-01-11 00:00:00,Southampton,Brentford,4,1,H,2,1,H,12,5,6,4,5,2,0,1,0,0,S Attwell,2.05,3.4,3.6,2.11,3.37,3.73,2.18,3.45,3.97
20220112-west-ham-united-norwich-city,ENG Premier League,2021-2022,2022-01-12 19:45:00,2022-01-12 00:00:00,West Ham United,Norwich City,2,0,H,1,0,H,13,7,5,3,11,2,0,0,0,0,S Hooper,1.28,5.5,10.0,1.31,5.52,10.28,1.34,6.0,11.33
20220114-brighton-hove-albion-crystal-palace,ENG Premier League,2021-2022,2022-01-14 20:00:00,2022-01-14 00:00:00,Brighton & Hove Albion,Crystal Palace,1,1,D,0,0,D,19,3,4,1,9,0,0,2,0,0,R Jones,2.05,3.3,3.8,2.1,3.28,3.91,2.2,3.4,4.12
20220115-manchester-city-chelsea,ENG Premier League,2021-2022,2022-01-15 12:30:00,2022-01-15 00:00:00,Manchester City,Chelsea,1,0,H,0,0,D,11,4,6,1,9,1,0,2,0,0,C Pawson,1.65,4.0,5.0,1.72,3.87,5.0,1.77,4.1,5.4
20220115-newcastle-united-watford,ENG Premier League,2021-2022,2022-01-15 15:00:00,2022-01-15 00:00:00,Newcastle United,Watford,1,1,D,0,0,D,12,18,1,5,4,6,3,2,0,0,P Tierney,2.0,3.6,3.6,2.06,3.62,3.55,2.12,3.75,3.72
20220115-norwich-city-everton,ENG Premier League,2021-2022,2022-01-15 15:00:00,2022-01-15 00:00:00,Norwich City,Everton,2,1,H,2,0,H,14,12,3,5,8,8,3,1,0,0,A Madley,3.75,3.5,2.0,3.74,3.48,2.05,4.0,3.6,2.12
20220115-wolverhampton-wanderers-southampton,ENG Premier League,2021-2022,2022-01-15 15:00:00,2022-01-15 00:00:00,Wolverhampton Wanderers,Southampton,3,1,H,1,0,H,9,13,5,10,2,10,2,3,0,0,M Salisbury,2.25,3.2,3.4,2.32,3.16,3.4,2.4,3.3,3.72
20220115-aston-villa-manchester-united,ENG Premier League,2021-2022,2022-01-15 17:30:00,2022-01-15 00:00:00,Aston Villa,Manchester United,2,2,D,0,1,A,13,13,9,6,3,6,1,2,0,0,D Coote,2.87,3.5,2.4,2.92,3.49,2.42,3.0,3.64,2.54
20220116-liverpool-brentford,ENG Premier League,2021-2022,2022-01-16 14:00:00,2022-01-16 00:00:00,Liverpool,Brentford,3,0,H,1,0,H,27,6,13,1,9,0,0,1,0,0,J Moss,1.3,5.5,10.0,1.3,5.68,10.64,1.33,6.05,13.0
20220116-west-ham-united-leeds-united,ENG Premier League,2021-2022,2022-01-16 14:00:00,2022-01-16 00:00:00,West Ham United,Leeds United,2,3,A,1,2,A,15,18,5,5,4,3,3,2,0,0,M Dean,1.61,4.2,5.0,1.65,4.21,4.98,1.7,4.44,5.5
20220118-brighton-hove-albion-chelsea,ENG Premier League,2021-2022,2022-01-18 20:00:00,2022-01-18 00:00:00,Brighton & Hove Albion,Chelsea,1,1,D,0,1,A,10,15,2,3,5,7,1,2,0,0,K Friend,4.75,3.75,1.72,4.81,3.72,1.77,5.25,3.88,1.82
20220119-leicester-city-tottenham-hotspur,ENG Premier League,2021-2022,2022-01-19 19:30:00,2022-01-19 00:00:00,Leicester City,Tottenham Hotspur,2,3,A,1,1,D,14,27,4,10,3,8,1,2,0,0,J Moss,3.0,3.5,2.3,3.04,3.42,2.36,3.22,3.6,2.47
20220119-brentford-manchester-united,ENG Premier League,2021-2022,2022-01-19 20:00:00,2022-01-19 00:00:00,Brentford,Manchester United,1,3,A,0,0,D,18,13,8,5,6,9,0,0,0,0,A Marriner,4.5,3.7,1.8,4.51,3.64,1.83,4.8,3.89,1.88
20220121-watford-norwich-city,ENG Premier League,2021-2022,2022-01-21 20:00:00,2022-01-21 00:00:00,Watford,Norwich City,0,3,A,0,0,D,15,7,4,2,5,1,0,1,1,0,M Dean,2.0,3.5,3.75,2.07,3.52,3.63,2.12,3.62,3.78
20220122-everton-aston-villa,ENG Premier League,2021-2022,2022-01-22 12:30:00,2022-01-22 00:00:00,Everton,Aston Villa,0,1,A,0,1,A,15,8,1,3,9,2,5,3,0,0,C Pawson,2.75,3.25,2.62,2.75,3.29,2.66,2.86,3.4,2.76
20220122-brentford-wolverhampton-wanderers,ENG Premier League,2021-2022,2022-01-22 15:00:00,2022-01-22 00:00:00,Brentford,Wolverhampton Wanderers,1,2,A,0,0,D,11,7,1,2,6,3,2,3,0,0,P Bankes,3.2,2.8,2.6,3.09,3.05,2.54,3.21,3.22,2.63
20220122-leeds-united-newcastle-united,ENG Premier League,2021-2022,2022-01-22 15:00:00,2022-01-22 00:00:00,Leeds United,Newcastle United,0,1,A,0,0,D,13,15,4,3,6,7,4,2,0,0,C Kavanagh,2.0,3.5,3.75,2.01,3.72,3.63,2.06,3.85,3.8
20220122-manchester-united-west-ham-united,ENG Premier League,2021-2022,2022-01-22 15:00:00,2022-01-22 00:00:00,Manchester United,West Ham United,1,0,H,0,0,D,18,6,3,1,3,3,1,1,0,0,J Moss,1.85,3.8,4.0,1.91,3.8,3.88,1.97,3.96,4.1
20220122-southampton-manchester-city,ENG Premier League,2021-2022,2022-01-22 17:30:00,2022-01-22 00:00:00,Southampton,Manchester City,1,1,D,1,0,H,7,20,3,5,2,11,3,0,0,0,S Hooper,10.0,6.5,1.25,10.18,6.08,1.28,11.5,6.5,1.31
20220123-arsenal-burnley,ENG Premier League,2021-2022,2022-01-23 14:00:00,2022-01-23 00:00:00,Arsenal,Burnley,0,0,D,0,0,D,20,10,5,1,12,4,0,2,0,0,D Coote,1.36,4.75,9.0,1.36,4.97,9.11,1.42,5.3,11.25
20220123-crystal-palace-liverpool,ENG Premier League,2021-2022,2022-01-23 14:00:00,2022-01-23 00:00:00,Crystal Palace,Liverpool,1,3,A,0,2,A,8,15,5,7,2,5,4,1,0,0,K Friend,6.0,4.2,1.53,5.73,4.21,1.58,6.5,4.4,1.63
20220123-leicester-city-brighton-hove-albion,ENG Premier League,2021-2022,2022-01-23 14:00:00,2022-01-23 00:00:00,Leicester City,Brighton & Hove Albion,1,1,D,0,0,D,15,14,5,5,4,5,0,1,0,0,M Atkinson,2.5,3.25,2.9,2.55,3.37,2.8,2.68,3.55,2.9
20220123-chelsea-tottenham-hotspur,ENG Premier League,2021-2022,2022-01-23 16:30:00,2022-01-23 00:00:00,Chelsea,Tottenham Hotspur,2,0,H,0,0,D,15,6,7,3,10,3,2,1,0,0,P Tierney,1.61,4.2,5.0,1.69,3.99,4.96,1.75,4.3,5.26
20220205-burnley-watford,ENG Premier League,2021-2022,2022-02-05 18:00:00,2022-02-05 00:00:00,Burnley,Watford,0,0,D,0,0,D,13,11,2,5,4,7,1,2,0,0,C Pawson,2.2,3.25,3.5,2.21,3.27,3.51,2.27,3.35,3.71
20220208-newcastle-united-everton,ENG Premier League,2021-2022,2022-02-08 19:45:00,2022-02-08 00:00:00,Newcastle United,Everton,3,1,H,1,1,D,20,11,9,3,6,2,2,3,0,0,A Taylor,2.5,3.25,2.87,2.52,3.38,2.88,2.66,3.54,3.0
20220208-west-ham-united-watford,ENG Premier League,2021-2022,2022-02-08 19:45:00,2022-02-08 00:00:00,West Ham United,Watford,1,0,H,0,0,D,9,6,3,1,5,6,1,0,0,0,M Atkinson,1.55,4.2,5.75,1.55,4.3,6.28,1.63,4.5,7.14
20220208-burnley-manchester-united,ENG Premier League,2021-2022,2022-02-08 20:00:00,2022-02-08 00:00:00,Burnley,Manchester United,1,1,D,0,1,A,9,22,3,5,2,10,2,1,0,0,M Dean,5.5,4.0,1.61,5.82,4.07,1.61,6.25,4.24,1.73
20220209-manchester-city-brentford,ENG Premier League,2021-2022,2022-02-09 19:45:00,2022-02-09 00:00:00,Manchester City,Brentford,2,0,H,1,0,H,15,6,7,2,9,3,0,0,0,0,D England,1.1,9.5,23.0,1.11,9.98,23.47,1.14,10.5,27.6
20220209-norwich-city-crystal-palace,ENG Premier League,2021-2022,2022-02-09 19:45:00,2022-02-09 00:00:00,Norwich City,Crystal Palace,1,1,D,1,0,H,5,13,1,5,4,6,1,2,0,0,P Tierney,3.5,3.25,2.15,3.5,3.36,2.18,3.66,3.54,2.25
20220209-tottenham-hotspur-southampton,ENG Premier League,2021-2022,2022-02-09 19:45:00,2022-02-09 00:00:00,Tottenham Hotspur,Southampton,2,3,A,1,1,D,8,23,3,10,2,8,2,3,0,0,D Coote,1.6,4.0,5.5,1.61,4.13,5.57,1.65,4.35,6.03
20220209-aston-villa-leeds-united,ENG Premier League,2021-2022,2022-02-09 20:00:00,2022-02-09 00:00:00,Aston Villa,Leeds United,3,3,D,3,2,H,12,16,4,8,6,11,1,3,1,0,J Gillett,1.8,3.8,4.2,1.8,3.96,4.26,1.85,4.12,4.53
20220210-liverpool-leicester-city,ENG Premier League,2021-2022,2022-02-10 19:45:00,2022-02-10 00:00:00,Liverpool,Leicester City,2,0,H,1,0,H,22,5,11,1,7,6,1,0,0,0,C Kavanagh,1.25,6.5,10.0,1.26,6.56,10.5,1.29,7.3,12.75
20220210-wolverhampton-wanderers-arsenal,ENG Premier League,2021-2022,2022-02-10 19:45:00,2022-02-10 00:00:00,Wolverhampton Wanderers,Arsenal,0,1,A,0,1,A,15,12,4,2,7,4,2,3,0,1,M Oliver,3.5,3.2,2.2,3.57,3.25,2.2,3.75,3.42,2.28
20220212-manchester-united-southampton,ENG Premier League,2021-2022,2022-02-12 12:30:00,2022-02-12 00:00:00,Manchester United,Southampton,1,1,D,1,0,H,12,13,8,4,1,4,4,0,0,0,S Attwell,1.6,4.0,5.5,1.61,4.22,5.43,1.67,4.45,5.75
20220212-brentford-crystal-palace,ENG Premier League,2021-2022,2022-02-12 15:00:00,2022-02-12 00:00:00,Brentford,Crystal Palace,0,0,D,0,0,D,9,6,2,3,3,9,1,0,0,0,S Hooper,2.55,3.1,3.0,2.66,3.09,2.92,2.78,3.2,3.05
20220212-everton-leeds-united,ENG Premier League,2021-2022,2022-02-12 15:00:00,2022-02-12 00:00:00,Everton,Leeds United,3,0,H,2,0,H,21,7,10,0,5,3,1,1,0,0,G Scott,2.25,3.5,3.0,2.32,3.64,2.99,2.4,3.87,3.17
20220212-watford-brighton-hove-albion,ENG Premier League,2021-2022,2022-02-12 15:00:00,2022-02-12 00:00:00,Watford,Brighton & Hove Albion,0,2,A,0,1,A,9,11,1,6,4,5,3,2,0,0,J Moss,3.5,3.3,2.05,3.7,3.27,2.14,3.86,3.44,2.2
20220212-norwich-city-manchester-city,ENG Premier League,2021-2022,2022-02-12 17:30:00,2022-02-12 00:00:00,Norwich City,Manchester City,0,4,A,0,1,A,8,22,3,9,4,12,0,2,0,0,A Marriner,15.0,8.0,1.16,18.09,7.86,1.17,21.0,8.5,1.2
20220213-burnley-liverpool,ENG Premier League,2021-2022,2022-02-13 14:00:00,2022-02-13 00:00:00,Burnley,Liverpool,0,1,A,0,1,A,8,12,5,4,5,8,0,1,0,0,M Atkinson,10.0,5.25,1.28,10.72,5.75,1.29,12.5,6.2,1.32
20220213-newcastle-united-aston-villa,ENG Premier League,2021-2022,2022-02-13 14:00:00,2022-02-13 00:00:00,Newcastle United,Aston Villa,1,0,H,1,0,H,10,11,2,1,3,6,3,4,0,0,C Pawson,2.7,3.3,2.62,2.72,3.44,2.6,2.8,3.68,2.7
20220213-tottenham-hotspur-wolverhampton-wanderers,ENG Premier League,2021-2022,2022-02-13 14:00:00,2022-02-13 00:00:00,Tottenham Hotspur,Wolverhampton Wanderers,0,2,A,0,2,A,17,11,7,7,7,3,3,1,0,0,K Friend,1.7,3.6,5.5,1.68,3.76,5.57,1.73,3.94,6.0
20220213-leicester-city-west-ham-united,ENG Premier League,2021-2022,2022-02-13 16:30:00,2022-02-13 00:00:00,Leicester City,West Ham United,2,2,D,1,1,D,13,8,2,3,5,4,1,2,0,0,M Oliver,2.9,3.5,2.3,2.88,3.58,2.4,3.05,3.8,2.54
20220215-manchester-united-brighton-hove-albion,ENG Premier League,2021-2022,2022-02-15 20:15:00,2022-02-15 00:00:00,Manchester United,Brighton & Hove Albion,2,0,H,0,0,D,19,10,7,3,10,2,3,1,0,1,P Bankes,1.72,3.75,4.75,1.78,3.78,4.74,1.85,3.9,5.0
20220219-west-ham-united-newcastle-united,ENG Premier League,2021-2022,2022-02-19 12:30:00,2022-02-19 00:00:00,West Ham United,Newcastle United,1,1,D,1,1,D,11,14,3,3,3,7,3,3,0,0,C Kavanagh,1.7,4.0,4.75,1.7,3.91,5.11,1.76,4.1,5.45
20220219-arsenal-brentford,ENG Premier League,2021-2022,2022-02-19 15:00:00,2022-02-19 00:00:00,Arsenal,Brentford,2,1,H,0,0,D,24,6,8,2,14,0,1,1,0,0,J Moss,1.44,4.2,8.0,1.46,4.46,7.68,1.5,4.6,8.5
20220219-aston-villa-watford,ENG Premier League,2021-2022,2022-02-19 15:00:00,2022-02-19 00:00:00,Aston Villa,Watford,0,1,A,0,0,D,20,8,1,4,10,5,1,2,0,0,R Jones,1.65,3.6,5.75,1.67,3.93,5.41,1.7,4.14,5.75
20220219-brighton-hove-albion-burnley,ENG Premier League,2021-2022,2022-02-19 15:00:00,2022-02-19 00:00:00,Brighton & Hove Albion,Burnley,0,3,A,0,2,A,11,10,1,4,4,4,1,4,0,0,K Friend,1.66,3.5,6.0,1.67,3.74,5.75,1.71,3.88,6.2
20220219-crystal-palace-chelsea,ENG Premier League,2021-2022,2022-02-19 15:00:00,2022-02-19 00:00:00,Crystal Palace,Chelsea,0,1,A,0,0,D,7,9,0,3,4,4,1,3,0,0,D Coote,5.5,3.8,1.65,5.59,3.9,1.65,5.95,4.1,1.7
20220219-liverpool-norwich-city,ENG Premier League,2021-2022,2022-02-19 15:00:00,2022-02-19 00:00:00,Liverpool,Norwich City,3,1,H,0,0,D,29,6,8,1,9,4,0,1,0,0,M Dean,1.1,9.0,23.0,1.12,9.63,24.83,1.14,11.0,32.0
20220219-southampton-everton,ENG Premier League,2021-2022,2022-02-19 15:00:00,2022-02-19 00:00:00,Southampton,Everton,2,0,H,0,0,D,19,9,11,0,4,4,0,2,0,0,A Madley,2.1,3.5,3.5,2.08,3.56,3.58,2.15,3.65,3.72
20220219-manchester-city-tottenham-hotspur,ENG Premier League,2021-2022,2022-02-19 17:30:00,2022-02-19 00:00:00,Manchester City,Tottenham Hotspur,2,3,A,1,1,D,21,6,4,5,10,0,0,3,0,0,A Taylor,1.28,6.0,10.0,1.29,5.87,10.84,1.32,6.35,12.25
20220220-leeds-united-manchester-united,ENG Premier League,2021-2022,2022-02-20 14:00:00,2022-02-20 00:00:00,Leeds United,Manchester United,2,4,A,0,2,A,16,15,6,9,3,3,6,3,0,0,P Tierney,3.9,3.8,1.85,3.91,3.86,1.9,4.2,4.1,1.95
20220220-wolverhampton-wanderers-leicester-city,ENG Premier League,2021-2022,2022-02-20 16:30:00,2022-02-20 00:00:00,Wolverhampton Wanderers,Leicester City,2,1,H,1,1,D,11,17,3,7,7,10,4,4,0,0,C Pawson,2.25,3.3,3.25,2.29,3.28,3.33,2.36,3.48,3.51
20220223-burnley-tottenham-hotspur,ENG Premier League,2021-2022,2022-02-23 19:30:00,2022-02-23 00:00:00,Burnley,Tottenham Hotspur,1,0,H,0,0,D,15,12,4,2,3,7,0,0,0,0,G Scott,4.6,3.8,1.75,4.72,3.73,1.79,5.0,3.83,1.85
20220223-watford-crystal-palace,ENG Premier League,2021-2022,2022-02-23 19:30:00,2022-02-23 00:00:00,Watford,Crystal Palace,1,4,A,1,2,A,8,7,1,5,6,4,2,1,0,0,A Marriner,3.1,3.3,2.3,3.2,3.24,2.4,3.33,3.45,2.48
20220223-liverpool-leeds-united,ENG Premier League,2021-2022,2022-02-23 19:45:00,2022-02-23 00:00:00,Liverpool,Leeds United,6,0,H,3,0,H,23,3,15,2,4,0,0,3,0,0,M Oliver,1.16,8.0,15.0,1.16,8.73,16.66,1.18,9.3,19.5
20220224-arsenal-wolverhampton-wanderers,ENG Premier League,2021-2022,2022-02-24 19:45:00,2022-02-24 00:00:00,Arsenal,Wolverhampton Wanderers,2,1,H,0,1,A,26,6,5,2,5,4,1,1,0,0,M Atkinson,1.65,3.8,5.5,1.65,3.8,5.83,1.7,4.0,6.25
20220225-southampton-norwich-city,ENG Premier League,2021-2022,2022-02-25 20:00:00,2022-02-25 00:00:00,Southampton,Norwich City,2,0,H,1,0,H,27,8,9,1,13,6,1,2,0,0,S Hooper,1.53,4.33,6.0,1.54,4.37,6.22,1.63,4.54,6.6
20220226-leeds-united-tottenham-hotspur,ENG Premier League,2021-2022,2022-02-26 12:30:00,2022-02-26 00:00:00,Leeds United,Tottenham Hotspur,0,4,A,0,3,A,19,15,3,11,3,6,4,2,0,0,C Pawson,4.2,3.6,1.85,4.03,3.96,1.86,4.25,4.15,1.94
20220226-brentford-newcastle-united,ENG Premier League,2021-2022,2022-02-26 15:00:00,2022-02-26 00:00:00,Brentford,Newcastle United,0,2,A,0,2,A,6,26,1,11,6,6,3,1,1,0,M Dean,2.5,3.2,3.0,2.52,3.17,3.04,2.6,3.35,3.16
20220226-crystal-palace-burnley,ENG Premier League,2021-2022,2022-02-26 15:00:00,2022-02-26 00:00:00,Crystal Palace,Burnley,1,1,D,1,0,H,11,5,4,1,5,4,0,2,0,0,J Moss,1.9,3.6,4.0,1.97,3.42,4.19,2.02,3.6,4.34
20220226-manchester-united-watford,ENG Premier League,2021-2022,2022-02-26 15:00:00,2022-02-26 00:00:00,Manchester United,Watford,0,0,D,0,0,D,22,10,3,2,4,3,0,0,0,0,K Friend,1.3,5.5,9.5,1.34,5.44,9.04,1.38,5.8,10.19
20220226-brighton-hove-albion-aston-villa,ENG Premier League,2021-2022,2022-02-26 15:30:00,2022-02-26 00:00:00,Brighton & Hove Albion,Aston Villa,0,2,A,0,1,A,12,9,1,4,7,2,4,5,0,0,J Brooks,2.2,3.3,3.5,2.27,3.28,3.41,2.35,3.42,3.52
20220226-everton-manchester-city,ENG Premier League,2021-2022,2022-02-26 17:30:00,2022-02-26 00:00:00,Everton,Manchester City,0,1,A,0,0,D,6,13,2,8,3,4,3,2,0,0,P Tierney,10.0,5.75,1.28,10.95,6.04,1.28,12.5,6.5,1.32
20220227-west-ham-united-wolverhampton-wanderers,ENG Premier League,2021-2022,2022-02-27 14:00:00,2022-02-27 00:00:00,West Ham United,Wolverhampton Wanderers,1,0,H,0,0,D,13,14,4,1,3,5,1,0,0,0,A Taylor,2.05,3.3,3.8,2.11,3.24,3.89,2.2,3.35,4.28
20220301-burnley-leicester-city,ENG Premier League,2021-2022,2022-03-01 19:45:00,2022-03-01 00:00:00,Burnley,Leicester City,0,2,A,0,0,D,9,22,2,6,6,8,1,1,0,0,C Kavanagh,2.9,3.4,2.4,2.94,3.34,2.52,3.05,3.41,2.6
20220305-leicester-city-leeds-united,ENG Premier League,2021-2022,2022-03-05 12:30:00,2022-03-05 00:00:00,Leicester City,Leeds United,1,0,H,0,0,D,7,19,4,4,5,10,1,2,0,0,D Coote,1.75,4.0,4.2,1.8,4.12,4.14,1.86,4.25,4.47
20220305-aston-villa-southampton,ENG Premier League,2021-2022,2022-03-05 15:00:00,2022-03-05 00:00:00,Aston Villa,Southampton,4,0,H,2,0,H,14,11,9,1,4,7,1,1,0,0,P Bankes,2.3,3.5,3.0,2.36,3.48,3.04,2.45,3.7,3.15
20220305-burnley-chelsea,ENG Premier League,2021-2022,2022-03-05 15:00:00,2022-03-05 00:00:00,Burnley,Chelsea,0,4,A,0,0,D,6,11,1,5,5,2,2,0,0,0,A Marriner,6.5,4.33,1.5,7.44,4.15,1.5,8.0,4.34,1.54
20220305-newcastle-united-brighton-hove-albion,ENG Premier League,2021-2022,2022-03-05 15:00:00,2022-03-05 00:00:00,Newcastle United,Brighton & Hove Albion,2,1,H,2,0,H,10,15,4,4,4,7,1,1,0,0,M Atkinson,2.75,3.2,2.62,2.77,3.19,2.74,2.88,3.36,2.82
20220305-norwich-city-brentford,ENG Premier League,2021-2022,2022-03-05 15:00:00,2022-03-05 00:00:00,Norwich City,Brentford,1,3,A,0,1,A,15,10,7,6,5,5,2,5,0,0,A Taylor,2.9,3.1,2.5,2.95,3.15,2.6,3.04,3.34,2.68
20220305-wolverhampton-wanderers-crystal-palace,ENG Premier League,2021-2022,2022-03-05 15:00:00,2022-03-05 00:00:00,Wolverhampton Wanderers,Crystal Palace,0,2,A,0,2,A,12,12,5,8,7,7,0,3,0,0,A Madley,2.3,3.1,3.4,2.37,3.1,3.4,2.48,3.26,3.52
20220305-liverpool-west-ham-united,ENG Premier League,2021-2022,2022-03-05 17:30:00,2022-03-05 00:00:00,Liverpool,West Ham United,1,0,H,1,0,H,22,13,5,5,4,6,2,1,0,0,J Moss,1.28,5.75,9.5,1.3,5.86,9.95,1.33,6.35,11.0
20220306-watford-arsenal,ENG Premier League,2021-2022,2022-03-06 14:00:00,2022-03-06 00:00:00,Watford,Arsenal,2,3,A,1,2,A,13,16,7,4,1,5,1,2,0,0,C Pawson,6.0,4.0,1.57,6.14,4.02,1.59,6.6,4.18,1.65
20220306-manchester-city-manchester-united,ENG Premier League,2021-2022,2022-03-06 16:30:00,2022-03-06 00:00:00,Manchester City,Manchester United,4,1,H,2,1,H,24,5,10,2,9,3,0,1,0,0,M Oliver,1.4,4.75,7.5,1.41,4.91,7.86,1.45,5.3,8.6
20220307-tottenham-hotspur-everton,ENG Premier League,2021-2022,2022-03-07 20:00:00,2022-03-07 00:00:00,Tottenham Hotspur,Everton,5,0,H,3,0,H,14,6,7,0,5,2,2,0,0,0,S Attwell,1.57,3.8,5.75,1.61,4.13,5.61,1.66,4.4,6.0
20220310-norwich-city-chelsea,ENG Premier League,2021-2022,2022-03-10 19:30:00,2022-03-10 00:00:00,Norwich City,Chelsea,1,3,A,0,2,A,9,15,3,7,3,8,0,2,0,0,M Atkinson,11.0,4.75,1.3,11.9,5.59,1.29,14.15,5.85,1.32
20220310-southampton-newcastle-united,ENG Premier League,2021-2022,2022-03-10 19:30:00,2022-03-10 00:00:00,Southampton,Newcastle United,1,2,A,1,1,D,14,8,5,4,12,5,1,1,0,0,K Friend,2.0,3.75,3.5,2.0,3.7,3.71,2.05,3.82,4.05
20220310-wolverhampton-wanderers-watford,ENG Premier League,2021-2022,2022-03-10 19:30:00,2022-03-10 00:00:00,Wolverhampton Wanderers,Watford,4,0,H,3,0,H,10,9,5,0,5,2,2,2,0,0,D England,1.75,3.6,4.5,1.82,3.5,4.84,1.88,3.62,5.1
20220310-leeds-united-aston-villa,ENG Premier League,2021-2022,2022-03-10 19:45:00,2022-03-10 00:00:00,Leeds United,Aston Villa,0,3,A,0,1,A,4,15,1,9,3,5,5,3,0,0,S Hooper,2.7,3.5,2.5,2.72,3.59,2.54,2.86,3.7,2.64
20220312-brighton-hove-albion-liverpool,ENG Premier League,2021-2022,2022-03-12 12:30:00,2022-03-12 00:00:00,Brighton & Hove Albion,Liverpool,0,2,A,0,1,A,8,18,3,9,7,6,3,1,0,0,M Dean,6.0,4.33,1.5,6.2,4.47,1.53,6.65,4.73,1.58
20220312-brentford-burnley,ENG Premier League,2021-2022,2022-03-12 15:00:00,2022-03-12 00:00:00,Brentford,Burnley,2,0,H,0,0,D,13,7,4,1,2,9,1,1,0,1,P Tierney,2.15,3.2,3.6,2.2,3.23,3.65,2.3,3.4,3.8
20220312-manchester-united-tottenham-hotspur,ENG Premier League,2021-2022,2022-03-12 17:30:00,2022-03-12 00:00:00,Manchester United,Tottenham Hotspur,3,2,H,2,1,H,10,10,6,3,4,5,2,1,0,0,J Moss,2.2,3.4,3.25,2.18,3.56,3.33,2.24,3.68,3.52
20220313-chelsea-newcastle-united,ENG Premier League,2021-2022,2022-03-13 14:00:00,2022-03-13 00:00:00,Chelsea,Newcastle United,1,0,H,0,0,D,8,7,3,2,7,2,4,3,0,0,D Coote,1.3,5.25,11.0,1.33,5.3,10.16,1.36,5.65,11.2
20220313-everton-wolverhampton-wanderers,ENG Premier League,2021-2022,2022-03-13 14:00:00,2022-03-13 00:00:00,Everton,Wolverhampton Wanderers,0,1,A,0,0,D,8,14,2,3,5,2,2,1,1,0,M Oliver,2.3,3.2,3.3,2.31,3.24,3.35,2.38,3.38,3.5
20220313-leeds-united-norwich-city,ENG Premier League,2021-2022,2022-03-13 14:00:00,2022-03-13 00:00:00,Leeds United,Norwich City,2,1,H,1,0,H,13,12,7,4,6,2,3,1,0,0,S Attwell,1.55,4.2,5.75,1.6,4.31,5.51,1.67,4.5,6.0
20220313-southampton-watford,ENG Premier League,2021-2022,2022-03-13 14:00:00,2022-03-13 00:00:00,Southampton,Watford,1,2,A,1,2,A,13,9,7,5,11,3,3,2,0,0,G Scott,1.6,4.2,5.25,1.61,4.17,5.59,1.66,4.33,6.0
20220313-west-ham-united-aston-villa,ENG Premier League,2021-2022,2022-03-13 14:00:00,2022-03-13 00:00:00,West Ham United,Aston Villa,2,1,H,0,0,D,11,13,4,7,5,7,1,0,0,0,J Gillett,2.25,3.3,3.3,2.33,3.31,3.24,2.45,3.45,3.55
20220313-arsenal-leicester-city,ENG Premier League,2021-2022,2022-03-13 16:30:00,2022-03-13 00:00:00,Arsenal,Leicester City,2,0,H,1,0,H,21,6,8,3,2,6,0,3,0,0,A Taylor,1.5,4.5,6.0,1.53,4.55,6.0,1.58,4.74,6.5
20220314-crystal-palace-manchester-city,ENG Premier League,2021-2022,2022-03-14 20:00:00,2022-03-14 00:00:00,Crystal Palace,Manchester City,0,0,D,0,0,D,7,18,1,4,2,6,3,1,0,0,M Atkinson,10.0,5.0,1.33,9.82,5.5,1.32,11.25,5.8,1.36
20220316-brighton-hove-albion-tottenham-hotspur,ENG Premier League,2021-2022,2022-03-16 19:30:00,2022-03-16 00:00:00,Brighton & Hove Albion,Tottenham Hotspur,0,2,A,0,1,A,15,17,0,7,6,3,2,2,0,0,R Jones,3.3,3.3,2.25,3.28,3.34,2.3,3.38,3.48,2.38
20220316-arsenal-liverpool,ENG Premier League,2021-2022,2022-03-16 20:15:00,2022-03-16 00:00:00,Arsenal,Liverpool,0,2,A,0,0,D,9,9,2,3,1,6,0,1,0,0,A Marriner,3.5,4.0,1.9,3.78,3.98,1.92,4.0,4.25,1.98
20220317-everton-newcastle-united,ENG Premier League,2021-2022,2022-03-17 19:45:00,2022-03-17 00:00:00,Everton,Newcastle United,1,0,H,0,0,D,9,17,3,6,5,7,2,1,1,0,C Pawson,2.4,3.25,3.1,2.37,3.38,3.11,2.43,3.58,3.23
20220318-wolverhampton-wanderers-leeds-united,ENG Premier League,2021-2022,2022-03-18 20:00:00,2022-03-18 00:00:00,Wolverhampton Wanderers,Leeds United,2,3,A,2,0,H,14,15,8,6,2,5,1,4,1,0,K Friend,2.1,3.5,3.4,2.14,3.49,3.56,2.25,3.66,3.75
20220319-aston-villa-arsenal,ENG Premier League,2021-2022,2022-03-19 12:30:00,2022-03-19 00:00:00,Aston Villa,Arsenal,0,1,A,0,1,A,8,10,1,3,6,5,3,3,0,0,A Madley,3.0,3.3,2.4,2.99,3.47,2.41,3.1,3.6,2.52
20220320-leicester-city-brentford,ENG Premier League,2021-2022,2022-03-20 14:00:00,2022-03-20 00:00:00,Leicester City,Brentford,2,1,H,2,0,H,12,15,4,6,2,5,1,2,0,0,D England,2.15,3.4,3.4,2.19,3.45,3.41,2.26,3.55,3.59
20220320-tottenham-hotspur-west-ham-united,ENG Premier League,2021-2022,2022-03-20 16:30:00,2022-03-20 00:00:00,Tottenham Hotspur,West Ham United,3,1,H,2,1,H,17,6,4,1,5,3,0,1,0,0,A Taylor,1.72,3.8,4.75,1.75,3.94,4.7,1.8,4.15,5.02
20220402-liverpool-watford,ENG Premier League,2021-2022,2022-04-02 12:30:00,2022-04-02 00:00:00,Liverpool,Watford,2,0,H,1,0,H,20,5,3,2,9,3,1,1,0,0,S Attwell,1.12,9.5,17.0,1.13,9.36,21.82,1.16,10.0,26.0
20220402-brighton-hove-albion-norwich-city,ENG Premier League,2021-2022,2022-04-02 15:00:00,2022-04-02 00:00:00,Brighton & Hove Albion,Norwich City,0,0,D,0,0,D,31,6,4,0,11,2,1,1,0,0,S Hooper,1.5,4.0,7.0,1.5,4.12,7.51,1.54,4.47,8.3
20220402-burnley-manchester-city,ENG Premier League,2021-2022,2022-04-02 15:00:00,2022-04-02 00:00:00,Burnley,Manchester City,0,2,A,0,2,A,3,18,1,6,1,8,1,0,0,0,C Pawson,15.0,6.5,1.2,13.75,6.54,1.23,15.0,7.0,1.26
20220402-chelsea-brentford,ENG Premier League,2021-2022,2022-04-02 15:00:00,2022-04-02 00:00:00,Chelsea,Brentford,1,4,A,0,0,D,21,17,8,6,12,7,0,0,0,0,A Madley,1.33,5.0,10.0,1.35,4.99,10.04,1.38,5.33,11.0
20220402-leeds-united-southampton,ENG Premier League,2021-2022,2022-04-02 15:00:00,2022-04-02 00:00:00,Leeds United,Southampton,1,1,D,1,0,H,12,14,3,6,4,7,1,1,0,0,A Taylor,2.37,3.75,2.75,2.42,3.61,2.86,2.54,3.89,3.02
20220402-wolverhampton-wanderers-aston-villa,ENG Premier League,2021-2022,2022-04-02 15:00:00,2022-04-02 00:00:00,Wolverhampton Wanderers,Aston Villa,2,1,H,2,0,H,11,15,5,5,4,9,4,3,0,0,D England,3.0,3.1,2.55,3.01,3.1,2.59,3.13,3.3,2.71
20220402-manchester-united-leicester-city,ENG Premier League,2021-2022,2022-04-02 17:30:00,2022-04-02 00:00:00,Manchester United,Leicester City,1,1,D,0,0,D,11,11,5,3,6,5,2,2,0,0,A Marriner,1.5,4.5,6.0,1.52,4.6,6.1,1.56,4.8,6.75
20220403-west-ham-united-everton,ENG Premier League,2021-2022,2022-04-03 14:00:00,2022-04-03 00:00:00,West Ham United,Everton,2,1,H,1,0,H,11,13,5,2,2,4,1,1,0,1,M Oliver,1.75,3.8,4.5,1.79,3.75,4.6,1.85,3.91,4.9
20220403-tottenham-hotspur-newcastle-united,ENG Premier League,2021-2022,2022-04-03 16:30:00,2022-04-03 00:00:00,Tottenham Hotspur,Newcastle United,5,1,H,1,1,D,19,8,6,1,2,3,2,3,0,0,M Atkinson,1.5,4.33,6.5,1.52,4.36,6.58,1.56,4.55,7.0
20220404-crystal-palace-arsenal,ENG Premier League,2021-2022,2022-04-04 20:00:00,2022-04-04 00:00:00,Crystal Palace,Arsenal,3,0,H,2,0,H,6,12,5,3,0,2,0,2,0,0,P Tierney,4.0,3.4,1.95,4.05,3.41,1.99,4.25,3.56,2.06
20220406-burnley-everton,ENG Premier League,2021-2022,2022-04-06 19:30:00,2022-04-06 00:00:00,Burnley,Everton,3,2,H,1,2,A,13,16,4,4,9,6,2,2,0,0,M Dean,2.62,3.1,2.87,2.57,3.16,2.98,2.75,3.26,3.13
20220408-newcastle-united-wolverhampton-wanderers,ENG Premier League,2021-2022,2022-04-08 20:00:00,2022-04-08 00:00:00,Newcastle United,Wolverhampton Wanderers,1,0,H,0,0,D,12,5,4,2,1,2,1,1,0,0,P Bankes,2.25,3.1,3.4,2.31,3.11,3.51,2.4,3.26,3.69
20220409-everton-manchester-united,ENG Premier League,2021-2022,2022-04-09 12:30:00,2022-04-09 00:00:00,Everton,Manchester United,1,0,H,1,0,H,7,12,3,4,5,7,2,2,0,0,J Moss,4.6,3.75,1.75,4.48,3.84,1.8,4.74,3.95,1.85
20220409-arsenal-brighton-hove-albion,ENG Premier League,2021-2022,2022-04-09 15:00:00,2022-04-09 00:00:00,Arsenal,Brighton & Hove Albion,1,2,A,0,1,A,20,8,4,3,11,2,3,4,0,0,D Coote,1.61,3.8,5.75,1.65,3.9,5.64,1.7,4.05,6.0
20220409-southampton-chelsea,ENG Premier League,2021-2022,2022-04-09 15:00:00,2022-04-09 00:00:00,Southampton,Chelsea,0,6,A,0,4,A,4,24,1,14,3,3,1,0,0,0,K Friend,3.8,3.6,1.95,3.98,3.69,1.93,4.19,3.85,2.0
20220409-watford-leeds-united,ENG Premier League,2021-2022,2022-04-09 15:00:00,2022-04-09 00:00:00,Watford,Leeds United,0,3,A,0,1,A,8,10,1,5,3,8,2,0,0,0,A Marriner,2.7,3.4,2.55,2.69,3.54,2.58,2.77,3.7,2.69
20220409-aston-villa-tottenham-hotspur,ENG Premier League,2021-2022,2022-04-09 17:30:00,2022-04-09 00:00:00,Aston Villa,Tottenham Hotspur,0,4,A,0,1,A,9,11,8,5,9,3,2,3,0,0,G Scott,3.2,3.4,2.25,3.15,3.55,2.27,3.3,3.68,2.34
20220410-brentford-west-ham-united,ENG Premier League,2021-2022,2022-04-10 14:00:00,2022-04-10 00:00:00,Brentford,West Ham United,2,0,H,0,0,D,15,5,7,1,4,6,0,1,0,0,M Atkinson,2.62,3.3,2.62,2.69,3.31,2.73,2.86,3.48,2.88
20220410-leicester-city-crystal-palace,ENG Premier League,2021-2022,2022-04-10 14:00:00,2022-04-10 00:00:00,Leicester City,Crystal Palace,2,1,H,2,0,H,12,11,3,3,3,4,1,1,0,0,R Jones,2.37,3.3,2.9,2.41,3.44,2.98,2.5,3.58,3.15
20220410-norwich-city-burnley,ENG Premier League,2021-2022,2022-04-10 14:00:00,2022-04-10 00:00:00,Norwich City,Burnley,2,0,H,1,0,H,17,18,6,4,6,7,1,1,0,0,M Oliver,2.87,3.2,2.55,2.97,3.19,2.56,3.15,3.32,2.65
20220410-manchester-city-liverpool,ENG Premier League,2021-2022,2022-04-10 16:30:00,2022-04-10 00:00:00,Manchester City,Liverpool,2,2,D,2,1,H,11,6,5,4,4,1,1,4,0,0,A Taylor,2.0,3.75,3.5,2.06,3.71,3.5,2.14,3.88,3.7
20220416-tottenham-hotspur-brighton-hove-albion,ENG Premier League,2021-2022,2022-04-16 12:30:00,2022-04-16 00:00:00,Tottenham Hotspur,Brighton & Hove Albion,0,1,A,0,0,D,5,12,0,5,4,4,3,3,0,0,C Pawson,1.53,4.0,6.5,1.54,4.25,6.35,1.59,4.4,6.9
20220416-manchester-united-norwich-city,ENG Premier League,2021-2022,2022-04-16 15:00:00,2022-04-16 00:00:00,Manchester United,Norwich City,3,2,H,2,1,H,20,15,9,4,6,7,0,0,0,0,A Madley,1.25,6.5,10.0,1.24,6.45,12.84,1.28,6.8,15.0
20220416-southampton-arsenal,ENG Premier League,2021-2022,2022-04-16 15:00:00,2022-04-16 00:00:00,Southampton,Arsenal,1,0,H,1,0,H,9,23,3,6,6,8,2,1,0,0,P Bankes,3.8,3.6,1.95,3.9,3.68,1.95,4.05,3.9,2.02
20220416-watford-brentford,ENG Premier League,2021-2022,2022-04-16 15:00:00,2022-04-16 00:00:00,Watford,Brentford,1,2,A,0,1,A,17,16,4,5,6,5,2,1,0,0,S Hooper,2.7,3.3,2.55,2.86,3.28,2.59,2.95,3.4,2.65
20220417-newcastle-united-leicester-city,ENG Premier League,2021-2022,2022-04-17 14:15:00,2022-04-17 00:00:00,Newcastle United,Leicester City,2,1,H,1,1,D,16,8,7,2,3,5,2,2,0,0,J Gillett,2.2,3.4,3.3,2.25,3.38,3.32,2.36,3.5,3.46
20220417-west-ham-united-burnley,ENG Premier League,2021-2022,2022-04-17 14:15:00,2022-04-17 00:00:00,West Ham United,Burnley,1,1,D,0,1,A,21,9,8,1,13,4,2,2,0,0,P Tierney,1.7,3.8,5.0,1.72,3.84,5.02,1.79,4.04,5.46
20220419-liverpool-manchester-united,ENG Premier League,2021-2022,2022-04-19 20:00:00,2022-04-19 00:00:00,Liverpool,Manchester United,4,0,H,2,0,H,14,2,5,1,10,2,1,2,0,0,M Atkinson,1.4,5.0,7.0,1.41,5.21,7.44,1.51,5.5,8.0
20220420-chelsea-arsenal,ENG Premier League,2021-2022,2022-04-20 19:45:00,2022-04-20 00:00:00,Chelsea,Arsenal,2,4,A,2,2,D,11,14,2,4,6,1,3,1,0,0,J Moss,1.83,3.6,4.33,1.87,3.64,4.34,1.92,3.8,4.65
20220420-everton-leicester-city,ENG Premier League,2021-2022,2022-04-20 19:45:00,2022-04-20 00:00:00,Everton,Leicester City,1,1,D,0,1,A,13,11,3,3,5,4,3,1,0,0,D Coote,2.25,3.4,3.25,2.32,3.45,3.15,2.4,3.62,3.27
20220420-newcastle-united-crystal-palace,ENG Premier League,2021-2022,2022-04-20 19:45:00,2022-04-20 00:00:00,Newcastle United,Crystal Palace,1,0,H,1,0,H,13,10,4,2,2,5,1,1,0,0,T Harrington,2.25,3.4,3.25,2.34,3.26,3.25,2.44,3.4,3.36
20220420-manchester-city-brighton-hove-albion,ENG Premier League,2021-2022,2022-04-20 20:00:00,2022-04-20 00:00:00,Manchester City,Brighton & Hove Albion,3,0,H,0,0,D,17,2,5,1,7,4,0,3,0,0,M Dean,1.16,7.0,17.0,1.2,6.85,17.12,1.23,7.3,19.5
20220421-burnley-southampton,ENG Premier League,2021-2022,2022-04-21 19:45:00,2022-04-21 00:00:00,Burnley,Southampton,2,0,H,2,0,H,16,11,6,3,10,10,2,2,0,0,S Attwell,2.75,3.25,2.62,2.76,3.41,2.61,2.95,3.56,2.72
20220423-arsenal-manchester-united,ENG Premier League,2021-2022,2022-04-23 12:30:00,2022-04-23 00:00:00,Arsenal,Manchester United,3,1,H,2,1,H,14,14,7,5,1,7,3,4,0,0,C Pawson,2.05,3.5,3.5,2.11,3.58,3.5,2.18,3.75,3.7
20220423-leicester-city-aston-villa,ENG Premier League,2021-2022,2022-04-23 15:00:00,2022-04-23 00:00:00,Leicester City,Aston Villa,0,0,D,0,0,D,5,11,2,3,7,6,3,2,0,0,A Madley,2.8,3.4,2.5,2.85,3.39,2.54,3.0,3.5,2.68
20220423-manchester-city-watford,ENG Premier League,2021-2022,2022-04-23 15:00:00,2022-04-23 00:00:00,Manchester City,Watford,5,1,H,3,1,H,21,5,8,2,11,4,1,0,0,0,K Friend,1.1,10.0,26.0,1.11,9.78,25.83,1.14,10.5,32.0
20220423-norwich-city-newcastle-united,ENG Premier League,2021-2022,2022-04-23 15:00:00,2022-04-23 00:00:00,Norwich City,Newcastle United,0,3,A,0,2,A,5,13,2,7,2,3,0,2,0,0,C Kavanagh,3.5,3.3,2.15,3.55,3.33,2.18,3.76,3.57,2.26
20220423-brentford-tottenham-hotspur,ENG Premier League,2021-2022,2022-04-23 17:30:00,2022-04-23 00:00:00,Brentford,Tottenham Hotspur,0,0,D,0,0,D,15,9,2,0,12,8,2,1,0,0,M Atkinson,4.33,3.5,1.85,4.28,3.67,1.87,4.5,3.8,1.94
20220424-brighton-hove-albion-southampton,ENG Premier League,2021-2022,2022-04-24 14:00:00,2022-04-24 00:00:00,Brighton & Hove Albion,Southampton,2,2,D,2,1,H,8,18,5,5,6,6,1,0,0,0,R Jones,2.1,3.4,3.6,2.17,3.32,3.59,2.23,3.45,3.78
20220424-burnley-wolverhampton-wanderers,ENG Premier League,2021-2022,2022-04-24 14:00:00,2022-04-24 00:00:00,Burnley,Wolverhampton Wanderers,1,0,H,0,0,D,14,10,5,4,3,6,3,1,0,0,A Taylor,2.7,3.0,2.87,2.71,3.11,2.86,2.91,3.32,2.95
20220424-chelsea-west-ham-united,ENG Premier League,2021-2022,2022-04-24 14:00:00,2022-04-24 00:00:00,Chelsea,West Ham United,1,0,H,0,0,D,26,6,5,2,3,1,1,0,0,1,M Oliver,1.5,4.33,6.5,1.53,4.37,6.4,1.59,4.6,6.7
20220424-liverpool-everton,ENG Premier League,2021-2022,2022-04-24 16:30:00,2022-04-24 00:00:00,Liverpool,Everton,2,0,H,0,0,D,18,9,4,1,13,1,2,5,0,0,S Attwell,1.18,7.0,15.0,1.19,7.35,15.64,1.22,7.9,19.0
20220425-crystal-palace-leeds-united,ENG Premier League,2021-2022,2022-04-25 20:00:00,2022-04-25 00:00:00,Crystal Palace,Leeds United,0,0,D,0,0,D,17,9,7,2,6,3,2,2,0,0,D England,2.05,3.5,3.5,2.08,3.59,3.53,2.14,3.7,3.7
20220428-manchester-united-chelsea,ENG Premier League,2021-2022,2022-04-28 19:45:00,2022-04-28 00:00:00,Manchester United,Chelsea,1,1,D,0,0,D,6,21,3,6,2,9,0,1,0,0,M Dean,3.2,3.4,2.25,3.17,3.57,2.25,3.25,3.76,2.35
20220430-newcastle-united-liverpool,ENG Premier League,2021-2022,2022-04-30 12:30:00,2022-04-30 00:00:00,Newcastle United,Liverpool,0,1,A,0,1,A,4,24,2,10,0,6,1,3,0,0,A Marriner,8.5,5.0,1.36,7.81,4.87,1.41,8.5,5.1,1.47
20220430-aston-villa-norwich-city,ENG Premier League,2021-2022,2022-04-30 15:00:00,2022-04-30 00:00:00,Aston Villa,Norwich City,2,0,H,1,0,H,21,9,6,3,2,3,4,1,0,0,J Brooks,1.4,4.5,9.0,1.4,4.94,8.3,1.43,5.2,9.0
20220430-southampton-crystal-palace,ENG Premier League,2021-2022,2022-04-30 15:00:00,2022-04-30 00:00:00,Southampton,Crystal Palace,1,2,A,1,0,H,8,14,3,5,6,7,1,3,0,0,J Gillett,2.4,3.3,3.1,2.41,3.37,3.05,2.5,3.54,3.14
20220430-watford-burnley,ENG Premier League,2021-2022,2022-04-30 15:00:00,2022-04-30 00:00:00,Watford,Burnley,1,2,A,1,0,H,13,17,1,6,5,6,1,2,0,0,C Pawson,2.6,3.3,2.75,2.68,3.31,2.75,2.78,3.45,2.84
20220430-wolverhampton-wanderers-brighton-hove-albion,ENG Premier League,2021-2022,2022-04-30 15:00:00,2022-04-30 00:00:00,Wolverhampton Wanderers,Brighton & Hove Albion,0,3,A,0,1,A,11,17,1,9,7,3,2,1,0,0,S Hooper,2.7,3.2,2.75,2.75,3.09,2.83,2.88,3.25,2.93
20220430-leeds-united-manchester-city,ENG Premier League,2021-2022,2022-04-30 17:30:00,2022-04-30 00:00:00,Leeds United,Manchester City,0,4,A,0,1,A,7,19,2,6,3,6,1,2,0,0,P Tierney,8.5,6.0,1.3,9.69,5.85,1.31,11.0,6.3,1.33
20220501-everton-chelsea,ENG Premier League,2021-2022,2022-05-01 14:00:00,2022-05-01 00:00:00,Everton,Chelsea,1,0,H,0,0,D,9,17,4,5,3,8,3,5,0,0,K Friend,5.0,3.6,1.75,4.83,3.71,1.77,5.21,3.88,1.82
20220501-tottenham-hotspur-leicester-city,ENG Premier League,2021-2022,2022-05-01 14:00:00,2022-05-01 00:00:00,Tottenham Hotspur,Leicester City,3,1,H,1,0,H,13,6,7,2,7,3,2,3,0,0,J Moss,1.44,4.75,7.0,1.46,4.8,6.88,1.49,5.0,7.5
20220501-west-ham-united-arsenal,ENG Premier League,2021-2022,2022-05-01 16:30:00,2022-05-01 00:00:00,West Ham United,Arsenal,1,2,A,1,1,D,8,13,3,7,3,7,2,2,0,0,M Dean,4.33,3.8,1.8,4.54,3.84,1.79,4.75,4.1,1.84
20220502-manchester-united-brentford,ENG Premier League,2021-2022,2022-05-02 20:00:00,2022-05-02 00:00:00,Manchester United,Brentford,3,0,H,1,0,H,9,12,5,4,3,8,1,0,0,0,C Kavanagh,1.72,4.0,4.5,1.76,3.95,4.51,1.82,4.1,4.75
20220507-brentford-southampton,ENG Premier League,2021-2022,2022-05-07 15:00:00,2022-05-07 00:00:00,Brentford,Southampton,3,0,H,2,0,H,18,19,5,4,4,7,0,1,0,0,M Salisbury,2.15,3.5,3.3,2.21,3.44,3.35,2.28,3.62,3.55
20220507-burnley-aston-villa,ENG Premier League,2021-2022,2022-05-07 15:00:00,2022-05-07 00:00:00,Burnley,Aston Villa,1,3,A,0,2,A,14,12,6,7,4,5,1,2,0,0,D Coote,3.0,3.3,2.4,3.0,3.33,2.46,3.1,3.51,2.55
20220507-chelsea-wolverhampton-wanderers,ENG Premier League,2021-2022,2022-05-07 15:00:00,2022-05-07 00:00:00,Chelsea,Wolverhampton Wanderers,2,2,D,0,0,D,19,14,6,4,9,3,1,3,0,0,P Bankes,1.33,5.0,9.5,1.36,4.95,9.62,1.39,5.3,11.25
20220507-crystal-palace-watford,ENG Premier League,2021-2022,2022-05-07 15:00:00,2022-05-07 00:00:00,Crystal Palace,Watford,1,0,H,1,0,H,15,6,7,1,8,5,2,1,0,1,G Scott,1.65,4.0,5.0,1.69,3.89,5.2,1.74,4.05,5.5
20220507-brighton-hove-albion-manchester-united,ENG Premier League,2021-2022,2022-05-07 17:30:00,2022-05-07 00:00:00,Brighton & Hove Albion,Manchester United,4,0,H,1,0,H,17,15,6,5,7,6,0,2,0,0,A Madley,2.8,3.5,2.45,2.8,3.44,2.56,2.86,3.58,2.67
20220507-liverpool-tottenham-hotspur,ENG Premier League,2021-2022,2022-05-07 19:45:00,2022-05-07 00:00:00,Liverpool,Tottenham Hotspur,1,1,D,0,0,D,22,8,3,3,11,5,3,2,0,0,M Oliver,1.4,5.0,7.0,1.46,4.89,6.68,1.5,5.2,7.3
20220508-arsenal-leeds-united,ENG Premier League,2021-2022,2022-05-08 14:00:00,2022-05-08 00:00:00,Arsenal,Leeds United,2,1,H,2,0,H,19,3,9,2,8,2,2,2,0,1,C Kavanagh,1.45,4.5,7.0,1.46,4.81,6.77,1.5,5.03,7.31
20220508-leicester-city-everton,ENG Premier League,2021-2022,2022-05-08 14:00:00,2022-05-08 00:00:00,Leicester City,Everton,1,2,A,1,2,A,16,10,9,4,6,1,3,0,0,0,C Pawson,2.6,3.3,2.75,2.61,3.34,2.8,2.72,3.44,3.05
20220508-norwich-city-west-ham-united,ENG Premier League,2021-2022,2022-05-08 14:00:00,2022-05-08 00:00:00,Norwich City,West Ham United,0,4,A,0,3,A,8,13,2,5,9,5,1,1,0,0,R Jones,4.5,3.8,1.75,4.51,3.81,1.8,4.7,3.96,1.86
20220508-manchester-city-newcastle-united,ENG Premier League,2021-2022,2022-05-08 16:30:00,2022-05-08 00:00:00,Manchester City,Newcastle United,5,0,H,2,0,H,21,7,9,3,8,2,1,3,0,0,S Attwell,1.16,7.0,17.0,1.18,7.63,17.16,1.2,8.0,21.0
20220510-aston-villa-liverpool,ENG Premier League,2021-2022,2022-05-10 20:00:00,2022-05-10 00:00:00,Aston Villa,Liverpool,1,2,A,1,1,D,9,17,4,6,2,3,0,0,0,0,J Moss,7.5,4.75,1.4,7.35,4.85,1.44,8.0,5.0,1.56
20220511-leeds-united-chelsea,ENG Premier League,2021-2022,2022-05-11 19:30:00,2022-05-11 00:00:00,Leeds United,Chelsea,0,3,A,0,1,A,5,17,0,4,1,5,1,0,1,0,A Taylor,4.75,4.2,1.65,4.98,4.17,1.67,5.34,4.4,1.7
20220511-leicester-city-norwich-city,ENG Premier League,2021-2022,2022-05-11 19:45:00,2022-05-11 00:00:00,Leicester City,Norwich City,3,0,H,0,0,D,20,9,8,5,10,2,0,0,0,0,S Hooper,1.44,4.75,7.0,1.44,4.9,7.02,1.49,5.2,8.0
20220511-watford-everton,ENG Premier League,2021-2022,2022-05-11 19:45:00,2022-05-11 00:00:00,Watford,Everton,0,0,D,0,0,D,6,16,0,5,1,13,1,2,0,0,M Dean,4.2,3.6,1.83,4.26,3.68,1.87,4.5,3.89,1.93
20220511-wolverhampton-wanderers-manchester-city,ENG Premier League,2021-2022,2022-05-11 20:15:00,2022-05-11 00:00:00,Wolverhampton Wanderers,Manchester City,1,5,A,1,3,A,7,16,3,5,6,2,0,1,0,0,M Atkinson,11.0,6.0,1.25,12.83,5.88,1.26,14.04,6.4,1.29
20220512-tottenham-hotspur-arsenal,ENG Premier League,2021-2022,2022-05-12 19:45:00,2022-05-12 00:00:00,Tottenham Hotspur,Arsenal,3,0,H,2,0,H,16,8,6,4,2,2,1,3,0,1,P Tierney,2.05,3.75,3.5,2.12,3.6,3.42,2.2,3.79,3.62
20220515-tottenham-hotspur-burnley,ENG Premier League,2021-2022,2022-05-15 12:00:00,2022-05-15 00:00:00,Tottenham Hotspur,Burnley,1,0,H,1,0,H,21,8,8,1,8,2,3,2,0,0,K Friend,1.33,5.25,9.0,1.34,5.36,9.11,1.38,5.6,9.71
20220515-aston-villa-crystal-palace,ENG Premier League,2021-2022,2022-05-15 14:00:00,2022-05-15 00:00:00,Aston Villa,Crystal Palace,1,1,D,0,0,D,13,16,4,4,1,5,1,3,0,0,C Kavanagh,2.0,3.5,3.75,2.06,3.55,3.63,2.15,3.72,3.75
20220515-leeds-united-brighton-hove-albion,ENG Premier League,2021-2022,2022-05-15 14:00:00,2022-05-15 00:00:00,Leeds United,Brighton & Hove Albion,1,1,D,0,1,A,19,16,5,6,8,1,3,2,0,0,M Dean,2.62,3.5,2.62,2.67,3.52,2.61,2.8,3.7,2.75
20220515-watford-leicester-city,ENG Premier League,2021-2022,2022-05-15 14:00:00,2022-05-15 00:00:00,Watford,Leicester City,1,5,A,1,2,A,13,13,5,7,7,3,0,1,0,0,J Gillett,3.8,3.5,1.95,3.65,3.68,2.02,3.86,3.84,2.1
20220515-west-ham-united-manchester-city,ENG Premier League,2021-2022,2022-05-15 14:00:00,2022-05-15 00:00:00,West Ham United,Manchester City,2,2,D,2,0,H,6,31,2,8,4,9,3,1,0,0,A Taylor,7.5,5.0,1.4,8.01,5.2,1.38,8.5,5.55,1.42
20220515-wolverhampton-wanderers-norwich-city,ENG Premier League,2021-2022,2022-05-15 14:00:00,2022-05-15 00:00:00,Wolverhampton Wanderers,Norwich City,1,1,D,0,1,A,17,11,4,2,5,3,0,3,0,0,T Harrington,1.45,4.75,6.5,1.46,4.58,7.25,1.5,4.8,8.0
20220515-everton-brentford,ENG Premier League,2021-2022,2022-05-15 16:30:00,2022-05-15 00:00:00,Everton,Brentford,2,3,A,2,1,H,10,18,5,7,5,2,0,3,2,0,M Oliver,2.05,3.6,3.5,2.1,3.55,3.53,2.18,3.65,3.75
20220516-newcastle-united-arsenal,ENG Premier League,2021-2022,2022-05-16 20:00:00,2022-05-16 00:00:00,Newcastle United,Arsenal,2,0,H,0,0,D,16,11,4,2,12,8,0,3,0,0,D England,4.33,3.6,1.83,4.14,3.68,1.88,4.33,3.98,1.95
20220517-southampton-liverpool,ENG Premier League,2021-2022,2022-05-17 19:45:00,2022-05-17 00:00:00,Southampton,Liverpool,1,2,A,1,1,D,4,24,2,5,1,9,2,0,0,0,M Atkinson,7.5,5.5,1.33,8.02,5.49,1.37,9.0,5.8,1.42
20220519-everton-crystal-palace,ENG Premier League,2021-2022,2022-05-19 19:45:00,2022-05-19 00:00:00,Everton,Crystal Palace,3,2,H,0,2,A,12,7,6,5,4,5,2,3,0,0,A Taylor,1.9,3.4,4.33,1.95,3.47,4.16,2.01,3.66,4.5
20220519-aston-villa-burnley,ENG Premier League,2021-2022,2022-05-19 20:00:00,2022-05-19 00:00:00,Aston Villa,Burnley,1,1,D,0,1,A,22,10,9,5,13,6,0,1,0,1,P Tierney,2.05,3.5,3.6,2.05,3.56,3.7,2.12,3.7,3.9
20220519-chelsea-leicester-city,ENG Premier League,2021-2022,2022-05-19 20:00:00,2022-05-19 00:00:00,Chelsea,Leicester City,1,1,D,1,1,D,20,2,7,1,6,0,4,1,0,0,S Attwell,1.4,4.75,8.0,1.38,4.91,8.66,1.42,5.4,9.25
20220522-arsenal-everton,ENG Premier League,2021-2022,2022-05-22 16:00:00,2022-05-22 00:00:00,Arsenal,Everton,5,1,H,2,1,H,26,6,9,2,12,2,0,1,0,0,A Marriner,1.36,4.75,9.0,1.37,5.15,8.69,1.4,5.5,9.6
20220522-brentford-leeds-united,ENG Premier League,2021-2022,2022-05-22 16:00:00,2022-05-22 00:00:00,Brentford,Leeds United,1,2,A,0,0,D,14,14,5,6,3,2,2,1,1,0,P Tierney,2.45,3.8,2.62,2.41,3.76,2.79,2.48,3.92,2.88
20220522-brighton-hove-albion-west-ham-united,ENG Premier League,2021-2022,2022-05-22 16:00:00,2022-05-22 00:00:00,Brighton & Hove Albion,West Ham United,3,1,H,0,1,A,18,7,7,2,5,6,1,1,0,0,K Friend,2.37,3.5,2.9,2.4,3.57,2.91,2.5,3.7,3.0
20220522-burnley-newcastle-united,ENG Premier League,2021-2022,2022-05-22 16:00:00,2022-05-22 00:00:00,Burnley,Newcastle United,1,2,A,0,1,A,12,8,5,6,8,2,1,0,0,0,C Pawson,2.25,3.4,3.2,2.24,3.48,3.25,2.34,3.62,3.37
20220522-chelsea-watford,ENG Premier League,2021-2022,2022-05-22 16:00:00,2022-05-22 00:00:00,Chelsea,Watford,2,1,H,1,0,H,19,8,8,3,3,3,0,0,0,0,M Dean,1.18,7.5,15.0,1.17,7.89,17.63,1.22,8.7,20.0
20220522-crystal-palace-manchester-united,ENG Premier League,2021-2022,2022-05-22 16:00:00,2022-05-22 00:00:00,Crystal Palace,Manchester United,1,0,H,1,0,H,6,10,3,4,3,6,2,4,0,0,M Atkinson,3.0,3.6,2.25,3.1,3.66,2.25,3.23,3.81,2.35
20220522-leicester-city-southampton,ENG Premier League,2021-2022,2022-05-22 16:00:00,2022-05-22 00:00:00,Leicester City,Southampton,4,1,H,0,0,D,12,7,6,2,3,3,0,1,0,0,J Moss,1.85,4.0,3.8,1.88,4.03,3.86,1.95,4.25,4.0
20220522-liverpool-wolverhampton-wanderers,ENG Premier League,2021-2022,2022-05-22 16:00:00,2022-05-22 00:00:00,Liverpool,Wolverhampton Wanderers,3,1,H,1,1,D,29,7,8,5,5,3,1,0,0,0,A Taylor,1.14,8.5,15.0,1.16,8.12,18.95,1.19,8.8,23.0
20220522-manchester-city-aston-villa,ENG Premier League,2021-2022,2022-05-22 16:00:00,2022-05-22 00:00:00,Manchester City,Aston Villa,3,2,H,0,1,A,24,4,5,2,13,1,0,1,0,0,M Oliver,1.16,8.0,17.0,1.16,8.18,18.24,1.2,9.1,24.0
20220522-norwich-city-tottenham-hotspur,ENG Premier League,2021-2022,2022-05-22 16:00:00,2022-05-22 00:00:00,Norwich City,Tottenham Hotspur,0,5,A,0,2,A,9,19,0,13,3,2,3,1,0,0,C Kavanagh,9.5,6.5,1.25,11.19,6.45,1.26,13.0,7.0,1.29
20220805-crystal-palace-arsenal,ENG Premier League,2022-2023,2022-08-05 20:00:00,2022-08-05 00:00:00,Crystal Palace,Arsenal,0,2,A,0,1,A,10,10,2,2,3,5,1,2,0,0,A Taylor,4.2,3.6,1.85,4.39,3.59,1.88,4.6,3.78,1.95
20220806-fulham-liverpool,ENG Premier League,2022-2023,2022-08-06 12:30:00,2022-08-06 00:00:00,Fulham,Liverpool,2,2,D,1,0,H,9,11,3,4,4,4,2,0,0,0,A Madley,11.0,6.0,1.25,10.99,6.05,1.28,13.0,6.4,1.31
20220806-bournemouth-aston-villa,ENG Premier League,2022-2023,2022-08-06 15:00:00,2022-08-06 00:00:00,Bournemouth,Aston Villa,2,0,H,1,0,H,7,15,3,2,5,5,3,3,0,0,P Bankes,3.75,3.5,2.0,3.8,3.5,2.04,4.0,3.66,2.1
20220806-leeds-united-wolverhampton-wanderers,ENG Premier League,2022-2023,2022-08-06 15:00:00,2022-08-06 00:00:00,Leeds United,Wolverhampton Wanderers,2,1,H,1,1,D,12,15,4,6,6,4,2,0,0,0,R Jones,2.25,3.4,3.2,2.34,3.34,3.18,2.42,3.54,3.3
20220806-newcastle-united-nottingham-forest,ENG Premier League,2022-2023,2022-08-06 15:00:00,2022-08-06 00:00:00,Newcastle United,Nottingham Forest,2,0,H,0,0,D,23,5,10,0,11,1,0,3,0,0,S Hooper,1.66,3.8,5.25,1.67,3.8,5.57,1.72,3.96,6.0
20220806-tottenham-hotspur-southampton,ENG Premier League,2022-2023,2022-08-06 15:00:00,2022-08-06 00:00:00,Tottenham Hotspur,Southampton,4,1,H,2,1,H,18,10,8,2,10,2,3,0,0,0,A Marriner,1.33,5.5,8.5,1.36,5.27,8.64,1.4,5.5,9.2
20220806-everton-chelsea,ENG Premier League,2022-2023,2022-08-06 17:30:00,2022-08-06 00:00:00,Everton,Chelsea,0,1,A,0,1,A,8,15,4,6,4,16,3,2,0,0,C Pawson,5.5,4.0,1.61,5.74,3.96,1.63,6.1,4.2,1.67
20220807-leicester-city-brentford,ENG Premier League,2022-2023,2022-08-07 14:00:00,2022-08-07 00:00:00,Leicester City,Brentford,2,2,D,1,0,H,14,8,5,3,5,6,0,0,0,0,J Gillett,2.0,3.75,3.5,2.03,3.66,3.64,2.1,3.84,3.8
20220807-manchester-united-brighton-hove-albion,ENG Premier League,2022-2023,2022-08-07 14:00:00,2022-08-07 00:00:00,Manchester United,Brighton & Hove Albion,1,2,A,0,2,A,17,15,5,4,6,2,4,1,0,0,P Tierney,1.6,4.2,5.25,1.62,4.01,5.68,1.66,4.22,6.12
20220807-west-ham-united-manchester-city,ENG Premier League,2022-2023,2022-08-07 16:30:00,2022-08-07 00:00:00,West Ham United,Manchester City,0,2,A,0,1,A,6,14,1,2,1,4,0,1,0,0,M Oliver,8.0,5.0,1.36,8.32,5.25,1.37,9.6,5.6,1.41
20220813-aston-villa-everton,ENG Premier League,2022-2023,2022-08-13 12:30:00,2022-08-13 00:00:00,Aston Villa,Everton,2,1,H,1,0,H,12,15,4,4,5,8,4,1,0,0,M Oliver,1.8,3.5,4.75,1.82,3.56,4.87,1.85,3.68,5.12
20220813-arsenal-leicester-city,ENG Premier League,2022-2023,2022-08-13 15:00:00,2022-08-13 00:00:00,Arsenal,Leicester City,4,2,H,2,0,H,19,6,7,2,6,2,1,1,0,0,D England,1.53,4.33,5.75,1.55,4.37,6.04,1.6,4.65,6.42
20220813-brighton-hove-albion-newcastle-united,ENG Premier League,2022-2023,2022-08-13 15:00:00,2022-08-13 00:00:00,Brighton & Hove Albion,Newcastle United,0,0,D,0,0,D,13,4,7,1,7,3,2,3,0,0,G Scott,2.45,3.2,3.0,2.44,3.25,3.1,2.54,3.46,3.27
20220813-manchester-city-bournemouth,ENG Premier League,2022-2023,2022-08-13 15:00:00,2022-08-13 00:00:00,Manchester City,Bournemouth,4,0,H,3,0,H,19,3,7,1,11,1,0,3,0,0,D Coote,1.06,13.0,29.0,1.07,12.72,37.57,1.09,16.0,50.0
20220813-southampton-leeds-united,ENG Premier League,2022-2023,2022-08-13 15:00:00,2022-08-13 00:00:00,Southampton,Leeds United,2,2,D,0,0,D,14,13,4,5,2,5,1,3,0,0,T Harrington,2.25,3.5,3.1,2.32,3.51,3.1,2.4,3.64,3.2
20220813-wolverhampton-wanderers-fulham,ENG Premier League,2022-2023,2022-08-13 15:00:00,2022-08-13 00:00:00,Wolverhampton Wanderers,Fulham,0,0,D,0,0,D,7,9,1,3,5,3,3,3,0,0,J Brooks,2.3,3.3,3.2,2.4,3.28,3.15,2.48,3.46,3.29
20220813-brentford-manchester-united,ENG Premier League,2022-2023,2022-08-13 17:30:00,2022-08-13 00:00:00,Brentford,Manchester United,4,0,H,4,0,H,13,15,7,4,8,2,0,4,0,0,S Attwell,3.75,3.5,2.0,3.77,3.56,2.02,4.04,3.65,2.08
20220814-nottingham-forest-west-ham-united,ENG Premier League,2022-2023,2022-08-14 14:00:00,2022-08-14 00:00:00,Nottingham Forest,West Ham United,1,0,H,1,0,H,13,19,6,5,6,7,4,1,0,0,R Jones,4.2,3.6,1.85,4.21,3.64,1.9,4.4,3.75,1.94
20220814-chelsea-tottenham-hotspur,ENG Premier League,2022-2023,2022-08-14 16:30:00,2022-08-14 00:00:00,Chelsea,Tottenham Hotspur,2,2,D,1,0,H,16,10,3,5,8,5,3,0,0,0,A Taylor,2.25,3.4,3.2,2.29,3.44,3.21,2.38,3.55,3.36
20220815-liverpool-crystal-palace,ENG Premier League,2022-2023,2022-08-15 20:00:00,2022-08-15 00:00:00,Liverpool,Crystal Palace,1,1,D,0,1,A,24,7,4,3,4,2,2,4,1,0,P Tierney,1.18,6.75,16.0,1.2,6.85,16.33,1.23,7.23,19.0
20220820-tottenham-hotspur-wolverhampton-wanderers,ENG Premier League,2022-2023,2022-08-20 12:30:00,2022-08-20 00:00:00,Tottenham Hotspur,Wolverhampton Wanderers,1,0,H,0,0,D,11,20,4,3,8,6,2,2,0,0,S Hooper,1.4,4.75,7.5,1.41,4.88,7.96,1.44,5.14,8.5
20220820-crystal-palace-aston-villa,ENG Premier League,2022-2023,2022-08-20 15:00:00,2022-08-20 00:00:00,Crystal Palace,Aston Villa,3,1,H,1,1,D,17,13,9,5,4,2,2,1,0,0,A Madley,2.5,3.25,2.9,2.52,3.2,3.0,2.6,3.35,3.16
20220820-everton-nottingham-forest,ENG Premier League,2022-2023,2022-08-20 15:00:00,2022-08-20 00:00:00,Everton,Nottingham Forest,1,1,D,0,0,D,19,14,8,5,6,2,3,2,0,0,A Marriner,1.9,3.6,4.0,1.97,3.48,4.05,2.02,3.64,4.3
20220820-fulham-brentford,ENG Premier League,2022-2023,2022-08-20 15:00:00,2022-08-20 00:00:00,Fulham,Brentford,3,2,H,2,1,H,18,13,9,5,6,3,3,2,0,0,P Bankes,2.45,3.4,2.9,2.46,3.42,2.92,2.62,3.54,3.04
20220820-leicester-city-southampton,ENG Premier League,2022-2023,2022-08-20 15:00:00,2022-08-20 00:00:00,Leicester City,Southampton,1,2,A,0,0,D,6,9,1,3,2,5,2,3,0,0,M Salisbury,1.83,4.0,4.0,1.85,3.97,4.01,1.88,4.1,4.2
20220820-bournemouth-arsenal,ENG Premier League,2022-2023,2022-08-20 17:30:00,2022-08-20 00:00:00,Bournemouth,Arsenal,0,3,A,0,2,A,6,14,1,6,3,4,2,1,0,0,C Pawson,8.0,4.75,1.4,7.65,4.7,1.43,8.01,4.9,1.47
20220821-leeds-united-chelsea,ENG Premier League,2022-2023,2022-08-21 14:00:00,2022-08-21 00:00:00,Leeds United,Chelsea,3,0,H,2,0,H,12,14,6,3,4,6,0,1,0,1,S Attwell,5.75,4.5,1.53,5.93,4.43,1.55,6.23,4.6,1.6
20220821-west-ham-united-brighton-hove-albion,ENG Premier League,2022-2023,2022-08-21 14:00:00,2022-08-21 00:00:00,West Ham United,Brighton & Hove Albion,0,2,A,0,1,A,13,11,3,2,5,4,2,0,0,0,A Taylor,2.3,3.4,3.1,2.32,3.41,3.14,2.42,3.52,3.29
20220821-newcastle-united-manchester-city,ENG Premier League,2022-2023,2022-08-21 16:30:00,2022-08-21 00:00:00,Newcastle United,Manchester City,3,3,D,2,1,H,12,21,6,10,5,5,4,2,0,0,J Gillett,7.5,5.0,1.36,8.67,5.11,1.37,9.5,5.35,1.41
20220822-manchester-united-liverpool,ENG Premier League,2022-2023,2022-08-22 20:00:00,2022-08-22 00:00:00,Manchester United,Liverpool,2,1,H,1,0,H,12,17,4,5,6,8,3,1,0,0,M Oliver,5.25,4.33,1.6,5.22,4.38,1.6,5.6,4.7,1.65
20220827-southampton-manchester-united,ENG Premier League,2022-2023,2022-08-27 12:30:00,2022-08-27 00:00:00,Southampton,Manchester United,0,1,A,0,0,D,17,11,5,6,5,3,0,3,0,0,A Madley,4.2,4.0,1.8,4.27,4.06,1.8,4.5,4.35,1.85
20220827-brentford-everton,ENG Premier League,2022-2023,2022-08-27 15:00:00,2022-08-27 00:00:00,Brentford,Everton,1,1,D,0,1,A,19,14,5,7,8,5,2,2,0,0,J Brooks,2.0,3.5,3.75,2.06,3.47,3.77,2.16,3.58,3.92
20220827-brighton-hove-albion-leeds-united,ENG Premier League,2022-2023,2022-08-27 15:00:00,2022-08-27 00:00:00,Brighton & Hove Albion,Leeds United,1,0,H,0,0,D,13,10,4,2,5,3,2,3,0,0,M Salisbury,1.9,3.8,3.8,1.91,3.73,4.04,1.96,3.85,4.24
20220827-chelsea-leicester-city,ENG Premier League,2022-2023,2022-08-27 15:00:00,2022-08-27 00:00:00,Chelsea,Leicester City,2,1,H,0,0,D,7,17,3,5,3,11,1,2,1,0,P Tierney,1.4,5.0,7.0,1.42,4.93,7.52,1.46,5.2,8.2
20220827-liverpool-bournemouth,ENG Premier League,2022-2023,2022-08-27 15:00:00,2022-08-27 00:00:00,Liverpool,Bournemouth,9,0,H,5,0,H,19,5,12,2,8,1,0,1,0,0,S Attwell,1.1,10.0,26.0,1.11,10.17,25.51,1.14,11.0,34.0
20220827-manchester-city-crystal-palace,ENG Premier League,2022-2023,2022-08-27 15:00:00,2022-08-27 00:00:00,Manchester City,Crystal Palace,4,2,H,0,2,A,18,2,5,2,6,1,1,2,0,0,D England,1.18,7.5,13.0,1.19,7.56,15.25,1.22,8.2,18.0
20220827-arsenal-fulham,ENG Premier League,2022-2023,2022-08-27 17:30:00,2022-08-27 00:00:00,Arsenal,Fulham,2,1,H,0,0,D,22,11,8,3,9,2,2,3,0,0,J Gillett,1.3,5.75,9.0,1.32,5.77,9.44,1.36,6.1,10.0
20220828-aston-villa-west-ham-united,ENG Premier League,2022-2023,2022-08-28 14:00:00,2022-08-28 00:00:00,Aston Villa,West Ham United,0,1,A,0,0,D,9,7,3,2,3,2,2,0,0,0,D Coote,2.3,3.4,3.1,2.3,3.43,3.18,2.41,3.6,3.3
20220828-wolverhampton-wanderers-newcastle-united,ENG Premier League,2022-2023,2022-08-28 14:00:00,2022-08-28 00:00:00,Wolverhampton Wanderers,Newcastle United,1,1,D,1,0,H,10,21,4,6,4,13,2,1,0,0,P Bankes,2.7,3.3,2.7,2.75,3.26,2.7,2.86,3.46,2.79
20220828-nottingham-forest-tottenham-hotspur,ENG Premier League,2022-2023,2022-08-28 16:30:00,2022-08-28 00:00:00,Nottingham Forest,Tottenham Hotspur,0,2,A,0,1,A,17,18,1,7,6,1,6,1,0,0,C Pawson,7.0,4.6,1.44,6.98,4.59,1.47,7.5,4.8,1.51
20220830-crystal-palace-brentford,ENG Premier League,2022-2023,2022-08-30 19:30:00,2022-08-30 00:00:00,Crystal Palace,Brentford,1,1,D,0,0,D,13,9,4,3,4,6,1,2,0,0,S Hooper,2.05,3.4,3.6,2.1,3.42,3.72,2.16,3.58,3.9
20220830-fulham-brighton-hove-albion,ENG Premier League,2022-2023,2022-08-30 19:30:00,2022-08-30 00:00:00,Fulham,Brighton & Hove Albion,2,1,H,0,0,D,10,7,3,4,3,3,2,1,0,0,T Bramall,3.1,3.3,2.3,3.21,3.35,2.33,3.44,3.45,2.4
20220830-southampton-chelsea,ENG Premier League,2022-2023,2022-08-30 19:45:00,2022-08-30 00:00:00,Southampton,Chelsea,2,1,H,2,1,H,9,10,7,4,5,3,2,1,0,0,M Oliver,5.25,4.0,1.61,5.22,4.16,1.65,5.5,4.3,1.69
20220830-leeds-united-everton,ENG Premier League,2022-2023,2022-08-30 20:00:00,2022-08-30 00:00:00,Leeds United,Everton,1,1,D,0,1,A,14,7,5,2,10,2,3,3,0,0,D England,2.15,3.5,3.3,2.14,3.57,3.46,2.18,3.72,3.58
20220831-arsenal-aston-villa,ENG Premier League,2022-2023,2022-08-31 19:30:00,2022-08-31 00:00:00,Arsenal,Aston Villa,2,1,H,1,0,H,22,4,9,3,10,3,2,3,0,0,R Jones,1.45,4.5,6.0,1.47,4.63,7.0,1.5,4.8,7.5
20220831-bournemouth-wolverhampton-wanderers,ENG Premier League,2022-2023,2022-08-31 19:30:00,2022-08-31 00:00:00,Bournemouth,Wolverhampton Wanderers,0,0,D,0,0,D,5,17,2,4,2,5,2,1,0,0,A Taylor,3.5,3.3,2.15,3.53,3.38,2.16,3.67,3.54,2.24
20220831-manchester-city-nottingham-forest,ENG Premier League,2022-2023,2022-08-31 19:30:00,2022-08-31 00:00:00,Manchester City,Nottingham Forest,6,0,H,3,0,H,17,8,9,1,10,1,0,1,0,0,P Tierney,1.06,13.0,29.0,1.08,12.84,30.99,1.1,14.5,43.0
20220831-west-ham-united-tottenham-hotspur,ENG Premier League,2022-2023,2022-08-31 19:45:00,2022-08-31 00:00:00,West Ham United,Tottenham Hotspur,1,1,D,0,1,A,14,13,4,4,3,4,2,5,0,0,P Bankes,3.6,3.8,1.95,3.63,3.74,2.01,3.8,3.9,2.08
20220831-liverpool-newcastle-united,ENG Premier League,2022-2023,2022-08-31 20:00:00,2022-08-31 00:00:00,Liverpool,Newcastle United,2,1,H,0,1,A,23,5,6,2,13,0,0,2,0,0,A Marriner,1.33,5.25,9.0,1.31,5.81,9.58,1.34,6.25,11.0
20220901-leicester-city-manchester-united,ENG Premier League,2022-2023,2022-09-01 20:00:00,2022-09-01 00:00:00,Leicester City,Manchester United,0,1,A,0,1,A,10,9,2,2,1,3,1,3,0,0,C Pawson,3.4,3.75,2.05,3.41,3.81,2.07,3.54,4.0,2.14
20220903-everton-liverpool,ENG Premier League,2022-2023,2022-09-03 12:30:00,2022-09-03 00:00:00,Everton,Liverpool,0,0,D,0,0,D,14,23,3,8,7,9,2,2,0,0,A Taylor,7.0,4.75,1.4,7.77,5.06,1.4,8.5,5.39,1.44
20220903-brentford-leeds-united,ENG Premier League,2022-2023,2022-09-03 15:00:00,2022-09-03 00:00:00,Brentford,Leeds United,5,2,H,2,1,H,14,17,8,6,2,6,2,2,0,0,R Jones,2.1,3.5,3.4,2.17,3.59,3.33,2.25,3.75,3.45
20220903-chelsea-west-ham-united,ENG Premier League,2022-2023,2022-09-03 15:00:00,2022-09-03 00:00:00,Chelsea,West Ham United,2,1,H,0,0,D,8,6,3,3,10,3,4,2,0,0,A Madley,1.55,4.5,5.5,1.55,4.38,6.03,1.59,4.58,6.4
20220903-newcastle-united-crystal-palace,ENG Premier League,2022-2023,2022-09-03 15:00:00,2022-09-03 00:00:00,Newcastle United,Crystal Palace,0,0,D,0,0,D,23,19,6,9,13,5,2,1,0,0,M Salisbury,2.0,3.5,3.75,2.05,3.48,3.8,2.12,3.6,4.0
20220903-nottingham-forest-bournemouth,ENG Premier League,2022-2023,2022-09-03 15:00:00,2022-09-03 00:00:00,Nottingham Forest,Bournemouth,2,3,A,2,0,H,11,8,3,3,4,6,2,1,0,0,M Oliver,1.95,3.5,3.8,2.02,3.47,3.89,2.06,3.56,4.0
20220903-tottenham-hotspur-fulham,ENG Premier League,2022-2023,2022-09-03 15:00:00,2022-09-03 00:00:00,Tottenham Hotspur,Fulham,2,1,H,1,0,H,23,9,10,3,10,3,3,4,0,0,S Attwell,1.5,4.5,6.5,1.49,4.62,6.54,1.53,4.8,7.04
20220903-wolverhampton-wanderers-southampton,ENG Premier League,2022-2023,2022-09-03 15:00:00,2022-09-03 00:00:00,Wolverhampton Wanderers,Southampton,1,0,H,1,0,H,7,12,2,1,5,6,4,2,0,0,J Brooks,2.2,3.4,3.25,2.24,3.4,3.33,2.32,3.54,3.45
20220903-aston-villa-manchester-city,ENG Premier League,2022-2023,2022-09-03 17:30:00,2022-09-03 00:00:00,Aston Villa,Manchester City,1,1,D,0,0,D,3,13,1,4,1,4,2,0,0,0,S Hooper,8.0,5.5,1.33,8.75,5.63,1.34,9.9,6.0,1.38
20220904-brighton-hove-albion-leicester-city,ENG Premier League,2022-2023,2022-09-04 14:00:00,2022-09-04 00:00:00,Brighton & Hove Albion,Leicester City,5,2,H,2,2,D,23,6,11,4,10,1,1,1,0,0,T Harrington,1.83,3.5,4.5,1.87,3.6,4.43,1.92,3.77,4.85
20220904-manchester-united-arsenal,ENG Premier League,2022-2023,2022-09-04 16:30:00,2022-09-04 00:00:00,Manchester United,Arsenal,3,1,H,1,0,H,10,16,6,3,2,5,3,3,0,0,P Tierney,2.5,3.5,2.7,2.61,3.55,2.67,2.7,3.74,2.78
20220916-aston-villa-southampton,ENG Premier League,2022-2023,2022-09-16 20:00:00,2022-09-16 00:00:00,Aston Villa,Southampton,1,0,H,1,0,H,11,7,3,1,6,3,3,1,0,0,T Harrington,2.1,3.5,3.5,2.1,3.55,3.53,2.18,3.72,3.62
20220916-nottingham-forest-fulham,ENG Premier League,2022-2023,2022-09-16 20:00:00,2022-09-16 00:00:00,Nottingham Forest,Fulham,2,3,A,1,0,H,11,15,3,7,2,10,2,4,0,0,J Gillett,2.75,3.3,2.62,2.81,3.4,2.57,2.92,3.54,2.68
20220917-wolverhampton-wanderers-manchester-city,ENG Premier League,2022-2023,2022-09-17 12:30:00,2022-09-17 00:00:00,Wolverhampton Wanderers,Manchester City,0,3,A,0,2,A,6,16,1,7,5,7,2,1,1,0,A Taylor,9.5,5.0,1.33,9.25,5.47,1.34,10.0,5.9,1.37
20220917-newcastle-united-bournemouth,ENG Premier League,2022-2023,2022-09-17 15:00:00,2022-09-17 00:00:00,Newcastle United,Bournemouth,1,1,D,0,0,D,20,10,7,3,8,1,2,2,0,0,C Pawson,1.44,4.4,7.5,1.47,4.47,7.39,1.5,4.7,7.77
20220917-tottenham-hotspur-leicester-city,ENG Premier League,2022-2023,2022-09-17 17:30:00,2022-09-17 00:00:00,Tottenham Hotspur,Leicester City,6,2,H,2,2,D,16,19,11,7,6,1,1,2,0,0,S Hooper,1.45,4.5,7.0,1.49,4.59,6.7,1.54,5.0,7.1
20220918-brentford-arsenal,ENG Premier League,2022-2023,2022-09-18 12:00:00,2022-09-18 00:00:00,Brentford,Arsenal,0,3,A,0,2,A,5,13,2,7,3,3,0,2,0,0,D Coote,4.2,3.8,1.8,4.3,3.91,1.81,4.5,4.05,1.86
20220918-everton-west-ham-united,ENG Premier League,2022-2023,2022-09-18 14:15:00,2022-09-18 00:00:00,Everton,West Ham United,1,0,H,0,0,D,7,14,2,4,5,14,3,1,0,0,M Oliver,2.9,3.25,2.5,2.95,3.31,2.5,3.05,3.45,2.58
20221001-arsenal-tottenham-hotspur,ENG Premier League,2022-2023,2022-10-01 12:30:00,2022-10-01 00:00:00,Arsenal,Tottenham Hotspur,3,1,H,1,1,D,22,7,9,3,5,2,2,1,0,1,A Taylor,2.05,3.75,3.3,2.08,3.7,3.48,2.15,3.85,3.65
20221001-bournemouth-brentford,ENG Premier League,2022-2023,2022-10-01 15:00:00,2022-10-01 00:00:00,Bournemouth,Brentford,0,0,D,0,0,D,7,13,1,4,7,8,1,2,0,0,T Bramall,3.3,3.4,2.2,3.36,3.44,2.21,3.5,3.56,2.28
20221001-crystal-palace-chelsea,ENG Premier League,2022-2023,2022-10-01 15:00:00,2022-10-01 00:00:00,Crystal Palace,Chelsea,1,2,A,1,1,D,7,13,3,3,5,2,1,3,0,0,C Kavanagh,4.2,3.6,1.85,4.29,3.57,1.9,4.6,3.7,1.95
20221001-fulham-newcastle-united,ENG Premier League,2022-2023,2022-10-01 15:00:00,2022-10-01 00:00:00,Fulham,Newcastle United,1,4,A,0,3,A,3,19,1,10,1,8,2,0,1,0,D England,3.0,3.4,2.37,3.04,3.46,2.37,3.15,3.68,2.42
20221001-liverpool-brighton-hove-albion,ENG Premier League,2022-2023,2022-10-01 15:00:00,2022-10-01 00:00:00,Liverpool,Brighton & Hove Albion,3,3,D,1,2,A,15,6,7,6,9,2,1,1,0,0,A Madley,1.33,5.25,8.5,1.37,5.33,8.25,1.41,5.5,8.9
20221001-southampton-everton,ENG Premier League,2022-2023,2022-10-01 15:00:00,2022-10-01 00:00:00,Southampton,Everton,1,2,A,0,0,D,22,12,6,5,7,6,2,2,0,0,A Marriner,2.15,3.4,3.4,2.19,3.41,3.44,2.28,3.52,3.55
20221001-west-ham-united-wolverhampton-wanderers,ENG Premier League,2022-2023,2022-10-01 17:30:00,2022-10-01 00:00:00,West Ham United,Wolverhampton Wanderers,2,0,H,1,0,H,18,15,5,4,1,6,2,2,0,0,P Tierney,1.95,3.5,4.2,1.96,3.48,4.12,2.02,3.65,4.31
20221002-manchester-city-manchester-united,ENG Premier League,2022-2023,2022-10-02 14:00:00,2022-10-02 00:00:00,Manchester City,Manchester United,6,3,H,4,0,H,22,12,10,8,5,1,0,3,0,0,M Oliver,1.33,5.75,7.5,1.35,5.7,8.0,1.4,6.0,9.4
20221002-leeds-united-aston-villa,ENG Premier League,2022-2023,2022-10-02 16:30:00,2022-10-02 00:00:00,Leeds United,Aston Villa,0,0,D,0,0,D,9,19,1,7,2,9,3,2,1,0,S Attwell,2.35,3.4,3.0,2.36,3.46,3.03,2.48,3.66,3.12
20221003-leicester-city-nottingham-forest,ENG Premier League,2022-2023,2022-10-03 20:00:00,2022-10-03 00:00:00,Leicester City,Nottingham Forest,4,0,H,3,0,H,17,10,7,3,6,6,2,4,0,0,R Jones,1.75,4.0,4.33,1.76,4.05,4.41,1.8,4.2,4.51
20221008-bournemouth-leicester-city,ENG Premier League,2022-2023,2022-10-08 15:00:00,2022-10-08 00:00:00,Bournemouth,Leicester City,2,1,H,0,1,A,10,9,4,5,7,2,1,2,0,0,M Salisbury,3.6,3.4,2.05,3.53,3.63,2.09,3.65,3.85,2.16
20221008-chelsea-wolverhampton-wanderers,ENG Premier League,2022-2023,2022-10-08 15:00:00,2022-10-08 00:00:00,Chelsea,Wolverhampton Wanderers,3,0,H,1,0,H,20,8,7,2,4,2,2,0,0,0,S Hooper,1.4,4.5,8.0,1.4,4.82,8.5,1.44,5.0,9.2
20221008-manchester-city-southampton,ENG Premier League,2022-2023,2022-10-08 15:00:00,2022-10-08 00:00:00,Manchester City,Southampton,4,0,H,2,0,H,21,5,8,0,9,1,0,1,0,0,A Madley,1.11,10.0,17.0,1.12,10.3,21.15,1.14,11.0,27.0
20221008-newcastle-united-brentford,ENG Premier League,2022-2023,2022-10-08 15:00:00,2022-10-08 00:00:00,Newcastle United,Brentford,5,1,H,2,0,H,16,6,6,3,9,5,0,1,0,0,J Brooks,1.83,3.8,4.2,1.8,3.92,4.38,1.88,4.08,4.6
20221008-brighton-hove-albion-tottenham-hotspur,ENG Premier League,2022-2023,2022-10-08 17:30:00,2022-10-08 00:00:00,Brighton & Hove Albion,Tottenham Hotspur,0,1,A,0,1,A,14,8,4,3,6,2,1,2,0,0,T Harrington,2.8,3.4,2.5,2.76,3.47,2.58,2.83,3.66,2.68
20221009-crystal-palace-leeds-united,ENG Premier League,2022-2023,2022-10-09 14:00:00,2022-10-09 00:00:00,Crystal Palace,Leeds United,2,1,H,1,1,D,13,10,5,4,5,3,3,3,0,0,P Tierney,2.05,3.5,3.6,2.07,3.62,3.57,2.17,3.85,3.77
20221009-west-ham-united-fulham,ENG Premier League,2022-2023,2022-10-09 14:00:00,2022-10-09 00:00:00,West Ham United,Fulham,3,1,H,1,1,D,17,8,8,2,4,2,1,3,0,0,C Kavanagh,1.72,3.8,4.75,1.78,3.9,4.56,1.84,4.05,4.82
20221009-arsenal-liverpool,ENG Premier League,2022-2023,2022-10-09 16:30:00,2022-10-09 00:00:00,Arsenal,Liverpool,3,2,H,2,1,H,11,8,7,3,4,3,1,2,0,0,M Oliver,2.5,3.6,2.62,2.58,3.72,2.62,2.69,3.96,2.7
20221009-everton-manchester-united,ENG Premier League,2022-2023,2022-10-09 19:00:00,2022-10-09 00:00:00,Everton,Manchester United,1,2,A,1,2,A,11,12,2,4,5,4,2,1,0,0,D Coote,3.6,3.5,2.05,3.56,3.58,2.09,3.71,3.8,2.15
20221010-nottingham-forest-aston-villa,ENG Premier League,2022-2023,2022-10-10 20:00:00,2022-10-10 00:00:00,Nottingham Forest,Aston Villa,1,1,D,1,1,D,6,12,3,2,1,4,3,3,0,0,A Taylor,3.3,3.4,2.2,3.35,3.49,2.19,3.48,3.65,2.25
20221014-brentford-brighton-hove-albion,ENG Premier League,2022-2023,2022-10-14 20:00:00,2022-10-14 00:00:00,Brentford,Brighton & Hove Albion,2,0,H,1,0,H,7,21,3,7,2,11,3,1,0,0,M Salisbury,3.1,3.4,2.3,3.21,3.44,2.3,3.33,3.52,2.38
20221015-leicester-city-crystal-palace,ENG Premier League,2022-2023,2022-10-15 12:30:00,2022-10-15 00:00:00,Leicester City,Crystal Palace,0,0,D,0,0,D,14,8,5,1,9,2,2,2,0,0,A Madley,2.3,3.4,3.1,2.31,3.49,3.12,2.44,3.68,3.21
20221015-fulham-bournemouth,ENG Premier League,2022-2023,2022-10-15 15:00:00,2022-10-15 00:00:00,Fulham,Bournemouth,2,2,D,1,2,A,19,10,4,6,5,6,2,0,0,0,G Scott,1.85,3.75,4.0,1.89,3.72,4.13,1.96,3.9,4.3
20221015-wolverhampton-wanderers-nottingham-forest,ENG Premier League,2022-2023,2022-10-15 15:00:00,2022-10-15 00:00:00,Wolverhampton Wanderers,Nottingham Forest,1,0,H,0,0,D,9,10,2,2,4,5,2,2,0,0,T Bramall,1.7,3.75,5.0,1.72,3.81,5.13,1.78,3.9,5.5
20221015-tottenham-hotspur-everton,ENG Premier League,2022-2023,2022-10-15 17:30:00,2022-10-15 00:00:00,Tottenham Hotspur,Everton,2,0,H,0,0,D,21,4,7,0,7,1,1,4,0,0,P Tierney,1.5,4.5,6.5,1.49,4.56,6.81,1.52,4.75,7.26
20221016-aston-villa-chelsea,ENG Premier League,2022-2023,2022-10-16 14:00:00,2022-10-16 00:00:00,Aston Villa,Chelsea,0,2,A,0,1,A,18,8,7,4,7,1,0,3,0,0,R Jones,4.33,3.75,1.8,4.54,3.69,1.82,4.78,3.84,1.87
20221016-leeds-united-arsenal,ENG Premier League,2022-2023,2022-10-16 14:00:00,2022-10-16 00:00:00,Leeds United,Arsenal,0,1,A,0,1,A,16,9,4,4,6,3,0,2,0,0,C Kavanagh,6.0,4.2,1.55,5.83,4.41,1.56,6.3,4.6,1.6
20221016-manchester-united-newcastle-united,ENG Premier League,2022-2023,2022-10-16 14:00:00,2022-10-16 00:00:00,Manchester United,Newcastle United,0,0,D,0,0,D,15,9,2,2,4,4,3,1,0,0,C Pawson,1.95,3.8,3.5,2.0,3.78,3.65,2.04,4.0,3.84
20221016-southampton-west-ham-united,ENG Premier League,2022-2023,2022-10-16 14:00:00,2022-10-16 00:00:00,Southampton,West Ham United,1,1,D,1,0,H,10,25,8,4,4,14,1,1,0,0,P Bankes,2.9,3.4,2.4,2.96,3.42,2.44,3.08,3.6,2.5
20221016-liverpool-manchester-city,ENG Premier League,2022-2023,2022-10-16 16:30:00,2022-10-16 00:00:00,Liverpool,Manchester City,1,0,H,0,0,D,13,16,2,6,5,6,3,1,0,0,A Taylor,3.6,4.0,1.9,3.74,4.06,1.91,4.1,4.33,1.95
20221018-brighton-hove-albion-nottingham-forest,ENG Premier League,2022-2023,2022-10-18 19:30:00,2022-10-18 00:00:00,Brighton & Hove Albion,Nottingham Forest,0,0,D,0,0,D,19,3,7,0,9,1,3,1,0,0,D England,1.4,4.75,7.0,1.4,4.91,8.19,1.45,5.2,9.0
20221018-crystal-palace-wolverhampton-wanderers,ENG Premier League,2022-2023,2022-10-18 20:15:00,2022-10-18 00:00:00,Crystal Palace,Wolverhampton Wanderers,2,1,H,0,1,A,14,10,4,4,4,3,3,1,0,0,D Coote,2.25,3.1,3.4,2.29,3.19,3.46,2.34,3.38,3.61
20221019-bournemouth-southampton,ENG Premier League,2022-2023,2022-10-19 19:30:00,2022-10-19 00:00:00,Bournemouth,Southampton,0,1,A,0,1,A,15,9,3,3,7,3,1,3,0,0,J Brooks,2.62,3.3,2.62,2.72,3.33,2.69,2.8,3.42,2.78
20221019-brentford-chelsea,ENG Premier League,2022-2023,2022-10-19 19:30:00,2022-10-19 00:00:00,Brentford,Chelsea,0,0,D,0,0,D,8,14,5,5,6,2,0,0,0,0,J Gillett,4.75,3.8,1.72,4.79,3.92,1.74,5.44,4.28,1.8
20221019-liverpool-west-ham-united,ENG Premier League,2022-2023,2022-10-19 19:30:00,2022-10-19 00:00:00,Liverpool,West Ham United,1,0,H,1,0,H,22,8,7,3,8,3,0,0,0,0,S Attwell,1.4,5.0,7.0,1.44,5.01,6.96,1.48,5.25,8.2
20221019-newcastle-united-everton,ENG Premier League,2022-2023,2022-10-19 19:30:00,2022-10-19 00:00:00,Newcastle United,Everton,1,0,H,1,0,H,16,1,4,0,8,2,2,4,0,0,T Harrington,1.6,3.8,5.75,1.64,4.05,5.46,1.69,4.3,6.0
20221019-manchester-united-tottenham-hotspur,ENG Premier League,2022-2023,2022-10-19 20:15:00,2022-10-19 00:00:00,Manchester United,Tottenham Hotspur,2,0,H,0,0,D,28,9,10,2,8,3,1,0,0,0,S Hooper,2.45,3.5,2.75,2.45,3.57,2.86,2.56,3.75,2.99
20221020-fulham-aston-villa,ENG Premier League,2022-2023,2022-10-20 19:30:00,2022-10-20 00:00:00,Fulham,Aston Villa,3,0,H,1,0,H,18,12,8,6,9,7,0,2,0,1,M Oliver,2.9,3.3,2.5,2.88,3.42,2.51,3.0,3.58,2.59
20221020-leicester-city-leeds-united,ENG Premier League,2022-2023,2022-10-20 20:15:00,2022-10-20 00:00:00,Leicester City,Leeds United,2,0,H,2,0,H,5,14,1,2,2,9,2,1,0,0,P Bankes,2.25,3.6,3.0,2.32,3.58,3.03,2.4,3.7,3.12
20221022-nottingham-forest-liverpool,ENG Premier League,2022-2023,2022-10-22 12:30:00,2022-10-22 00:00:00,Nottingham Forest,Liverpool,1,0,H,0,0,D,10,15,7,7,2,11,2,1,0,0,P Tierney,11.0,6.0,1.25,11.31,6.19,1.26,12.0,6.73,1.3
20221022-everton-crystal-palace,ENG Premier League,2022-2023,2022-10-22 15:00:00,2022-10-22 00:00:00,Everton,Crystal Palace,3,0,H,1,0,H,9,9,6,2,3,4,3,4,0,0,S Hooper,2.6,3.2,2.87,2.58,3.18,2.96,2.69,3.25,3.05
20221022-manchester-city-brighton-hove-albion,ENG Premier League,2022-2023,2022-10-22 15:00:00,2022-10-22 00:00:00,Manchester City,Brighton & Hove Albion,3,1,H,2,0,H,10,8,4,2,7,3,1,3,0,0,C Pawson,1.2,7.0,13.0,1.21,6.94,14.36,1.23,7.25,17.0
20221022-chelsea-manchester-united,ENG Premier League,2022-2023,2022-10-22 17:30:00,2022-10-22 00:00:00,Chelsea,Manchester United,1,1,D,0,0,D,6,13,2,6,6,4,1,4,0,0,S Attwell,2.05,3.5,3.5,2.14,3.51,3.5,2.2,3.68,3.7
20221023-aston-villa-brentford,ENG Premier League,2022-2023,2022-10-23 14:00:00,2022-10-23 00:00:00,Aston Villa,Brentford,4,0,H,3,0,H,19,12,11,3,7,6,1,0,0,0,D England,2.1,3.5,3.5,2.14,3.5,3.49,2.23,3.61,3.6
20221023-leeds-united-fulham,ENG Premier League,2022-2023,2022-10-23 14:00:00,2022-10-23 00:00:00,Leeds United,Fulham,2,3,A,1,1,D,14,11,5,5,3,6,1,1,0,0,A Taylor,2.05,3.5,3.6,2.06,3.62,3.59,2.12,3.75,3.77
20221023-southampton-arsenal,ENG Premier League,2022-2023,2022-10-23 14:00:00,2022-10-23 00:00:00,Southampton,Arsenal,1,1,D,0,1,A,10,12,3,3,9,4,2,1,0,0,R Jones,6.0,4.0,1.57,5.78,4.27,1.58,6.3,4.5,1.6
20221023-wolverhampton-wanderers-leicester-city,ENG Premier League,2022-2023,2022-10-23 14:00:00,2022-10-23 00:00:00,Wolverhampton Wanderers,Leicester City,0,4,A,0,2,A,21,5,5,4,9,2,2,1,0,0,M Oliver,2.25,3.25,3.25,2.3,3.38,3.24,2.38,3.5,3.46
20221023-tottenham-hotspur-newcastle-united,ENG Premier League,2022-2023,2022-10-23 16:30:00,2022-10-23 00:00:00,Tottenham Hotspur,Newcastle United,1,2,A,0,2,A,17,13,5,5,6,7,4,2,0,0,J Gillett,2.05,3.5,3.5,2.09,3.58,3.53,2.18,3.76,3.72
20221024-west-ham-united-bournemouth,ENG Premier League,2022-2023,2022-10-24 20:00:00,2022-10-24 00:00:00,West Ham United,Bournemouth,2,0,H,1,0,H,20,5,4,3,5,0,0,2,0,0,D Coote,1.55,4.0,6.0,1.55,4.16,6.2,1.59,4.49,6.6
20221029-leicester-city-manchester-city,ENG Premier League,2022-2023,2022-10-29 12:30:00,2022-10-29 00:00:00,Leicester City,Manchester City,0,1,A,0,0,D,10,15,5,5,3,10,0,0,0,0,R Jones,10.0,6.5,1.25,9.66,6.09,1.29,10.5,6.5,1.33
20221029-bournemouth-tottenham-hotspur,ENG Premier League,2022-2023,2022-10-29 15:00:00,2022-10-29 00:00:00,Bournemouth,Tottenham Hotspur,2,3,A,1,0,H,6,23,4,7,2,19,1,2,0,0,A Taylor,5.0,3.8,1.7,5.1,3.91,1.69,5.46,4.01,1.75
20221029-brentford-wolverhampton-wanderers,ENG Premier League,2022-2023,2022-10-29 15:00:00,2022-10-29 00:00:00,Brentford,Wolverhampton Wanderers,1,1,D,0,0,D,12,14,3,4,3,6,3,3,0,1,R Madley,2.2,3.4,3.3,2.2,3.46,3.33,2.28,3.55,3.45
20221029-brighton-hove-albion-chelsea,ENG Premier League,2022-2023,2022-10-29 15:00:00,2022-10-29 00:00:00,Brighton & Hove Albion,Chelsea,4,1,H,3,0,H,19,15,9,7,8,7,1,2,0,0,A Madley,3.0,3.3,2.4,3.03,3.34,2.41,3.17,3.44,2.52
20221029-crystal-palace-southampton,ENG Premier League,2022-2023,2022-10-29 15:00:00,2022-10-29 00:00:00,Crystal Palace,Southampton,1,0,H,1,0,H,12,14,3,4,8,4,3,3,0,0,M Salisbury,1.9,3.6,4.0,1.95,3.57,4.03,2.0,3.65,4.22
20221029-newcastle-united-aston-villa,ENG Premier League,2022-2023,2022-10-29 15:00:00,2022-10-29 00:00:00,Newcastle United,Aston Villa,4,0,H,1,0,H,20,3,7,0,3,0,1,1,0,0,P Tierney,1.8,3.75,4.5,1.83,3.73,4.41,1.88,3.82,4.6
20221029-fulham-everton,ENG Premier League,2022-2023,2022-10-29 17:30:00,2022-10-29 00:00:00,Fulham,Everton,0,0,D,0,0,D,24,9,6,4,13,4,2,1,0,0,J Brooks,2.37,3.4,3.0,2.36,3.43,3.07,2.42,3.62,3.2
20221029-liverpool-leeds-united,ENG Premier League,2022-2023,2022-10-29 19:45:00,2022-10-29 00:00:00,Liverpool,Leeds United,1,2,A,1,1,D,22,14,10,6,14,5,0,1,0,0,M Oliver,1.3,6.0,9.0,1.3,6.07,9.16,1.34,6.4,10.0
20221030-arsenal-nottingham-forest,ENG Premier League,2022-2023,2022-10-30 14:00:00,2022-10-30 00:00:00,Arsenal,Nottingham Forest,5,0,H,1,0,H,24,5,10,2,9,4,0,1,0,0,S Hooper,1.2,7.0,12.0,1.2,6.96,14.82,1.24,7.5,17.0
20221030-manchester-united-west-ham-united,ENG Premier League,2022-2023,2022-10-30 16:15:00,2022-10-30 00:00:00,Manchester United,West Ham United,1,0,H,1,0,H,16,13,3,5,5,10,1,3,0,0,C Kavanagh,1.66,4.0,4.8,1.7,4.02,4.85,1.77,4.2,5.14
20221105-leeds-united-bournemouth,ENG Premier League,2022-2023,2022-11-05 15:00:00,2022-11-05 00:00:00,Leeds United,Bournemouth,4,3,H,1,2,A,18,9,4,6,13,3,2,2,0,0,T Harrington,1.72,3.8,4.75,1.74,3.93,4.73,1.77,4.12,5.1
20221105-manchester-city-fulham,ENG Premier League,2022-2023,2022-11-05 15:00:00,2022-11-05 00:00:00,Manchester City,Fulham,2,1,H,1,1,D,16,4,5,2,9,0,2,4,1,0,D England,1.11,9.5,19.0,1.13,9.74,19.8,1.16,11.0,23.0
20221105-nottingham-forest-brentford,ENG Premier League,2022-2023,2022-11-05 15:00:00,2022-11-05 00:00:00,Nottingham Forest,Brentford,2,2,D,1,1,D,15,6,7,2,3,3,2,2,0,0,A Marriner,2.75,3.3,2.6,2.78,3.39,2.59,2.86,3.54,2.72
20221105-wolverhampton-wanderers-brighton-hove-albion,ENG Premier League,2022-2023,2022-11-05 15:00:00,2022-11-05 00:00:00,Wolverhampton Wanderers,Brighton & Hove Albion,2,3,A,2,2,D,8,19,5,8,4,9,2,0,1,0,G Scott,3.3,3.3,2.25,3.39,3.33,2.24,3.55,3.54,2.34
20221105-everton-leicester-city,ENG Premier League,2022-2023,2022-11-05 17:30:00,2022-11-05 00:00:00,Everton,Leicester City,0,2,A,0,1,A,12,22,2,8,8,3,0,0,0,0,D Coote,2.4,3.3,3.0,2.43,3.33,3.03,2.5,3.5,3.15
20221106-chelsea-arsenal,ENG Premier League,2022-2023,2022-11-06 12:00:00,2022-11-06 00:00:00,Chelsea,Arsenal,0,1,A,0,0,D,5,14,1,2,4,6,5,2,0,0,M Oliver,2.55,3.4,2.7,2.64,3.42,2.7,2.72,3.54,2.85
20221106-aston-villa-manchester-united,ENG Premier League,2022-2023,2022-11-06 14:00:00,2022-11-06 00:00:00,Aston Villa,Manchester United,3,1,H,2,1,H,6,8,4,3,3,5,3,3,0,0,A Taylor,3.3,3.8,2.1,3.39,3.54,2.15,3.61,3.68,2.24
20221106-southampton-newcastle-united,ENG Premier League,2022-2023,2022-11-06 14:00:00,2022-11-06 00:00:00,Southampton,Newcastle United,1,4,A,0,1,A,16,7,5,4,8,2,1,0,0,0,S Attwell,4.0,3.6,1.9,4.02,3.66,1.92,4.2,3.84,1.96
20221106-west-ham-united-crystal-palace,ENG Premier League,2022-2023,2022-11-06 14:00:00,2022-11-06 00:00:00,West Ham United,Crystal Palace,1,2,A,1,1,D,5,15,2,6,2,5,1,1,0,0,P Tierney,1.9,3.4,4.2,1.94,3.49,4.18,1.98,3.66,4.35
20221106-tottenham-hotspur-liverpool,ENG Premier League,2022-2023,2022-11-06 16:30:00,2022-11-06 00:00:00,Tottenham Hotspur,Liverpool,1,2,A,0,2,A,14,13,5,6,5,3,0,0,0,0,A Madley,3.3,3.6,2.1,3.28,3.67,2.16,3.48,3.8,2.25
20221112-manchester-city-brentford,ENG Premier League,2022-2023,2022-11-12 12:30:00,2022-11-12 00:00:00,Manchester City,Brentford,1,2,A,1,1,D,29,10,6,8,10,2,2,2,0,0,P Bankes,1.14,8.0,17.0,1.14,8.92,19.14,1.16,9.6,24.0
20221112-bournemouth-everton,ENG Premier League,2022-2023,2022-11-12 15:00:00,2022-11-12 00:00:00,Bournemouth,Everton,3,0,H,2,0,H,16,15,9,3,3,5,2,0,0,0,C Pawson,2.8,3.25,2.6,2.86,3.25,2.6,2.94,3.35,2.69
20221112-liverpool-southampton,ENG Premier League,2022-2023,2022-11-12 15:00:00,2022-11-12 00:00:00,Liverpool,Southampton,3,1,H,3,1,H,15,9,7,5,6,0,0,2,0,0,S Hooper,1.25,6.5,11.0,1.25,6.52,11.38,1.28,7.0,12.0
20221112-nottingham-forest-crystal-palace,ENG Premier League,2022-2023,2022-11-12 15:00:00,2022-11-12 00:00:00,Nottingham Forest,Crystal Palace,1,0,H,0,0,D,9,8,2,0,1,5,1,4,0,0,J Brooks,3.1,3.1,2.45,3.12,3.24,2.43,3.27,3.42,2.5
20221112-tottenham-hotspur-leeds-united,ENG Premier League,2022-2023,2022-11-12 15:00:00,2022-11-12 00:00:00,Tottenham Hotspur,Leeds United,4,3,H,1,2,A,14,12,8,5,9,2,1,1,0,1,M Salisbury,1.65,4.2,4.75,1.64,4.26,5.04,1.68,4.49,5.55
20221112-west-ham-united-leicester-city,ENG Premier League,2022-2023,2022-11-12 15:00:00,2022-11-12 00:00:00,West Ham United,Leicester City,0,2,A,0,1,A,18,9,6,6,7,2,3,1,0,0,J Gillett,2.05,3.4,3.75,2.09,3.51,3.6,2.14,3.68,3.75
20221112-newcastle-united-chelsea,ENG Premier League,2022-2023,2022-11-12 17:30:00,2022-11-12 00:00:00,Newcastle United,Chelsea,1,0,H,0,0,D,10,5,3,2,5,3,3,2,0,0,R Jones,2.35,3.4,3.0,2.33,3.44,3.11,2.42,3.6,3.24
20221112-wolverhampton-wanderers-arsenal,ENG Premier League,2022-2023,2022-11-12 19:45:00,2022-11-12 00:00:00,Wolverhampton Wanderers,Arsenal,0,2,A,0,0,D,11,14,2,4,6,4,3,2,0,0,S Attwell,6.0,4.2,1.55,6.15,4.26,1.55,6.5,4.44,1.59
20221113-brighton-hove-albion-aston-villa,ENG Premier League,2022-2023,2022-11-13 14:00:00,2022-11-13 00:00:00,Brighton & Hove Albion,Aston Villa,1,2,A,1,1,D,7,8,2,2,11,4,2,7,0,0,C Kavanagh,1.83,3.75,4.2,1.86,3.71,4.21,1.9,3.87,4.4
20221113-fulham-manchester-united,ENG Premier League,2022-2023,2022-11-13 16:30:00,2022-11-13 00:00:00,Fulham,Manchester United,1,2,A,0,1,A,14,14,7,9,10,3,1,1,0,0,P Tierney,3.8,3.8,1.9,3.91,3.88,1.89,4.11,4.05,1.95
20221226-brentford-tottenham-hotspur,ENG Premier League,2022-2023,2022-12-26 12:30:00,2022-12-26 00:00:00,Brentford,Tottenham Hotspur,2,2,D,1,0,H,9,16,5,8,6,5,3,1,0,0,D Coote,4.0,3.6,1.91,3.85,3.74,1.95,4.05,3.9,2.04
20221226-crystal-palace-fulham,ENG Premier League,2022-2023,2022-12-26 15:00:00,2022-12-26 00:00:00,Crystal Palace,Fulham,0,3,A,0,1,A,4,23,0,11,1,8,0,0,2,0,A Madley,2.05,3.6,3.5,2.07,3.55,3.58,2.12,3.68,3.7
20221226-everton-wolverhampton-wanderers,ENG Premier League,2022-2023,2022-12-26 15:00:00,2022-12-26 00:00:00,Everton,Wolverhampton Wanderers,1,2,A,1,1,D,12,7,6,4,2,2,1,6,0,0,C Pawson,2.3,3.25,3.2,2.35,3.25,3.24,2.45,3.44,3.35
20221226-leicester-city-newcastle-united,ENG Premier League,2022-2023,2022-12-26 15:00:00,2022-12-26 00:00:00,Leicester City,Newcastle United,0,3,A,0,3,A,8,12,2,5,5,5,0,0,0,0,J Gillett,3.25,3.5,2.2,3.24,3.54,2.21,3.36,3.68,2.28
20221226-southampton-brighton-hove-albion,ENG Premier League,2022-2023,2022-12-26 15:00:00,2022-12-26 00:00:00,Southampton,Brighton & Hove Albion,1,3,A,0,2,A,14,7,4,4,4,2,1,2,0,0,R Jones,3.3,3.5,2.15,3.4,3.51,2.15,3.59,3.66,2.22
20221226-aston-villa-liverpool,ENG Premier League,2022-2023,2022-12-26 17:30:00,2022-12-26 00:00:00,Aston Villa,Liverpool,1,3,A,0,2,A,12,16,6,9,0,6,0,0,0,0,P Tierney,4.75,4.0,1.7,4.51,4.04,1.75,4.85,4.26,1.8
20221226-arsenal-west-ham-united,ENG Premier League,2022-2023,2022-12-26 20:00:00,2022-12-26 00:00:00,Arsenal,West Ham United,3,1,H,0,1,A,16,8,5,4,7,5,0,2,0,0,M Oliver,1.5,4.33,6.5,1.51,4.39,6.52,1.55,4.7,7.1
20221227-chelsea-bournemouth,ENG Premier League,2022-2023,2022-12-27 17:30:00,2022-12-27 00:00:00,Chelsea,Bournemouth,2,0,H,2,0,H,15,9,5,4,6,8,0,0,0,0,S Hooper,1.3,5.5,10.0,1.32,5.46,9.72,1.36,5.8,11.0
20221227-manchester-united-nottingham-forest,ENG Premier League,2022-2023,2022-12-27 20:00:00,2022-12-27 00:00:00,Manchester United,Nottingham Forest,3,0,H,2,0,H,17,8,8,3,9,9,3,1,0,0,A Taylor,1.29,5.5,11.0,1.31,5.51,10.4,1.35,5.8,12.0
20221228-leeds-united-manchester-city,ENG Premier League,2022-2023,2022-12-28 20:00:00,2022-12-28 00:00:00,Leeds United,Manchester City,1,3,A,0,1,A,9,26,1,9,3,5,3,3,0,0,S Attwell,9.5,6.0,1.29,9.46,5.99,1.3,10.5,6.22,1.33
20221230-west-ham-united-brentford,ENG Premier League,2022-2023,2022-12-30 19:45:00,2022-12-30 00:00:00,West Ham United,Brentford,0,2,A,0,2,A,20,9,5,6,8,1,1,0,0,0,D England,2.0,3.6,3.6,2.06,3.59,3.64,2.12,3.7,3.78
20221230-liverpool-leicester-city,ENG Premier League,2022-2023,2022-12-30 20:00:00,2022-12-30 00:00:00,Liverpool,Leicester City,2,1,H,2,1,H,21,7,5,2,4,5,0,1,0,0,C Pawson,1.29,6.0,9.5,1.3,6.03,9.64,1.33,6.55,10.75
20221231-wolverhampton-wanderers-manchester-united,ENG Premier League,2022-2023,2022-12-31 12:30:00,2022-12-31 00:00:00,Wolverhampton Wanderers,Manchester United,0,1,A,0,0,D,10,16,3,6,7,5,1,3,0,0,R Jones,4.0,3.6,1.91,4.09,3.64,1.92,4.31,3.76,1.98
20221231-bournemouth-crystal-palace,ENG Premier League,2022-2023,2022-12-31 15:00:00,2022-12-31 00:00:00,Bournemouth,Crystal Palace,0,2,A,0,2,A,6,15,2,6,2,7,4,1,0,0,A Marriner,2.8,3.3,2.5,2.91,3.27,2.55,3.03,3.4,2.66
20221231-fulham-southampton,ENG Premier League,2022-2023,2022-12-31 15:00:00,2022-12-31 00:00:00,Fulham,Southampton,2,1,H,1,0,H,8,9,2,3,4,4,0,1,0,0,G Scott,1.95,3.6,3.75,2.02,3.57,3.77,2.09,3.7,4.02
20221231-manchester-city-everton,ENG Premier League,2022-2023,2022-12-31 15:00:00,2022-12-31 00:00:00,Manchester City,Everton,1,1,D,1,0,H,16,2,3,1,7,1,3,4,0,0,A Madley,1.13,9.0,19.0,1.14,8.61,21.51,1.17,10.0,25.0
20221231-newcastle-united-leeds-united,ENG Premier League,2022-2023,2022-12-31 15:00:00,2022-12-31 00:00:00,Newcastle United,Leeds United,0,0,D,0,0,D,16,8,5,1,9,3,3,5,0,0,S Hooper,1.45,4.5,7.0,1.47,4.73,6.73,1.51,4.9,7.3
20221231-brighton-hove-albion-arsenal,ENG Premier League,2022-2023,2022-12-31 17:30:00,2022-12-31 00:00:00,Brighton & Hove Albion,Arsenal,2,4,A,0,2,A,9,14,5,7,7,4,3,3,0,0,A Taylor,3.4,3.5,2.1,3.46,3.56,2.12,3.6,3.72,2.17
20230101-tottenham-hotspur-aston-villa,ENG Premier League,2022-2023,2023-01-01 14:00:00,2023-01-01 00:00:00,Tottenham Hotspur,Aston Villa,0,2,A,0,0,D,6,13,2,4,5,3,4,3,0,0,J Brooks,1.67,4.0,5.0,1.68,4.06,4.94,1.73,4.22,5.25
20230101-nottingham-forest-chelsea,ENG Premier League,2022-2023,2023-01-01 16:30:00,2023-01-01 00:00:00,Nottingham Forest,Chelsea,1,1,D,0,1,A,12,7,5,2,1,2,2,2,0,0,P Bankes,5.0,3.8,1.7,5.21,3.88,1.69,5.5,4.0,1.74
20230102-brentford-liverpool,ENG Premier League,2022-2023,2023-01-02 17:30:00,2023-01-02 00:00:00,Brentford,Liverpool,3,1,H,2,0,H,10,16,7,6,4,9,1,3,0,0,S Attwell,5.5,4.33,1.55,5.65,4.52,1.56,5.8,4.75,1.6
20230103-arsenal-newcastle-united,ENG Premier League,2022-2023,2023-01-03 19:45:00,2023-01-03 00:00:00,Arsenal,Newcastle United,0,0,D,0,0,D,17,8,4,1,5,5,4,4,0,0,A Madley,1.8,3.8,4.33,1.82,3.83,4.39,1.85,3.99,4.75
20230103-everton-brighton-hove-albion,ENG Premier League,2022-2023,2023-01-03 19:45:00,2023-01-03 00:00:00,Everton,Brighton & Hove Albion,1,4,A,0,1,A,10,19,4,8,5,2,3,1,0,0,A Marriner,3.5,3.5,2.1,3.56,3.46,2.13,3.68,3.55,2.18
20230103-leicester-city-fulham,ENG Premier League,2022-2023,2023-01-03 19:45:00,2023-01-03 00:00:00,Leicester City,Fulham,0,1,A,0,1,A,15,11,6,2,6,3,2,6,0,0,D Bond,2.2,3.6,3.1,2.23,3.63,3.16,2.28,3.78,3.3
20230103-manchester-united-bournemouth,ENG Premier League,2022-2023,2023-01-03 20:00:00,2023-01-03 00:00:00,Manchester United,Bournemouth,3,0,H,1,0,H,18,7,6,4,6,5,0,3,0,0,M Salisbury,1.29,5.5,11.0,1.29,5.94,10.56,1.32,6.2,11.5
20230104-southampton-nottingham-forest,ENG Premier League,2022-2023,2023-01-04 19:30:00,2023-01-04 00:00:00,Southampton,Nottingham Forest,0,1,A,0,1,A,8,11,0,1,6,2,2,2,0,0,T Bramall,2.0,3.5,3.8,2.03,3.46,3.82,2.12,3.6,4.2
20230104-leeds-united-west-ham-united,ENG Premier League,2022-2023,2023-01-04 19:45:00,2023-01-04 00:00:00,Leeds United,West Ham United,2,2,D,1,1,D,14,15,6,2,8,1,3,1,0,0,D Coote,2.6,3.5,2.6,2.62,3.52,2.65,2.7,3.7,2.76
20230104-aston-villa-wolverhampton-wanderers,ENG Premier League,2022-2023,2023-01-04 20:00:00,2023-01-04 00:00:00,Aston Villa,Wolverhampton Wanderers,1,1,D,0,1,A,13,10,4,3,7,8,1,3,0,0,J Gillett,1.95,3.6,4.0,1.99,3.57,3.86,2.04,3.76,4.0
20230104-crystal-palace-tottenham-hotspur,ENG Premier League,2022-2023,2023-01-04 20:00:00,2023-01-04 00:00:00,Crystal Palace,Tottenham Hotspur,0,4,A,0,0,D,19,14,4,6,10,4,1,2,0,0,M Oliver,3.4,3.5,2.15,3.34,3.48,2.19,3.5,3.64,2.23
20230105-chelsea-manchester-city,ENG Premier League,2022-2023,2023-01-05 20:00:00,2023-01-05 00:00:00,Chelsea,Manchester City,0,1,A,0,0,D,8,12,2,3,3,2,2,0,0,0,P Tierney,5.0,4.0,1.67,5.17,4.03,1.66,5.6,4.25,1.74
20230112-fulham-chelsea,ENG Premier League,2022-2023,2023-01-12 20:00:00,2023-01-12 00:00:00,Fulham,Chelsea,2,1,H,1,0,H,8,20,3,10,5,7,4,3,0,1,D Coote,3.3,3.5,2.15,3.36,3.54,2.18,3.52,3.74,2.23
20230113-aston-villa-leeds-united,ENG Premier League,2022-2023,2023-01-13 20:00:00,2023-01-13 00:00:00,Aston Villa,Leeds United,2,1,H,1,0,H,11,16,5,4,0,11,2,2,0,0,M Oliver,1.91,3.6,4.0,1.94,3.63,4.02,2.0,3.75,4.2
20230114-manchester-united-manchester-city,ENG Premier League,2022-2023,2023-01-14 12:30:00,2023-01-14 00:00:00,Manchester United,Manchester City,2,1,H,0,0,D,8,5,4,1,1,2,3,0,0,0,S Attwell,4.2,3.6,1.85,4.21,3.9,1.84,4.36,4.15,1.88
20230114-brighton-hove-albion-liverpool,ENG Premier League,2022-2023,2023-01-14 15:00:00,2023-01-14 00:00:00,Brighton & Hove Albion,Liverpool,3,0,H,0,0,D,16,6,9,2,7,1,1,3,0,0,D England,3.4,3.6,2.1,3.31,3.76,2.12,3.55,3.95,2.2
20230114-everton-southampton,ENG Premier League,2022-2023,2023-01-14 15:00:00,2023-01-14 00:00:00,Everton,Southampton,1,2,A,1,0,H,12,13,4,5,6,4,0,3,0,0,J Brooks,2.25,3.25,3.3,2.25,3.39,3.32,2.32,3.55,3.4
20230114-nottingham-forest-leicester-city,ENG Premier League,2022-2023,2023-01-14 15:00:00,2023-01-14 00:00:00,Nottingham Forest,Leicester City,2,0,H,0,0,D,15,6,5,1,3,5,1,2,0,0,P Tierney,2.7,3.3,2.63,2.72,3.4,2.65,2.8,3.55,2.75
20230114-wolverhampton-wanderers-west-ham-united,ENG Premier League,2022-2023,2023-01-14 15:00:00,2023-01-14 00:00:00,Wolverhampton Wanderers,West Ham United,1,0,H,0,0,D,17,16,4,4,4,3,0,2,0,0,S Hooper,2.63,3.3,2.7,2.7,3.27,2.75,2.8,3.41,2.83
20230114-brentford-bournemouth,ENG Premier League,2022-2023,2023-01-14 17:30:00,2023-01-14 00:00:00,Brentford,Bournemouth,2,0,H,1,0,H,12,7,4,2,5,3,1,1,0,0,J Gillett,1.65,4.0,5.25,1.66,4.09,5.2,1.71,4.35,5.55
20230115-chelsea-crystal-palace,ENG Premier League,2022-2023,2023-01-15 14:00:00,2023-01-15 00:00:00,Chelsea,Crystal Palace,1,0,H,0,0,D,15,10,5,5,11,7,2,5,0,0,P Bankes,1.62,4.0,5.25,1.66,3.93,5.47,1.7,4.35,5.77
20230115-newcastle-united-fulham,ENG Premier League,2022-2023,2023-01-15 14:00:00,2023-01-15 00:00:00,Newcastle United,Fulham,1,0,H,0,0,D,20,5,5,0,10,5,1,3,0,0,R Jones,1.5,4.33,6.5,1.52,4.42,6.32,1.56,4.6,6.75
20230115-tottenham-hotspur-arsenal,ENG Premier League,2022-2023,2023-01-15 16:30:00,2023-01-15 00:00:00,Tottenham Hotspur,Arsenal,0,2,A,0,2,A,17,14,7,5,4,3,4,2,0,0,C Pawson,3.1,3.6,2.2,3.24,3.63,2.18,3.38,3.85,2.24
20230118-crystal-palace-manchester-united,ENG Premier League,2022-2023,2023-01-18 20:00:00,2023-01-18 00:00:00,Crystal Palace,Manchester United,1,1,D,0,1,A,10,15,5,4,3,3,1,2,0,0,R Jones,4.5,3.6,1.8,4.56,3.78,1.8,4.7,3.9,1.84
20230119-manchester-city-tottenham-hotspur,ENG Premier League,2022-2023,2023-01-19 20:00:00,2023-01-19 00:00:00,Manchester City,Tottenham Hotspur,4,2,H,0,2,A,16,9,6,3,8,3,1,2,0,0,S Hooper,1.36,5.0,8.5,1.37,5.41,8.06,1.4,5.75,9.2
20230121-liverpool-chelsea,ENG Premier League,2022-2023,2023-01-21 12:30:00,2023-01-21 00:00:00,Liverpool,Chelsea,0,0,D,0,0,D,15,11,3,2,5,5,3,1,0,0,M Oliver,1.85,3.75,4.0,1.89,3.82,4.08,1.94,3.98,4.25
20230121-bournemouth-nottingham-forest,ENG Premier League,2022-2023,2023-01-21 15:00:00,2023-01-21 00:00:00,Bournemouth,Nottingham Forest,1,1,D,1,0,H,16,20,4,5,4,6,1,2,0,0,A Madley,2.75,3.1,2.75,2.76,3.18,2.76,2.86,3.35,2.88
20230121-leicester-city-brighton-hove-albion,ENG Premier League,2022-2023,2023-01-21 15:00:00,2023-01-21 00:00:00,Leicester City,Brighton & Hove Albion,2,2,D,1,1,D,9,13,2,4,5,6,0,1,0,0,T Bramall,3.6,3.5,2.05,3.51,3.65,2.08,3.61,3.89,2.14
20230121-southampton-aston-villa,ENG Premier League,2022-2023,2023-01-21 15:00:00,2023-01-21 00:00:00,Southampton,Aston Villa,0,1,A,0,0,D,8,16,5,5,2,2,1,2,0,0,M Salisbury,2.88,3.25,2.55,2.88,3.38,2.53,2.96,3.5,2.58
20230121-west-ham-united-everton,ENG Premier League,2022-2023,2023-01-21 15:00:00,2023-01-21 00:00:00,West Ham United,Everton,2,0,H,2,0,H,11,5,4,2,4,9,1,1,0,0,S Attwell,1.8,3.75,4.75,1.8,3.68,4.76,1.85,3.93,5.25
20230121-crystal-palace-newcastle-united,ENG Premier League,2022-2023,2023-01-21 17:30:00,2023-01-21 00:00:00,Crystal Palace,Newcastle United,0,0,D,0,0,D,6,16,1,7,3,15,4,2,0,0,C Pawson,4.4,3.5,1.85,4.4,3.58,1.88,4.9,3.83,1.92
20230122-leeds-united-brentford,ENG Premier League,2022-2023,2023-01-22 14:00:00,2023-01-22 00:00:00,Leeds United,Brentford,0,0,D,0,0,D,9,6,5,0,2,3,2,2,0,0,P Bankes,2.38,3.6,2.88,2.38,3.67,2.89,2.44,3.9,2.99
20230122-manchester-city-wolverhampton-wanderers,ENG Premier League,2022-2023,2023-01-22 14:00:00,2023-01-22 00:00:00,Manchester City,Wolverhampton Wanderers,3,0,H,1,0,H,13,10,7,1,5,7,1,2,0,0,D Coote,1.2,8.0,11.0,1.2,7.38,14.81,1.22,8.0,17.5
20230122-arsenal-manchester-united,ENG Premier League,2022-2023,2023-01-22 16:30:00,2023-01-22 00:00:00,Arsenal,Manchester United,3,2,H,1,1,D,25,6,5,4,12,4,1,2,0,0,A Taylor,1.8,3.8,4.2,1.86,3.86,4.08,1.91,4.1,4.35
20230123-fulham-tottenham-hotspur,ENG Premier League,2022-2023,2023-01-23 20:00:00,2023-01-23 00:00:00,Fulham,Tottenham Hotspur,0,1,A,0,1,A,10,10,5,3,3,8,1,3,0,0,P Tierney,3.3,3.6,2.1,3.25,3.75,2.13,3.4,3.98,2.19
20230203-chelsea-fulham,ENG Premier League,2022-2023,2023-02-03 20:00:00,2023-02-03 00:00:00,Chelsea,Fulham,0,0,D,0,0,D,12,10,3,4,6,2,1,4,0,0,S Attwell,1.62,4.0,5.25,1.64,4.05,5.55,1.67,4.2,5.8
20230204-everton-arsenal,ENG Premier League,2022-2023,2023-02-04 12:30:00,2023-02-04 00:00:00,Everton,Arsenal,1,0,H,0,0,D,12,15,4,3,7,5,4,1,0,0,D Coote,8.5,4.5,1.4,8.22,4.75,1.41,8.93,5.0,1.45
20230204-aston-villa-leicester-city,ENG Premier League,2022-2023,2023-02-04 15:00:00,2023-02-04 00:00:00,Aston Villa,Leicester City,2,4,A,2,3,A,19,9,4,5,11,3,0,2,0,0,D England,1.95,3.6,3.8,1.99,3.64,3.83,2.04,3.8,3.95
20230204-brentford-southampton,ENG Premier League,2022-2023,2023-02-04 15:00:00,2023-02-04 00:00:00,Brentford,Southampton,3,0,H,2,0,H,14,14,4,6,4,4,1,2,0,0,D Bond,1.85,3.6,4.2,1.89,3.64,4.21,1.94,3.76,4.36
20230204-brighton-hove-albion-bournemouth,ENG Premier League,2022-2023,2023-02-04 15:00:00,2023-02-04 00:00:00,Brighton & Hove Albion,Bournemouth,1,0,H,0,0,D,20,12,6,2,7,3,3,1,0,0,C Pawson,1.33,5.25,8.5,1.35,5.22,9.18,1.38,5.5,10.0
20230204-manchester-united-crystal-palace,ENG Premier League,2022-2023,2023-02-04 15:00:00,2023-02-04 00:00:00,Manchester United,Crystal Palace,2,1,H,1,0,H,14,10,5,3,5,5,1,2,1,0,A Marriner,1.4,4.75,8.0,1.4,4.83,8.33,1.44,5.0,9.0
20230204-wolverhampton-wanderers-liverpool,ENG Premier League,2022-2023,2023-02-04 15:00:00,2023-02-04 00:00:00,Wolverhampton Wanderers,Liverpool,3,0,H,2,0,H,12,22,6,4,2,7,1,1,0,0,P Tierney,4.0,3.8,1.85,4.02,3.85,1.88,4.2,4.1,1.92
20230204-newcastle-united-west-ham-united,ENG Premier League,2022-2023,2023-02-04 17:30:00,2023-02-04 00:00:00,Newcastle United,West Ham United,1,1,D,1,1,D,8,10,2,1,4,2,2,1,0,0,P Bankes,1.6,3.8,6.0,1.62,3.92,6.03,1.65,4.1,6.5
20230205-nottingham-forest-leeds-united,ENG Premier League,2022-2023,2023-02-05 14:00:00,2023-02-05 00:00:00,Nottingham Forest,Leeds United,1,0,H,1,0,H,6,10,2,4,0,2,4,2,0,0,R Jones,2.63,3.3,2.7,2.64,3.43,2.71,2.71,3.6,2.76
20230205-tottenham-hotspur-manchester-city,ENG Premier League,2022-2023,2023-02-05 16:30:00,2023-02-05 00:00:00,Tottenham Hotspur,Manchester City,1,0,H,1,0,H,12,15,3,5,4,6,2,3,1,0,A Madley,4.33,4.2,1.73,4.43,4.16,1.75,4.65,4.4,1.79
20230208-manchester-united-leeds-united,ENG Premier League,2022-2023,2023-02-08 20:00:00,2023-02-08 00:00:00,Manchester United,Leeds United,2,2,D,0,1,A,24,8,7,2,6,5,1,3,0,0,S Hooper,1.45,5.0,6.0,1.47,4.83,6.54,1.48,5.1,7.0
20230211-west-ham-united-chelsea,ENG Premier League,2022-2023,2023-02-11 12:30:00,2023-02-11 00:00:00,West Ham United,Chelsea,1,1,D,1,1,D,10,12,2,4,5,6,1,1,0,0,C Pawson,3.3,3.3,2.25,3.4,3.29,2.27,3.51,3.41,2.33
20230211-arsenal-brentford,ENG Premier League,2022-2023,2023-02-11 15:00:00,2023-02-11 00:00:00,Arsenal,Brentford,1,1,D,0,0,D,23,9,7,2,7,4,0,2,0,0,P Bankes,1.44,4.75,7.0,1.45,4.72,7.52,1.49,4.9,8.0
20230211-crystal-palace-brighton-hove-albion,ENG Premier League,2022-2023,2023-02-11 15:00:00,2023-02-11 00:00:00,Crystal Palace,Brighton & Hove Albion,1,1,D,0,0,D,6,17,1,7,1,6,4,1,0,0,M Oliver,3.8,3.5,2.0,3.81,3.51,2.04,3.97,3.64,2.08
20230211-fulham-nottingham-forest,ENG Premier League,2022-2023,2023-02-11 15:00:00,2023-02-11 00:00:00,Fulham,Nottingham Forest,2,0,H,1,0,H,16,10,3,1,5,4,0,1,0,0,A Madley,1.91,3.5,4.33,1.93,3.56,4.22,1.98,3.7,4.5
20230211-leicester-city-tottenham-hotspur,ENG Premier League,2022-2023,2023-02-11 15:00:00,2023-02-11 00:00:00,Leicester City,Tottenham Hotspur,4,1,H,3,1,H,15,11,7,4,1,5,5,2,0,0,M Salisbury,3.4,3.6,2.1,3.39,3.64,2.13,3.52,3.84,2.18
20230211-southampton-wolverhampton-wanderers,ENG Premier League,2022-2023,2023-02-11 15:00:00,2023-02-11 00:00:00,Southampton,Wolverhampton Wanderers,1,2,A,1,0,H,17,11,2,2,5,2,2,2,0,1,J Gillett,2.9,3.2,2.55,3.03,3.18,2.54,3.2,3.3,2.6
20230211-bournemouth-newcastle-united,ENG Premier League,2022-2023,2023-02-11 17:30:00,2023-02-11 00:00:00,Bournemouth,Newcastle United,1,1,D,1,1,D,11,15,5,7,4,6,2,3,0,0,S Attwell,6.5,4.0,1.53,6.39,4.06,1.57,6.7,4.24,1.61
20230212-leeds-united-manchester-united,ENG Premier League,2022-2023,2023-02-12 14:00:00,2023-02-12 00:00:00,Leeds United,Manchester United,0,2,A,0,0,D,16,11,6,5,7,3,2,1,0,0,P Tierney,3.75,3.8,1.91,3.86,3.85,1.92,4.1,4.06,1.98
20230212-manchester-city-aston-villa,ENG Premier League,2022-2023,2023-02-12 16:30:00,2023-02-12 00:00:00,Manchester City,Aston Villa,3,1,H,3,0,H,17,6,9,2,8,4,1,2,0,0,R Jones,1.25,6.5,11.0,1.25,6.59,11.89,1.27,7.1,13.5
20230213-liverpool-everton,ENG Premier League,2022-2023,2023-02-13 20:00:00,2023-02-13 00:00:00,Liverpool,Everton,2,0,H,1,0,H,15,6,6,1,3,3,1,3,0,0,S Hooper,1.5,4.33,6.5,1.53,4.38,6.23,1.58,4.62,6.52
20230215-arsenal-manchester-city,ENG Premier League,2022-2023,2023-02-15 19:30:00,2023-02-15 00:00:00,Arsenal,Manchester City,1,3,A,1,1,D,10,9,1,6,1,3,2,3,0,0,A Taylor,2.9,3.5,2.35,2.93,3.51,2.42,3.04,3.65,2.51
20230218-aston-villa-arsenal,ENG Premier League,2022-2023,2023-02-18 12:30:00,2023-02-18 00:00:00,Aston Villa,Arsenal,2,4,A,2,1,H,7,20,5,5,2,9,2,1,0,0,S Hooper,4.5,3.6,1.5,4.43,3.71,1.84,4.6,3.86,1.87
20230218-brentford-crystal-palace,ENG Premier League,2022-2023,2023-02-18 15:00:00,2023-02-18 00:00:00,Brentford,Crystal Palace,1,1,D,0,0,D,12,10,5,4,2,6,2,2,0,0,P Tierney,1.83,3.5,4.5,1.86,3.54,4.59,1.9,3.7,4.9
20230218-brighton-hove-albion-fulham,ENG Premier League,2022-2023,2023-02-18 15:00:00,2023-02-18 00:00:00,Brighton & Hove Albion,Fulham,0,1,A,0,0,D,21,5,7,2,10,2,0,5,0,0,D England,1.65,3.8,5.5,1.67,4.06,5.15,1.7,4.2,5.6
20230218-chelsea-southampton,ENG Premier League,2022-2023,2023-02-18 15:00:00,2023-02-18 00:00:00,Chelsea,Southampton,0,1,A,0,1,A,17,8,5,5,8,2,3,6,0,0,D Coote,1.4,4.75,8.5,1.38,4.76,9.42,1.41,5.0,10.0
20230218-everton-leeds-united,ENG Premier League,2022-2023,2023-02-18 15:00:00,2023-02-18 00:00:00,Everton,Leeds United,1,0,H,0,0,D,15,8,6,0,6,4,2,3,0,0,A Madley,2.4,3.3,3.0,2.48,3.31,2.99,2.55,3.4,3.09
20230218-nottingham-forest-manchester-city,ENG Premier League,2022-2023,2023-02-18 15:00:00,2023-02-18 00:00:00,Nottingham Forest,Manchester City,1,1,D,0,1,A,4,26,1,6,0,10,1,0,0,0,G Scott,8.5,5.5,1.3,10.01,5.62,1.31,11.0,5.9,1.34
20230218-wolverhampton-wanderers-bournemouth,ENG Premier League,2022-2023,2023-02-18 15:00:00,2023-02-18 00:00:00,Wolverhampton Wanderers,Bournemouth,0,1,A,0,0,D,15,5,4,1,12,2,3,3,0,0,M Salisbury,1.67,3.6,6.0,1.68,3.81,5.53,1.72,3.95,6.1
20230218-newcastle-united-liverpool,ENG Premier League,2022-2023,2023-02-18 17:30:00,2023-02-18 00:00:00,Newcastle United,Liverpool,0,2,A,0,2,A,14,13,4,7,6,7,1,1,1,0,A Taylor,2.5,3.5,2.7,2.57,3.51,2.75,2.7,3.65,2.83
20230219-manchester-united-leicester-city,ENG Premier League,2022-2023,2023-02-19 14:00:00,2023-02-19 00:00:00,Manchester United,Leicester City,3,0,H,1,0,H,26,19,8,3,6,6,0,2,0,0,S Attwell,1.62,4.33,5.25,1.62,4.32,5.22,1.66,4.5,5.5
20230219-tottenham-hotspur-west-ham-united,ENG Premier League,2022-2023,2023-02-19 16:30:00,2023-02-19 00:00:00,Tottenham Hotspur,West Ham United,2,0,H,0,0,D,16,6,6,1,4,7,2,1,0,0,M Oliver,1.75,3.6,4.75,1.83,3.76,4.39,1.88,3.86,4.75
20230224-fulham-wolverhampton-wanderers,ENG Premier League,2022-2023,2023-02-24 20:00:00,2023-02-24 00:00:00,Fulham,Wolverhampton Wanderers,1,1,D,0,1,A,10,8,5,2,4,3,2,0,0,0,M Oliver,2.5,3.2,3.0,2.54,3.22,3.0,2.65,3.38,3.1
20230225-everton-aston-villa,ENG Premier League,2022-2023,2023-02-25 15:00:00,2023-02-25 00:00:00,Everton,Aston Villa,0,2,A,0,0,D,15,9,5,5,5,1,2,1,0,0,A Taylor,2.5,3.2,3.0,2.54,3.21,2.98,2.62,3.31,3.06
20230225-leeds-united-southampton,ENG Premier League,2022-2023,2023-02-25 15:00:00,2023-02-25 00:00:00,Leeds United,Southampton,1,0,H,0,0,D,14,8,4,2,9,2,2,4,0,0,P Bankes,1.95,3.5,4.0,1.99,3.57,3.89,2.05,3.72,4.2
20230225-leicester-city-arsenal,ENG Premier League,2022-2023,2023-02-25 15:00:00,2023-02-25 00:00:00,Leicester City,Arsenal,0,1,A,0,0,D,1,10,0,2,0,8,0,1,0,0,C Pawson,4.75,4.0,1.7,4.73,4.09,1.71,5.0,4.3,1.74
20230225-west-ham-united-nottingham-forest,ENG Premier League,2022-2023,2023-02-25 15:00:00,2023-02-25 00:00:00,West Ham United,Nottingham Forest,4,0,H,0,0,D,18,8,5,3,12,3,0,0,0,0,J Gillett,1.75,3.6,5.0,1.78,3.61,4.97,1.83,3.7,5.2
20230225-bournemouth-manchester-city,ENG Premier League,2022-2023,2023-02-25 17:30:00,2023-02-25 00:00:00,Bournemouth,Manchester City,1,4,A,0,3,A,13,20,2,5,4,6,2,2,0,0,P Tierney,10.0,5.75,1.29,10.21,5.81,1.3,11.5,6.2,1.33
20230225-crystal-palace-liverpool,ENG Premier League,2022-2023,2023-02-25 19:45:00,2023-02-25 00:00:00,Crystal Palace,Liverpool,0,0,D,0,0,D,6,12,0,4,5,3,2,5,0,0,D England,4.75,3.8,1.73,4.7,3.93,1.74,5.0,4.1,1.79
20230226-tottenham-hotspur-chelsea,ENG Premier League,2022-2023,2023-02-26 13:30:00,2023-02-26 00:00:00,Tottenham Hotspur,Chelsea,2,0,H,0,0,D,8,10,3,2,4,4,2,3,0,0,S Attwell,2.55,3.25,2.9,2.54,3.33,2.91,2.65,3.44,3.0
20230301-arsenal-everton,ENG Premier League,2022-2023,2023-03-01 19:45:00,2023-03-01 00:00:00,Arsenal,Everton,4,0,H,2,0,H,15,8,5,5,5,1,0,2,0,0,M Oliver,1.36,4.75,10.0,1.36,5.04,9.33,1.4,5.4,10.0
20230301-liverpool-wolverhampton-wanderers,ENG Premier League,2022-2023,2023-03-01 20:00:00,2023-03-01 00:00:00,Liverpool,Wolverhampton Wanderers,2,0,H,0,0,D,15,4,6,1,5,2,2,3,0,0,P Tierney,1.5,4.75,6.0,1.49,4.59,6.6,1.52,4.8,7.0
20230304-manchester-city-newcastle-united,ENG Premier League,2022-2023,2023-03-04 12:30:00,2023-03-04 00:00:00,Manchester City,Newcastle United,2,0,H,1,0,H,11,5,3,2,8,4,2,4,0,0,S Hooper,1.45,4.5,7.0,1.48,4.59,6.76,1.52,4.8,7.0
20230304-arsenal-bournemouth,ENG Premier League,2022-2023,2023-03-04 15:00:00,2023-03-04 00:00:00,Arsenal,Bournemouth,3,2,H,0,1,A,31,4,9,4,17,1,0,2,0,0,C Kavanagh,1.22,7.0,12.0,1.22,6.82,13.83,1.24,7.3,15.0
20230304-aston-villa-crystal-palace,ENG Premier League,2022-2023,2023-03-04 15:00:00,2023-03-04 00:00:00,Aston Villa,Crystal Palace,1,0,H,1,0,H,8,3,1,0,2,4,2,3,0,1,C Pawson,2.05,3.3,3.8,2.07,3.32,3.88,2.12,3.5,4.1
20230304-brighton-hove-albion-west-ham-united,ENG Premier League,2022-2023,2023-03-04 15:00:00,2023-03-04 00:00:00,Brighton & Hove Albion,West Ham United,4,0,H,1,0,H,20,3,9,2,7,3,0,3,0,0,S Attwell,1.8,3.6,4.5,1.79,3.8,4.61,1.84,4.0,4.9
20230304-chelsea-leeds-united,ENG Premier League,2022-2023,2023-03-04 15:00:00,2023-03-04 00:00:00,Chelsea,Leeds United,1,0,H,0,0,D,13,11,3,2,5,7,2,0,0,0,M Oliver,1.62,4.0,5.5,1.64,4.02,5.52,1.67,4.18,5.9
20230304-wolverhampton-wanderers-tottenham-hotspur,ENG Premier League,2022-2023,2023-03-04 15:00:00,2023-03-04 00:00:00,Wolverhampton Wanderers,Tottenham Hotspur,1,0,H,0,0,D,8,21,5,6,4,8,1,1,0,0,T Robinson,3.3,3.4,2.2,3.31,3.36,2.27,3.41,3.48,2.34
20230304-southampton-leicester-city,ENG Premier League,2022-2023,2023-03-04 17:30:00,2023-03-04 00:00:00,Southampton,Leicester City,1,0,H,1,0,H,11,11,5,0,3,4,4,2,0,0,R Jones,2.75,3.3,2.6,2.77,3.31,2.64,2.89,3.5,2.73
20230305-nottingham-forest-everton,ENG Premier League,2022-2023,2023-03-05 14:00:00,2023-03-05 00:00:00,Nottingham Forest,Everton,2,2,D,1,2,A,10,10,4,3,3,3,3,5,0,0,J Brooks,2.7,3.0,2.88,2.68,3.08,2.92,2.75,3.26,3.02
20230305-liverpool-manchester-united,ENG Premier League,2022-2023,2023-03-05 16:30:00,2023-03-05 00:00:00,Liverpool,Manchester United,7,0,H,1,0,H,18,8,8,4,4,3,2,3,0,0,A Madley,2.38,3.6,2.88,2.4,3.68,2.85,2.5,3.92,2.97
20230306-brentford-fulham,ENG Premier League,2022-2023,2023-03-06 20:00:00,2023-03-06 00:00:00,Brentford,Fulham,3,2,H,1,1,D,14,9,6,5,2,3,0,3,0,0,A Taylor,1.95,3.6,3.75,2.0,3.65,3.71,2.05,3.83,3.92
20230311-bournemouth-liverpool,ENG Premier League,2022-2023,2023-03-11 12:30:00,2023-03-11 00:00:00,Bournemouth,Liverpool,1,0,H,1,0,H,5,15,2,6,3,8,2,1,0,0,J Brooks,7.5,5.0,1.4,7.07,4.95,1.43,7.5,5.3,1.46
20230311-everton-brentford,ENG Premier League,2022-2023,2023-03-11 15:00:00,2023-03-11 00:00:00,Everton,Brentford,1,0,H,1,0,H,13,12,6,4,5,8,2,1,0,0,S Hooper,2.7,3.25,2.7,2.71,3.2,2.76,2.8,3.31,2.85
20230311-leeds-united-brighton-hove-albion,ENG Premier League,2022-2023,2023-03-11 15:00:00,2023-03-11 00:00:00,Leeds United,Brighton & Hove Albion,2,2,D,1,1,D,12,14,4,2,4,7,1,1,0,0,P Tierney,3.75,3.6,1.95,3.84,3.67,1.97,4.1,3.86,2.02
20230311-leicester-city-chelsea,ENG Premier League,2022-2023,2023-03-11 15:00:00,2023-03-11 00:00:00,Leicester City,Chelsea,1,3,A,1,2,A,17,12,7,6,2,5,1,2,1,0,A Marriner,3.75,3.5,1.95,3.83,3.56,2.0,3.98,3.78,2.08
20230311-tottenham-hotspur-nottingham-forest,ENG Premier League,2022-2023,2023-03-11 15:00:00,2023-03-11 00:00:00,Tottenham Hotspur,Nottingham Forest,3,1,H,2,0,H,15,9,7,5,2,10,3,1,0,0,C Pawson,1.44,4.75,7.0,1.44,4.62,7.52,1.48,4.8,8.0
20230311-crystal-palace-manchester-city,ENG Premier League,2022-2023,2023-03-11 17:30:00,2023-03-11 00:00:00,Crystal Palace,Manchester City,0,1,A,0,0,D,4,14,0,4,2,6,2,2,0,0,R Jones,9.0,4.75,1.36,9.05,5.12,1.36,9.8,5.5,1.38
20230312-fulham-arsenal,ENG Premier League,2022-2023,2023-03-12 14:00:00,2023-03-12 00:00:00,Fulham,Arsenal,0,3,A,0,3,A,12,15,2,7,4,8,0,1,0,0,D Coote,6.0,4.0,1.57,5.74,4.17,1.59,6.2,4.33,1.63
20230312-manchester-united-southampton,ENG Premier League,2022-2023,2023-03-12 14:00:00,2023-03-12 00:00:00,Manchester United,Southampton,0,0,D,0,0,D,10,17,4,4,7,8,2,0,0,0,A Taylor,1.36,5.0,9.0,1.34,5.26,9.22,1.37,5.6,10.01
20230312-west-ham-united-aston-villa,ENG Premier League,2022-2023,2023-03-12 14:00:00,2023-03-12 00:00:00,West Ham United,Aston Villa,1,1,D,1,1,D,17,12,6,4,13,2,1,0,0,0,C Kavanagh,2.2,3.3,3.4,2.23,3.37,3.36,2.29,3.56,3.5
20230312-newcastle-united-wolverhampton-wanderers,ENG Premier League,2022-2023,2023-03-12 16:30:00,2023-03-12 00:00:00,Newcastle United,Wolverhampton Wanderers,2,1,H,1,0,H,19,7,8,4,10,3,1,2,0,0,A Madley,1.65,3.75,5.5,1.67,3.81,5.47,1.72,3.97,5.8
20230315-brighton-hove-albion-crystal-palace,ENG Premier League,2022-2023,2023-03-15 19:30:00,2023-03-15 00:00:00,Brighton & Hove Albion,Crystal Palace,1,0,H,1,0,H,11,11,5,3,1,4,1,2,0,0,P Bankes,1.44,4.2,8.0,1.46,4.44,7.58,1.49,4.7,8.0
20230315-southampton-brentford,ENG Premier League,2022-2023,2023-03-15 19:30:00,2023-03-15 00:00:00,Southampton,Brentford,0,2,A,0,1,A,7,11,1,5,3,3,1,2,0,0,M Salisbury,2.88,3.25,2.5,2.97,3.31,2.46,3.13,3.45,2.5
20230317-nottingham-forest-newcastle-united,ENG Premier League,2022-2023,2023-03-17 20:00:00,2023-03-17 00:00:00,Nottingham Forest,Newcastle United,1,2,A,1,1,D,5,15,3,4,3,7,5,1,0,0,P Tierney,5.5,3.8,1.62,5.58,3.83,1.67,6.0,3.96,1.74
20230318-aston-villa-bournemouth,ENG Premier League,2022-2023,2023-03-18 15:00:00,2023-03-18 00:00:00,Aston Villa,Bournemouth,3,0,H,1,0,H,20,10,9,3,9,6,1,4,0,0,R Jones,1.7,3.8,5.0,1.72,3.85,4.99,1.76,4.0,5.3
20230318-brentford-leicester-city,ENG Premier League,2022-2023,2023-03-18 15:00:00,2023-03-18 00:00:00,Brentford,Leicester City,1,1,D,1,0,H,11,14,2,1,8,4,1,2,1,0,D Bond,1.91,3.6,3.75,1.95,3.7,3.85,2.01,3.89,4.1
20230318-southampton-tottenham-hotspur,ENG Premier League,2022-2023,2023-03-18 15:00:00,2023-03-18 00:00:00,Southampton,Tottenham Hotspur,3,3,D,0,1,A,19,17,7,3,10,3,1,1,0,0,S Hooper,4.75,3.6,1.75,4.56,3.68,1.82,4.75,3.85,1.88
20230318-wolverhampton-wanderers-leeds-united,ENG Premier League,2022-2023,2023-03-18 15:00:00,2023-03-18 00:00:00,Wolverhampton Wanderers,Leeds United,2,4,A,0,1,A,23,11,8,4,5,4,3,5,1,0,M Salisbury,2.25,3.2,3.3,2.28,3.23,3.41,2.35,3.42,3.56
20230318-chelsea-everton,ENG Premier League,2022-2023,2023-03-18 17:30:00,2023-03-18 00:00:00,Chelsea,Everton,2,2,D,0,0,D,20,12,7,3,8,2,2,2,0,0,D England,1.5,4.2,7.5,1.49,4.18,7.62,1.54,4.34,8.2
20230319-arsenal-crystal-palace,ENG Premier League,2022-2023,2023-03-19 14:00:00,2023-03-19 00:00:00,Arsenal,Crystal Palace,4,1,H,2,0,H,15,8,5,4,5,4,0,1,0,0,S Attwell,1.25,5.5,15.0,1.26,5.93,12.83,1.29,6.42,15.5
20230401-manchester-city-liverpool,ENG Premier League,2022-2023,2023-04-01 12:30:00,2023-04-01 00:00:00,Manchester City,Liverpool,4,1,H,1,1,D,17,4,8,1,7,1,1,1,0,0,S Hooper,1.62,4.2,5.0,1.64,4.2,5.19,1.7,4.4,5.5
20230401-arsenal-leeds-united,ENG Premier League,2022-2023,2023-04-01 15:00:00,2023-04-01 00:00:00,Arsenal,Leeds United,4,1,H,1,0,H,13,7,6,5,4,3,0,2,0,0,D England,1.29,6.0,9.0,1.29,5.84,10.48,1.31,6.25,12.0
20230401-bournemouth-fulham,ENG Premier League,2022-2023,2023-04-01 15:00:00,2023-04-01 00:00:00,Bournemouth,Fulham,2,1,H,0,1,A,12,10,7,2,4,3,1,4,0,0,P Bankes,2.55,3.3,2.8,2.56,3.34,2.84,2.63,3.52,2.92
20230401-brighton-hove-albion-brentford,ENG Premier League,2022-2023,2023-04-01 15:00:00,2023-04-01 00:00:00,Brighton & Hove Albion,Brentford,3,3,D,2,2,D,33,7,15,5,14,0,2,1,0,0,M Oliver,1.67,4.0,5.0,1.67,4.08,5.05,1.72,4.33,5.25
20230401-crystal-palace-leicester-city,ENG Premier League,2022-2023,2023-04-01 15:00:00,2023-04-01 00:00:00,Crystal Palace,Leicester City,2,1,H,0,0,D,31,3,9,2,10,1,3,4,0,0,T Robinson,2.5,3.25,2.9,2.54,3.24,2.94,2.62,3.4,3.05
20230401-nottingham-forest-wolverhampton-wanderers,ENG Premier League,2022-2023,2023-04-01 15:00:00,2023-04-01 00:00:00,Nottingham Forest,Wolverhampton Wanderers,1,1,D,1,0,H,17,8,7,1,4,3,3,5,0,0,C Kavanagh,3.0,3.1,2.55,2.96,3.13,2.61,3.15,3.3,2.7
20230401-chelsea-aston-villa,ENG Premier League,2022-2023,2023-04-01 17:30:00,2023-04-01 00:00:00,Chelsea,Aston Villa,0,2,A,0,1,A,27,5,8,2,13,2,3,3,0,0,A Madley,1.67,3.8,5.25,1.68,3.83,5.4,1.74,4.0,5.75
20230402-west-ham-united-southampton,ENG Premier League,2022-2023,2023-04-02 14:00:00,2023-04-02 00:00:00,West Ham United,Southampton,1,0,H,1,0,H,12,9,2,3,5,3,0,2,0,0,P Tierney,1.73,3.6,5.0,1.76,3.74,4.87,1.8,4.0,5.1
20230402-newcastle-united-manchester-united,ENG Premier League,2022-2023,2023-04-02 16:30:00,2023-04-02 00:00:00,Newcastle United,Manchester United,2,0,H,0,0,D,22,6,6,1,7,4,0,0,0,0,S Attwell,2.4,3.4,2.9,2.41,3.45,2.96,2.49,3.62,3.11
20230403-everton-tottenham-hotspur,ENG Premier League,2022-2023,2023-04-03 20:00:00,2023-04-03 00:00:00,Everton,Tottenham Hotspur,1,1,D,0,0,D,15,8,6,2,3,3,0,3,1,1,D Coote,3.4,3.3,2.2,3.41,3.36,2.21,3.55,3.55,2.26
20230404-bournemouth-brighton-hove-albion,ENG Premier League,2022-2023,2023-04-04 19:45:00,2023-04-04 00:00:00,Bournemouth,Brighton & Hove Albion,0,2,A,0,1,A,14,16,3,6,5,5,1,1,0,0,D Bond,6.0,4.2,1.53,5.94,4.29,1.57,6.5,4.5,1.61
20230404-leeds-united-nottingham-forest,ENG Premier League,2022-2023,2023-04-04 19:45:00,2023-04-04 00:00:00,Leeds United,Nottingham Forest,2,1,H,2,1,H,21,13,6,1,11,4,1,4,0,0,R Jones,1.7,3.75,5.0,1.73,3.83,5.05,1.75,4.1,5.5
20230404-leicester-city-aston-villa,ENG Premier League,2022-2023,2023-04-04 19:45:00,2023-04-04 00:00:00,Leicester City,Aston Villa,1,2,A,1,1,D,9,15,4,5,4,8,2,0,1,0,G Scott,2.55,3.3,2.75,2.58,3.41,2.79,2.7,3.6,2.85
20230404-chelsea-liverpool,ENG Premier League,2022-2023,2023-04-04 20:00:00,2023-04-04 00:00:00,Chelsea,Liverpool,0,0,D,0,0,D,12,7,3,4,3,5,1,4,0,0,A Taylor,2.2,3.4,3.25,2.25,3.46,3.28,2.35,3.58,3.46
20230405-manchester-united-brentford,ENG Premier League,2022-2023,2023-04-05 20:00:00,2023-04-05 00:00:00,Manchester United,Brentford,1,0,H,1,0,H,18,6,3,1,12,3,3,2,0,0,J Brooks,1.65,4.0,5.0,1.65,4.17,5.07,1.71,4.4,5.3
20230405-west-ham-united-newcastle-united,ENG Premier League,2022-2023,2023-04-05 20:00:00,2023-04-05 00:00:00,West Ham United,Newcastle United,1,5,A,1,2,A,7,15,2,8,7,6,2,1,0,0,C Pawson,3.6,3.25,2.15,3.53,3.41,2.15,3.67,3.53,2.2
20230408-manchester-united-everton,ENG Premier League,2022-2023,2023-04-08 12:30:00,2023-04-08 00:00:00,Manchester United,Everton,2,0,H,1,0,H,29,15,11,1,10,4,0,0,0,0,M Oliver,1.5,4.33,6.5,1.5,4.37,6.75,1.54,4.5,7.5
20230408-aston-villa-nottingham-forest,ENG Premier League,2022-2023,2023-04-08 15:00:00,2023-04-08 00:00:00,Aston Villa,Nottingham Forest,2,0,H,0,0,D,8,6,3,2,1,8,3,4,0,0,A Taylor,1.6,4.2,5.25,1.62,4.09,5.55,1.65,4.3,6.0
20230408-brentford-newcastle-united,ENG Premier League,2022-2023,2023-04-08 15:00:00,2023-04-08 00:00:00,Brentford,Newcastle United,1,2,A,1,0,H,12,10,6,4,6,5,0,0,0,0,C Kavanagh,3.6,3.4,2.05,3.57,3.46,2.1,3.7,3.58,2.15
20230408-fulham-west-ham-united,ENG Premier League,2022-2023,2023-04-08 15:00:00,2023-04-08 00:00:00,Fulham,West Ham United,0,1,A,0,1,A,16,9,3,5,11,4,1,1,0,0,J Gillett,2.8,3.25,2.63,2.79,3.24,2.66,2.86,3.33,2.75
20230408-leicester-city-bournemouth,ENG Premier League,2022-2023,2023-04-08 15:00:00,2023-04-08 00:00:00,Leicester City,Bournemouth,0,1,A,0,1,A,14,19,4,7,6,6,0,3,0,0,D Coote,1.83,3.75,4.2,1.88,3.72,4.11,1.92,3.85,4.33
20230408-tottenham-hotspur-brighton-hove-albion,ENG Premier League,2022-2023,2023-04-08 15:00:00,2023-04-08 00:00:00,Tottenham Hotspur,Brighton & Hove Albion,2,1,H,1,1,D,9,17,3,4,3,7,3,1,0,0,S Attwell,2.55,3.5,2.7,2.56,3.56,2.69,2.63,3.71,2.75
20230408-wolverhampton-wanderers-chelsea,ENG Premier League,2022-2023,2023-04-08 15:00:00,2023-04-08 00:00:00,Wolverhampton Wanderers,Chelsea,1,0,H,1,0,H,9,13,4,1,8,8,2,5,0,0,P Bankes,4.2,3.5,1.91,4.14,3.47,1.95,4.3,3.61,2.0
20230408-southampton-manchester-city,ENG Premier League,2022-2023,2023-04-08 17:30:00,2023-04-08 00:00:00,Southampton,Manchester City,1,4,A,0,1,A,4,13,1,8,0,10,0,2,0,0,R Jones,11.0,6.0,1.25,12.48,6.19,1.25,13.5,6.6,1.27
20230409-leeds-united-crystal-palace,ENG Premier League,2022-2023,2023-04-09 14:00:00,2023-04-09 00:00:00,Leeds United,Crystal Palace,1,5,A,1,1,D,11,16,7,8,2,4,3,1,0,0,S Hooper,2.1,3.4,3.6,2.11,3.41,3.59,2.16,3.55,3.7
20230409-liverpool-arsenal,ENG Premier League,2022-2023,2023-04-09 16:30:00,2023-04-09 00:00:00,Liverpool,Arsenal,2,2,D,1,2,A,21,9,6,5,5,4,4,4,0,0,P Tierney,2.88,3.6,2.38,2.79,3.69,2.41,2.95,3.88,2.5
20230415-aston-villa-newcastle-united,ENG Premier League,2022-2023,2023-04-15 12:30:00,2023-04-15 00:00:00,Aston Villa,Newcastle United,3,0,H,1,0,H,16,8,6,2,7,2,1,1,0,0,J Brooks,3.6,3.4,2.05,3.61,3.42,2.13,3.8,3.56,2.19
20230415-chelsea-brighton-hove-albion,ENG Premier League,2022-2023,2023-04-15 15:00:00,2023-04-15 00:00:00,Chelsea,Brighton & Hove Albion,1,2,A,1,1,D,8,26,2,10,2,8,2,2,0,0,R Jones,2.63,3.4,2.63,2.67,3.42,2.68,2.75,3.58,2.75
20230415-everton-fulham,ENG Premier League,2022-2023,2023-04-15 15:00:00,2023-04-15 00:00:00,Everton,Fulham,1,3,A,1,1,D,15,21,7,7,4,8,3,2,0,0,A Taylor,2.05,3.4,3.7,2.07,3.39,3.78,2.12,3.56,3.9
20230415-southampton-crystal-palace,ENG Premier League,2022-2023,2023-04-15 15:00:00,2023-04-15 00:00:00,Southampton,Crystal Palace,0,2,A,0,0,D,11,9,4,2,6,2,3,1,0,0,M Oliver,2.8,3.1,2.7,2.82,3.2,2.68,2.93,3.34,2.75
20230415-tottenham-hotspur-bournemouth,ENG Premier League,2022-2023,2023-04-15 15:00:00,2023-04-15 00:00:00,Tottenham Hotspur,Bournemouth,2,3,A,1,1,D,24,6,8,6,8,1,1,2,0,0,A Madley,1.45,4.5,7.0,1.47,4.6,6.83,1.52,4.9,7.3
20230415-wolverhampton-wanderers-brentford,ENG Premier League,2022-2023,2023-04-15 15:00:00,2023-04-15 00:00:00,Wolverhampton Wanderers,Brentford,2,0,H,1,0,H,11,10,9,3,5,2,1,1,0,0,P Tierney,2.45,3.1,3.0,2.52,3.23,3.0,2.59,3.38,3.15
20230415-manchester-city-leicester-city,ENG Premier League,2022-2023,2023-04-15 17:30:00,2023-04-15 00:00:00,Manchester City,Leicester City,3,1,H,3,0,H,12,10,4,4,6,2,1,1,0,0,D England,1.14,8.5,15.0,1.16,8.49,17.32,1.18,9.6,21.0
20230416-west-ham-united-arsenal,ENG Premier League,2022-2023,2023-04-16 14:00:00,2023-04-16 00:00:00,West Ham United,Arsenal,2,2,D,1,2,A,16,11,3,5,7,2,1,2,0,0,D Coote,6.0,4.2,1.55,5.92,4.22,1.57,6.2,4.4,1.61
20230416-nottingham-forest-manchester-united,ENG Premier League,2022-2023,2023-04-16 16:30:00,2023-04-16 00:00:00,Nottingham Forest,Manchester United,0,2,A,0,1,A,6,22,0,8,4,9,2,2,0,0,S Hooper,5.5,4.0,1.62,5.0,3.96,1.69,5.5,4.1,1.75
20230417-leeds-united-liverpool,ENG Premier League,2022-2023,2023-04-17 20:00:00,2023-04-17 00:00:00,Leeds United,Liverpool,1,6,A,0,2,A,13,13,3,7,4,2,0,1,0,0,C Pawson,4.2,4.2,1.73,4.35,4.22,1.73,4.54,4.6,1.77
20230421-arsenal-southampton,ENG Premier League,2022-2023,2023-04-21 20:00:00,2023-04-21 00:00:00,Arsenal,Southampton,3,3,D,1,2,A,25,8,6,6,7,2,1,5,0,0,S Hooper,1.2,7.0,13.0,1.2,7.18,14.72,1.23,7.9,17.0
20230422-fulham-leeds-united,ENG Premier League,2022-2023,2023-04-22 12:30:00,2023-04-22 00:00:00,Fulham,Leeds United,2,1,H,0,0,D,12,10,5,2,8,6,1,4,0,0,P Bankes,2.3,3.4,3.1,2.38,3.44,3.01,2.47,3.55,3.1
20230422-brentford-aston-villa,ENG Premier League,2022-2023,2023-04-22 15:00:00,2023-04-22 00:00:00,Brentford,Aston Villa,1,1,D,0,0,D,6,14,5,2,8,4,3,2,0,0,M Salisbury,2.5,3.25,2.88,2.53,3.38,2.84,2.61,3.53,2.9
20230422-crystal-palace-everton,ENG Premier League,2022-2023,2023-04-22 15:00:00,2023-04-22 00:00:00,Crystal Palace,Everton,0,0,D,0,0,D,12,10,2,5,8,1,1,1,0,1,J Brooks,2.05,3.2,3.75,2.11,3.25,3.83,2.18,3.35,4.1
20230422-leicester-city-wolverhampton-wanderers,ENG Premier League,2022-2023,2023-04-22 15:00:00,2023-04-22 00:00:00,Leicester City,Wolverhampton Wanderers,2,1,H,1,1,D,15,16,8,3,1,7,1,3,0,0,A Madley,2.38,3.3,3.0,2.45,3.27,3.05,2.5,3.36,3.21
20230422-liverpool-nottingham-forest,ENG Premier League,2022-2023,2023-04-22 15:00:00,2023-04-22 00:00:00,Liverpool,Nottingham Forest,3,2,H,0,0,D,18,11,6,5,9,3,0,1,0,0,M Oliver,1.17,7.5,17.0,1.18,7.64,16.06,1.21,8.2,19.5
20230423-bournemouth-west-ham-united,ENG Premier League,2022-2023,2023-04-23 14:00:00,2023-04-23 00:00:00,Bournemouth,West Ham United,0,4,A,0,3,A,17,18,5,10,8,5,1,2,0,0,A Taylor,2.88,3.2,2.55,2.83,3.25,2.61,2.91,3.35,2.75
20230423-newcastle-united-tottenham-hotspur,ENG Premier League,2022-2023,2023-04-23 14:00:00,2023-04-23 00:00:00,Newcastle United,Tottenham Hotspur,6,1,H,5,0,H,25,11,8,3,9,3,0,3,0,0,D Coote,1.83,3.75,4.2,1.85,3.81,4.22,1.92,4.0,4.4
20230425-wolverhampton-wanderers-crystal-palace,ENG Premier League,2022-2023,2023-04-25 19:30:00,2023-04-25 00:00:00,Wolverhampton Wanderers,Crystal Palace,2,0,H,1,0,H,9,14,3,4,6,11,5,4,0,0,R Jones,2.45,3.2,3.0,2.52,3.14,3.09,2.58,3.23,3.25
20230425-aston-villa-fulham,ENG Premier League,2022-2023,2023-04-25 19:45:00,2023-04-25 00:00:00,Aston Villa,Fulham,1,0,H,1,0,H,14,1,3,0,8,2,3,2,0,0,T Bramall,1.75,4.0,4.2,1.8,3.87,4.43,1.84,4.1,4.6
20230425-leeds-united-leicester-city,ENG Premier League,2022-2023,2023-04-25 20:00:00,2023-04-25 00:00:00,Leeds United,Leicester City,1,1,D,1,0,H,13,15,3,3,3,6,4,2,0,0,P Tierney,2.3,3.5,3.0,2.37,3.54,2.98,2.45,3.67,3.1
20230426-nottingham-forest-brighton-hove-albion,ENG Premier League,2022-2023,2023-04-26 19:30:00,2023-04-26 00:00:00,Nottingham Forest,Brighton & Hove Albion,3,1,H,1,1,D,12,17,5,7,2,7,2,0,0,0,J Gillett,6.0,4.2,1.53,6.08,4.36,1.54,6.5,4.6,1.58
20230426-chelsea-brentford,ENG Premier League,2022-2023,2023-04-26 19:45:00,2023-04-26 00:00:00,Chelsea,Brentford,0,2,A,0,1,A,15,7,4,1,5,2,1,2,0,0,A Madley,1.7,4.0,4.75,1.71,3.89,5.02,1.75,4.1,5.25
20230426-west-ham-united-liverpool,ENG Premier League,2022-2023,2023-04-26 19:45:00,2023-04-26 00:00:00,West Ham United,Liverpool,1,2,A,1,1,D,7,20,2,4,3,6,0,0,0,0,C Kavanagh,3.9,3.9,1.85,3.96,3.86,1.88,4.2,4.0,1.92
20230426-manchester-city-arsenal,ENG Premier League,2022-2023,2023-04-26 20:00:00,2023-04-26 00:00:00,Manchester City,Arsenal,4,1,H,2,0,H,14,8,9,2,1,3,3,1,0,0,M Oliver,1.55,4.5,5.25,1.56,4.49,5.7,1.61,4.8,6.4
20230427-everton-newcastle-united,ENG Premier League,2022-2023,2023-04-27 19:45:00,2023-04-27 00:00:00,Everton,Newcastle United,1,4,A,0,1,A,13,15,5,8,3,14,2,1,0,0,A Marriner,4.75,3.6,1.73,4.84,3.7,1.77,5.2,3.88,1.81
20230427-southampton-bournemouth,ENG Premier League,2022-2023,2023-04-27 19:45:00,2023-04-27 00:00:00,Southampton,Bournemouth,0,1,A,0,0,D,11,16,2,2,6,4,0,3,0,0,D England,2.25,3.4,3.2,2.3,3.43,3.15,2.39,3.57,3.22
20230427-tottenham-hotspur-manchester-united,ENG Premier League,2022-2023,2023-04-27 20:15:00,2023-04-27 00:00:00,Tottenham Hotspur,Manchester United,2,2,D,0,2,A,18,17,7,8,6,8,1,2,0,0,A Taylor,2.8,3.6,2.4,2.79,3.65,2.44,2.85,3.82,2.53
20230429-crystal-palace-west-ham-united,ENG Premier League,2022-2023,2023-04-29 12:30:00,2023-04-29 00:00:00,Crystal Palace,West Ham United,4,3,H,3,2,H,16,8,6,4,8,5,1,2,0,0,C Pawson,2.63,3.25,2.75,2.7,3.18,2.81,2.88,3.28,2.9
20230429-brentford-nottingham-forest,ENG Premier League,2022-2023,2023-04-29 15:00:00,2023-04-29 00:00:00,Brentford,Nottingham Forest,2,1,H,0,1,A,14,5,8,3,6,0,1,2,0,0,P Bankes,1.65,3.8,5.5,1.66,3.88,5.5,1.7,4.0,5.7
20230429-brighton-hove-albion-wolverhampton-wanderers,ENG Premier League,2022-2023,2023-04-29 15:00:00,2023-04-29 00:00:00,Brighton & Hove Albion,Wolverhampton Wanderers,6,0,H,4,0,H,22,10,8,2,2,5,1,1,0,0,D Coote,1.5,4.33,6.5,1.51,4.37,6.69,1.54,4.6,7.0
20230430-bournemouth-leeds-united,ENG Premier League,2022-2023,2023-04-30 14:00:00,2023-04-30 00:00:00,Bournemouth,Leeds United,4,1,H,2,1,H,12,15,7,6,2,6,1,0,0,0,C Kavanagh,2.55,3.5,2.7,2.61,3.5,2.68,2.67,3.62,2.75
20230430-fulham-manchester-city,ENG Premier League,2022-2023,2023-04-30 14:00:00,2023-04-30 00:00:00,Fulham,Manchester City,1,2,A,1,2,A,4,12,1,9,2,5,1,3,0,0,S Hooper,12.0,6.0,1.25,11.95,6.23,1.25,13.0,6.6,1.28
20230430-manchester-united-aston-villa,ENG Premier League,2022-2023,2023-04-30 14:00:00,2023-04-30 00:00:00,Manchester United,Aston Villa,1,0,H,1,0,H,14,7,6,1,1,4,2,0,0,0,J Gillett,1.73,3.9,4.6,1.78,3.94,4.35,1.83,4.1,4.7
20230430-newcastle-united-southampton,ENG Premier League,2022-2023,2023-04-30 14:00:00,2023-04-30 00:00:00,Newcastle United,Southampton,3,1,H,0,1,A,22,4,5,3,11,2,1,4,0,0,A Taylor,1.3,5.25,10.0,1.32,5.46,9.9,1.35,6.0,11.0
20230430-liverpool-tottenham-hotspur,ENG Premier League,2022-2023,2023-04-30 16:30:00,2023-04-30 00:00:00,Liverpool,Tottenham Hotspur,4,3,H,3,1,H,12,10,4,7,5,2,3,2,0,0,P Tierney,1.53,4.5,5.75,1.54,4.69,5.68,1.6,5.0,6.05
20230501-leicester-city-everton,ENG Premier League,2022-2023,2023-05-01 20:00:00,2023-05-01 00:00:00,Leicester City,Everton,2,2,D,2,1,H,15,23,6,8,2,9,4,1,0,0,M Oliver,2.0,3.5,3.75,2.04,3.45,3.79,2.1,3.6,4.0
20230502-arsenal-chelsea,ENG Premier League,2022-2023,2023-05-02 20:00:00,2023-05-02 00:00:00,Arsenal,Chelsea,3,1,H,3,0,H,16,7,10,4,7,2,0,2,0,0,R Jones,1.6,4.0,5.5,1.59,4.22,5.75,1.64,4.4,6.1
20230503-liverpool-fulham,ENG Premier League,2022-2023,2023-05-03 20:00:00,2023-05-03 00:00:00,Liverpool,Fulham,1,0,H,1,0,H,15,9,3,3,7,5,0,0,0,0,S Attwell,1.25,5.75,11.0,1.26,6.39,10.73,1.3,7.0,12.0
20230503-manchester-city-west-ham-united,ENG Premier League,2022-2023,2023-05-03 20:00:00,2023-05-03 00:00:00,Manchester City,West Ham United,3,0,H,0,0,D,16,6,7,2,6,3,0,1,0,0,J Brooks,1.2,7.0,13.0,1.2,7.21,13.79,1.23,8.0,15.0
20230504-brighton-hove-albion-manchester-united,ENG Premier League,2022-2023,2023-05-04 20:00:00,2023-05-04 00:00:00,Brighton & Hove Albion,Manchester United,1,0,H,0,0,D,22,16,6,5,8,6,4,4,0,0,A Marriner,1.95,3.5,3.75,2.03,3.82,3.5,2.08,4.02,3.75
20230506-bournemouth-chelsea,ENG Premier League,2022-2023,2023-05-06 15:00:00,2023-05-06 00:00:00,Bournemouth,Chelsea,1,3,A,1,1,D,10,11,4,5,7,7,1,3,0,0,J Brooks,3.3,3.5,2.15,3.42,3.47,2.17,3.53,3.59,2.24
20230506-manchester-city-leeds-united,ENG Premier League,2022-2023,2023-05-06 15:00:00,2023-05-06 00:00:00,Manchester City,Leeds United,2,1,H,2,0,H,18,4,6,2,10,1,0,3,0,0,A Madley,1.17,8.5,15.0,1.17,8.41,15.94,1.19,9.3,19.0
20230506-tottenham-hotspur-crystal-palace,ENG Premier League,2022-2023,2023-05-06 15:00:00,2023-05-06 00:00:00,Tottenham Hotspur,Crystal Palace,1,0,H,1,0,H,8,7,3,2,8,4,3,5,0,0,D England,1.8,3.8,4.2,1.82,3.92,4.21,1.87,4.1,4.4
20230506-wolverhampton-wanderers-aston-villa,ENG Premier League,2022-2023,2023-05-06 15:00:00,2023-05-06 00:00:00,Wolverhampton Wanderers,Aston Villa,1,0,H,1,0,H,6,16,2,3,5,6,3,3,0,0,S Attwell,2.88,3.3,2.5,2.98,3.26,2.51,3.09,3.38,2.56
20230506-liverpool-brentford,ENG Premier League,2022-2023,2023-05-06 17:30:00,2023-05-06 00:00:00,Liverpool,Brentford,1,0,H,1,0,H,15,5,5,1,7,3,4,2,0,0,A Taylor,1.44,5.0,6.0,1.48,4.91,6.16,1.52,5.3,6.5
20230507-newcastle-united-arsenal,ENG Premier League,2022-2023,2023-05-07 16:30:00,2023-05-07 00:00:00,Newcastle United,Arsenal,0,2,A,0,1,A,12,10,5,6,9,4,2,1,0,0,C Kavanagh,2.45,3.75,2.63,2.49,3.73,2.71,2.6,3.94,2.85
20230507-west-ham-united-manchester-united,ENG Premier League,2022-2023,2023-05-07 19:00:00,2023-05-07 00:00:00,West Ham United,Manchester United,1,0,H,1,0,H,15,19,4,4,5,6,0,2,0,0,P Bankes,3.4,3.75,2.05,3.43,3.74,2.08,3.58,3.9,2.13
20230508-fulham-leicester-city,ENG Premier League,2022-2023,2023-05-08 15:00:00,2023-05-08 00:00:00,Fulham,Leicester City,5,3,H,3,0,H,17,18,7,9,2,7,0,3,0,0,R Jones,2.63,3.5,2.6,2.67,3.53,2.6,2.8,3.7,2.68
20230508-brighton-hove-albion-everton,ENG Premier League,2022-2023,2023-05-08 17:30:00,2023-05-08 00:00:00,Brighton & Hove Albion,Everton,1,5,A,0,3,A,23,10,5,5,15,1,1,5,0,0,S Hooper,1.33,5.25,9.0,1.35,5.3,8.47,1.39,5.6,9.2
20230508-nottingham-forest-southampton,ENG Premier League,2022-2023,2023-05-08 20:00:00,2023-05-08 00:00:00,Nottingham Forest,Southampton,4,3,H,3,1,H,9,19,4,5,2,11,1,0,0,0,M Oliver,2.1,3.6,3.4,2.13,3.52,3.46,2.2,3.72,3.54
20230513-leeds-united-newcastle-united,ENG Premier League,2022-2023,2023-05-13 12:30:00,2023-05-13 00:00:00,Leeds United,Newcastle United,2,2,D,1,1,D,9,18,4,5,2,6,3,2,1,0,S Hooper,4.33,4.2,1.7,4.62,4.2,1.71,4.8,4.4,1.77
20230513-aston-villa-tottenham-hotspur,ENG Premier League,2022-2023,2023-05-13 15:00:00,2023-05-13 00:00:00,Aston Villa,Tottenham Hotspur,2,1,H,1,0,H,8,5,4,2,8,3,3,3,0,0,P Bankes,2.25,3.6,2.9,2.3,3.6,3.03,2.38,3.78,3.14
20230513-chelsea-nottingham-forest,ENG Premier League,2022-2023,2023-05-13 15:00:00,2023-05-13 00:00:00,Chelsea,Nottingham Forest,2,2,D,0,1,A,14,11,6,2,2,5,3,1,0,0,P Tierney,1.5,4.5,6.0,1.51,4.4,6.68,1.55,4.6,7.1
20230513-crystal-palace-bournemouth,ENG Premier League,2022-2023,2023-05-13 15:00:00,2023-05-13 00:00:00,Crystal Palace,Bournemouth,2,0,H,1,0,H,17,5,5,0,11,2,0,2,0,0,M Salisbury,1.83,3.6,4.2,1.88,3.7,4.18,1.91,3.88,4.4
20230513-manchester-united-wolverhampton-wanderers,ENG Premier League,2022-2023,2023-05-13 15:00:00,2023-05-13 00:00:00,Manchester United,Wolverhampton Wanderers,2,0,H,1,0,H,27,5,9,0,11,7,3,2,0,0,J Brooks,1.36,5.0,7.5,1.38,5.1,8.37,1.41,5.4,9.0
20230513-southampton-fulham,ENG Premier League,2022-2023,2023-05-13 15:00:00,2023-05-13 00:00:00,Southampton,Fulham,0,2,A,0,0,D,5,9,1,4,1,8,2,0,0,0,T Bramall,2.75,3.3,2.5,2.82,3.44,2.51,2.9,3.64,2.57
20230514-brentford-west-ham-united,ENG Premier League,2022-2023,2023-05-14 14:00:00,2023-05-14 00:00:00,Brentford,West Ham United,2,0,H,2,0,H,24,4,10,4,7,5,1,0,0,0,M Oliver,2.0,3.5,3.6,2.05,3.56,3.66,2.1,3.71,3.81
20230514-everton-manchester-city,ENG Premier League,2022-2023,2023-05-14 14:00:00,2023-05-14 00:00:00,Everton,Manchester City,0,3,A,0,2,A,7,9,3,4,8,6,1,0,0,0,A Taylor,9.0,4.75,1.36,8.86,5.21,1.36,10.0,5.7,1.39
20230514-arsenal-brighton-hove-albion,ENG Premier League,2022-2023,2023-05-14 16:30:00,2023-05-14 00:00:00,Arsenal,Brighton & Hove Albion,0,3,A,0,0,D,14,12,2,6,5,2,1,2,0,0,A Madley,1.73,4.2,4.2,1.77,4.19,4.21,1.81,4.5,4.35
20230515-leicester-city-liverpool,ENG Premier League,2022-2023,2023-05-15 20:00:00,2023-05-15 00:00:00,Leicester City,Liverpool,0,3,A,0,2,A,4,16,4,5,4,4,2,1,0,0,C Pawson,5.25,4.33,1.57,5.11,4.59,1.59,5.5,4.9,1.64
20230518-newcastle-united-brighton-hove-albion,ENG Premier League,2022-2023,2023-05-18 19:30:00,2023-05-18 00:00:00,Newcastle United,Brighton & Hove Albion,4,1,H,2,0,H,22,8,9,2,6,1,2,4,0,0,R Jones,2.0,3.8,3.5,2.02,3.86,3.49,2.07,4.0,3.65
20230520-tottenham-hotspur-brentford,ENG Premier League,2022-2023,2023-05-20 12:30:00,2023-05-20 00:00:00,Tottenham Hotspur,Brentford,1,3,A,1,0,H,22,11,8,4,8,2,1,1,0,0,J Gillett,1.83,3.9,4.0,1.85,3.88,4.13,1.9,4.1,4.3
20230520-bournemouth-manchester-united,ENG Premier League,2022-2023,2023-05-20 15:00:00,2023-05-20 00:00:00,Bournemouth,Manchester United,0,1,A,0,1,A,10,20,4,5,3,6,1,0,0,0,C Kavanagh,6.0,4.75,1.5,6.06,4.77,1.51,6.5,5.1,1.55
20230520-fulham-crystal-palace,ENG Premier League,2022-2023,2023-05-20 15:00:00,2023-05-20 00:00:00,Fulham,Crystal Palace,2,2,D,1,1,D,11,11,4,5,7,4,3,0,0,0,J Smith,2.45,3.4,2.9,2.45,3.4,2.97,2.51,3.52,3.11
20230520-liverpool-aston-villa,ENG Premier League,2022-2023,2023-05-20 15:00:00,2023-05-20 00:00:00,Liverpool,Aston Villa,1,1,D,0,1,A,10,6,5,3,9,4,3,5,0,0,J Brooks,1.45,5.0,6.25,1.49,4.86,6.16,1.53,5.2,6.5
20230520-wolverhampton-wanderers-everton,ENG Premier League,2022-2023,2023-05-20 15:00:00,2023-05-20 00:00:00,Wolverhampton Wanderers,Everton,1,1,D,1,0,H,13,19,5,4,1,7,5,1,0,0,D Coote,2.75,3.3,2.6,2.77,3.35,2.63,2.88,3.48,2.75
20230520-nottingham-forest-arsenal,ENG Premier League,2022-2023,2023-05-20 17:30:00,2023-05-20 00:00:00,Nottingham Forest,Arsenal,1,0,H,1,0,H,6,11,2,3,3,6,3,2,0,0,A Taylor,5.25,4.33,1.57,5.37,4.45,1.59,5.6,4.6,1.7
20230521-west-ham-united-leeds-united,ENG Premier League,2022-2023,2023-05-21 13:30:00,2023-05-21 00:00:00,West Ham United,Leeds United,3,1,H,1,1,D,19,12,9,3,9,5,1,3,0,0,P Bankes,2.4,3.5,2.88,2.45,3.56,2.84,2.55,3.72,2.93
20230521-brighton-hove-albion-southampton,ENG Premier League,2022-2023,2023-05-21 14:00:00,2023-05-21 00:00:00,Brighton & Hove Albion,Southampton,3,1,H,2,0,H,26,5,8,1,4,3,2,5,0,0,P Tierney,1.22,7.0,11.0,1.23,6.91,12.43,1.25,7.6,13.5
20230521-manchester-city-chelsea,ENG Premier League,2022-2023,2023-05-21 16:00:00,2023-05-21 00:00:00,Manchester City,Chelsea,1,0,H,1,0,H,15,13,2,6,5,2,0,2,0,0,M Oliver,1.25,6.0,11.0,1.26,6.41,11.48,1.28,6.85,13.25
20230522-newcastle-united-leicester-city,ENG Premier League,2022-2023,2023-05-22 20:00:00,2023-05-22 00:00:00,Newcastle United,Leicester City,0,0,D,0,0,D,23,1,4,1,12,1,2,0,0,0,A Marriner,1.36,5.5,7.0,1.38,5.39,7.66,1.42,5.9,8.5
20230524-brighton-hove-albion-manchester-city,ENG Premier League,2022-2023,2023-05-24 20:00:00,2023-05-24 00:00:00,Brighton & Hove Albion,Manchester City,1,1,D,1,1,D,20,13,7,4,5,1,2,1,0,0,S Hooper,4.0,4.33,1.75,3.97,4.22,1.81,4.22,4.5,1.85
20230525-manchester-united-chelsea,ENG Premier League,2022-2023,2023-05-25 20:00:00,2023-05-25 00:00:00,Manchester United,Chelsea,4,1,H,2,0,H,18,14,9,5,3,4,1,1,0,0,S Attwell,1.6,4.33,5.0,1.63,4.35,5.12,1.7,4.65,5.4
20230528-arsenal-wolverhampton-wanderers,ENG Premier League,2022-2023,2023-05-28 16:30:00,2023-05-28 00:00:00,Arsenal,Wolverhampton Wanderers,5,0,H,3,0,H,14,6,8,0,8,4,0,0,0,0,A Marriner,1.36,5.25,8.0,1.37,5.33,7.87,1.43,5.7,8.5
20230528-aston-villa-brighton-hove-albion,ENG Premier League,2022-2023,2023-05-28 16:30:00,2023-05-28 00:00:00,Aston Villa,Brighton & Hove Albion,2,1,H,2,1,H,12,8,5,4,4,3,4,4,0,0,D Coote,2.0,3.6,3.5,2.04,3.88,3.37,2.1,4.08,3.55
20230528-brentford-manchester-city,ENG Premier League,2022-2023,2023-05-28 16:30:00,2023-05-28 00:00:00,Brentford,Manchester City,1,0,H,0,0,D,11,17,4,3,3,4,4,0,0,0,J Brooks,3.8,4.0,1.83,3.88,4.01,1.87,4.05,4.3,1.92
20230528-chelsea-newcastle-united,ENG Premier League,2022-2023,2023-05-28 16:30:00,2023-05-28 00:00:00,Chelsea,Newcastle United,1,1,D,1,1,D,22,13,5,4,10,3,0,0,0,0,J Gillett,2.9,3.5,2.38,2.87,3.64,2.38,3.0,3.86,2.48
20230528-crystal-palace-nottingham-forest,ENG Premier League,2022-2023,2023-05-28 16:30:00,2023-05-28 00:00:00,Crystal Palace,Nottingham Forest,1,1,D,0,1,A,16,7,4,4,5,4,0,2,0,0,T Bramall,1.67,4.0,5.0,1.69,4.15,4.77,1.74,4.4,5.0
20230528-everton-bournemouth,ENG Premier League,2022-2023,2023-05-28 16:30:00,2023-05-28 00:00:00,Everton,Bournemouth,1,0,H,0,0,D,13,7,6,2,9,3,1,3,0,0,S Attwell,1.5,4.5,6.5,1.49,4.61,6.58,1.53,5.0,7.25
20230528-leeds-united-tottenham-hotspur,ENG Premier League,2022-2023,2023-05-28 16:30:00,2023-05-28 00:00:00,Leeds United,Tottenham Hotspur,1,4,A,0,1,A,19,11,2,7,12,3,3,0,0,0,A Taylor,2.75,3.8,2.3,2.77,3.84,2.37,2.88,4.1,2.45
20230528-leicester-city-west-ham-united,ENG Premier League,2022-2023,2023-05-28 16:30:00,2023-05-28 00:00:00,Leicester City,West Ham United,2,1,H,1,0,H,13,16,4,3,3,5,1,1,0,0,S Hooper,1.91,3.8,3.6,1.94,3.92,3.65,2.0,4.2,3.82
20230528-manchester-united-fulham,ENG Premier League,2022-2023,2023-05-28 16:30:00,2023-05-28 00:00:00,Manchester United,Fulham,2,1,H,1,1,D,21,10,8,3,5,4,1,2,0,0,R Jones,1.5,4.33,6.0,1.53,4.59,5.76,1.56,4.9,6.0
20230528-southampton-liverpool,ENG Premier League,2022-2023,2023-05-28 16:30:00,2023-05-28 00:00:00,Southampton,Liverpool,4,4,D,2,2,D,15,30,10,8,2,9,0,2,0,0,D England,6.5,4.75,1.44,6.74,5.2,1.42,7.1,5.6,1.46
20230811-burnley-manchester-city,ENG Premier League,2023-2024,2023-08-11 20:00:00,2023-08-11 00:00:00,Burnley,Manchester City,0,3,A,0,2,A,6,17,1,8,6,5,0,0,1,0,C Pawson,8.0,5.5,1.33,9.02,5.35,1.35,9.5,5.68,1.39
20230812-arsenal-nottingham-forest,ENG Premier League,2023-2024,2023-08-12 12:30:00,2023-08-12 00:00:00,Arsenal,Nottingham Forest,2,1,H,2,0,H,15,6,7,2,8,3,2,2,0,0,M Oliver,1.18,7.0,15.0,1.18,7.64,15.67,1.21,8.5,17.5
20230812-bournemouth-west-ham-united,ENG Premier League,2023-2024,2023-08-12 15:00:00,2023-08-12 00:00:00,Bournemouth,West Ham United,1,1,D,0,0,D,14,16,5,3,10,4,1,4,0,0,P Bankes,2.7,3.4,2.55,2.69,3.44,2.64,2.8,3.62,2.75
20230812-brighton-hove-albion-luton-town,ENG Premier League,2023-2024,2023-08-12 15:00:00,2023-08-12 00:00:00,Brighton & Hove Albion,Luton Town,4,1,H,1,0,H,27,9,12,3,6,7,2,2,0,0,D Coote,1.33,5.5,9.0,1.33,5.52,9.61,1.36,6.0,10.5
20230812-everton-fulham,ENG Premier League,2023-2024,2023-08-12 15:00:00,2023-08-12 00:00:00,Everton,Fulham,0,1,A,0,0,D,19,9,9,2,10,4,0,2,0,0,S Attwell,2.2,3.4,3.3,2.24,3.43,3.3,2.3,3.57,3.45
20230812-sheffield-united-crystal-palace,ENG Premier League,2023-2024,2023-08-12 15:00:00,2023-08-12 00:00:00,Sheffield United,Crystal Palace,0,1,A,0,0,D,8,24,1,8,5,5,3,0,0,0,J Brooks,3.0,3.3,2.38,3.12,3.24,2.41,3.31,3.42,2.48
20230812-newcastle-united-aston-villa,ENG Premier League,2023-2024,2023-08-12 17:30:00,2023-08-12 00:00:00,Newcastle United,Aston Villa,5,1,H,2,1,H,17,16,13,6,6,5,4,4,0,0,A Madley,1.75,3.75,4.6,1.76,3.88,4.61,1.8,4.1,4.9
20230813-brentford-tottenham-hotspur,ENG Premier League,2023-2024,2023-08-13 14:00:00,2023-08-13 00:00:00,Brentford,Tottenham Hotspur,2,2,D,2,2,D,11,18,6,6,3,6,1,4,0,0,R Jones,2.75,3.4,2.45,2.73,3.63,2.5,2.85,3.83,2.6
20230813-chelsea-liverpool,ENG Premier League,2023-2024,2023-08-13 16:30:00,2023-08-13 00:00:00,Chelsea,Liverpool,1,1,D,1,1,D,10,13,4,1,4,4,3,3,0,0,A Taylor,2.9,3.4,2.38,2.87,3.64,2.39,3.05,3.82,2.48
20230814-manchester-united-wolverhampton-wanderers,ENG Premier League,2023-2024,2023-08-14 20:00:00,2023-08-14 00:00:00,Manchester United,Wolverhampton Wanderers,1,0,H,0,0,D,15,23,3,6,8,7,2,3,0,0,S Hooper,1.33,5.5,9.0,1.31,5.65,9.85,1.34,6.0,11.0
20230818-nottingham-forest-sheffield-united,ENG Premier League,2023-2024,2023-08-18 19:45:00,2023-08-18 00:00:00,Nottingham Forest,Sheffield United,2,1,H,1,0,H,16,7,4,3,6,7,2,3,0,0,P Bankes,1.95,3.4,4.0,1.95,3.43,4.25,2.0,3.6,4.5
20230819-fulham-brentford,ENG Premier League,2023-2024,2023-08-19 15:00:00,2023-08-19 00:00:00,Fulham,Brentford,0,3,A,0,1,A,10,17,2,8,5,5,2,2,1,0,D Bond,2.7,3.3,2.63,2.72,3.4,2.63,2.8,3.58,2.73
20230819-liverpool-bournemouth,ENG Premier League,2023-2024,2023-08-19 15:00:00,2023-08-19 00:00:00,Liverpool,Bournemouth,3,1,H,2,1,H,26,13,10,5,10,2,1,3,1,0,T Bramall,1.2,7.0,13.0,1.23,6.86,11.82,1.26,7.5,13.0
20230819-wolverhampton-wanderers-brighton-hove-albion,ENG Premier League,2023-2024,2023-08-19 15:00:00,2023-08-19 00:00:00,Wolverhampton Wanderers,Brighton & Hove Albion,1,4,A,0,1,A,16,16,5,8,5,3,3,6,1,0,A Madley,4.0,3.8,1.85,4.0,3.81,1.89,4.25,4.0,1.97
20230819-tottenham-hotspur-manchester-united,ENG Premier League,2023-2024,2023-08-19 17:30:00,2023-08-19 00:00:00,Tottenham Hotspur,Manchester United,2,0,H,0,0,D,17,22,6,6,5,6,1,3,0,0,M Oliver,2.8,3.6,2.38,2.84,3.75,2.37,2.95,3.96,2.46
20230819-manchester-city-newcastle-united,ENG Premier League,2023-2024,2023-08-19 20:00:00,2023-08-19 00:00:00,Manchester City,Newcastle United,1,0,H,1,0,H,14,7,4,1,3,0,1,5,0,0,R Jones,1.67,4.0,5.0,1.7,4.07,4.83,1.75,4.3,5.2
20230820-aston-villa-everton,ENG Premier League,2023-2024,2023-08-20 14:00:00,2023-08-20 00:00:00,Aston Villa,Everton,4,0,H,2,0,H,13,9,7,2,7,6,3,4,0,0,A Taylor,1.7,4.0,4.5,1.7,3.91,5.0,1.76,4.1,5.4
20230820-west-ham-united-chelsea,ENG Premier League,2023-2024,2023-08-20 16:30:00,2023-08-20 00:00:00,West Ham United,Chelsea,3,1,H,1,1,D,12,17,6,4,3,9,2,3,1,0,J Brooks,3.75,3.5,2.0,3.66,3.57,2.04,3.86,3.75,2.12
20230821-crystal-palace-arsenal,ENG Premier League,2023-2024,2023-08-21 20:00:00,2023-08-21 00:00:00,Crystal Palace,Arsenal,0,1,A,0,0,D,14,14,2,3,1,8,2,1,0,1,D Coote,5.5,4.0,1.6,5.79,4.06,1.6,6.0,4.33,1.68
20230825-chelsea-luton-town,ENG Premier League,2023-2024,2023-08-25 20:00:00,2023-08-25 00:00:00,Chelsea,Luton Town,3,0,H,1,0,H,19,11,8,1,6,4,2,3,0,0,R Jones,1.29,5.5,11.0,1.29,5.86,10.78,1.33,6.5,13.0
20230826-bournemouth-tottenham-hotspur,ENG Premier League,2023-2024,2023-08-26 12:30:00,2023-08-26 00:00:00,Bournemouth,Tottenham Hotspur,0,2,A,0,1,A,11,17,3,6,6,2,1,3,0,0,T Robinson,3.8,3.75,1.91,3.67,3.94,1.95,3.95,4.1,2.05
20230826-arsenal-fulham,ENG Premier League,2023-2024,2023-08-26 15:00:00,2023-08-26 00:00:00,Arsenal,Fulham,2,2,D,0,1,A,19,8,11,3,8,3,0,3,0,1,P Tierney,1.2,7.0,13.0,1.23,6.49,13.35,1.27,7.27,15.25
20230826-brentford-crystal-palace,ENG Premier League,2023-2024,2023-08-26 15:00:00,2023-08-26 00:00:00,Brentford,Crystal Palace,1,1,D,1,0,H,12,15,1,5,8,6,0,0,0,0,P Bankes,2.15,3.4,3.5,2.14,3.41,3.57,2.2,3.54,3.75
20230826-everton-wolverhampton-wanderers,ENG Premier League,2023-2024,2023-08-26 15:00:00,2023-08-26 00:00:00,Everton,Wolverhampton Wanderers,0,1,A,0,0,D,15,11,7,2,7,0,3,4,0,0,C Pawson,2.3,3.3,3.2,2.32,3.31,3.24,2.42,3.48,3.4
20230826-manchester-united-nottingham-forest,ENG Premier League,2023-2024,2023-08-26 15:00:00,2023-08-26 00:00:00,Manchester United,Nottingham Forest,3,2,H,1,2,A,18,9,9,4,11,3,4,4,0,1,S Attwell,1.3,6.0,8.0,1.31,5.79,9.23,1.34,6.2,10.0
20230826-brighton-hove-albion-west-ham-united,ENG Premier League,2023-2024,2023-08-26 17:30:00,2023-08-26 00:00:00,Brighton & Hove Albion,West Ham United,1,3,A,0,1,A,25,12,10,3,17,4,1,3,0,0,A Taylor,1.53,4.75,5.25,1.53,4.67,5.73,1.58,4.9,6.0
20230827-burnley-aston-villa,ENG Premier League,2023-2024,2023-08-27 14:00:00,2023-08-27 00:00:00,Burnley,Aston Villa,1,3,A,0,2,A,9,16,2,6,4,6,2,0,0,0,M Salisbury,3.4,3.4,2.15,3.36,3.55,2.16,3.46,3.7,2.22
20230827-sheffield-united-manchester-city,ENG Premier League,2023-2024,2023-08-27 14:00:00,2023-08-27 00:00:00,Sheffield United,Manchester City,1,2,A,0,0,D,6,30,2,9,1,12,3,0,0,0,J Gillett,13.0,8.0,1.17,16.67,7.51,1.18,19.5,8.6,1.21
20230827-newcastle-united-liverpool,ENG Premier League,2023-2024,2023-08-27 16:30:00,2023-08-27 00:00:00,Newcastle United,Liverpool,1,2,A,1,0,H,23,9,8,4,5,9,1,2,0,1,J Brooks,2.2,3.75,3.0,2.2,3.9,3.03,2.3,4.1,3.18
20230901-luton-town-west-ham-united,ENG Premier League,2023-2024,2023-09-01 20:00:00,2023-09-01 00:00:00,Luton Town,West Ham United,1,2,A,0,1,A,16,9,1,3,9,6,1,1,0,0,P Tierney,4.75,3.8,1.73,4.7,3.94,1.74,5.0,4.2,1.78
20230902-sheffield-united-everton,ENG Premier League,2023-2024,2023-09-02 12:30:00,2023-09-02 00:00:00,Sheffield United,Everton,2,2,D,2,1,H,13,16,8,6,4,6,1,2,0,0,A Madley,2.9,3.25,2.5,3.01,3.23,2.5,3.15,3.36,2.59
20230902-brentford-bournemouth,ENG Premier League,2023-2024,2023-09-02 15:00:00,2023-09-02 00:00:00,Brentford,Bournemouth,2,2,D,1,1,D,21,12,7,5,5,2,1,2,0,0,R Madley,1.73,3.8,4.75,1.72,4.06,4.67,1.77,4.3,4.94
20230902-burnley-tottenham-hotspur,ENG Premier League,2023-2024,2023-09-02 15:00:00,2023-09-02 00:00:00,Burnley,Tottenham Hotspur,2,5,A,1,2,A,16,20,4,10,7,4,4,3,0,0,D England,3.6,4.0,1.85,3.83,3.99,1.88,3.99,4.2,1.93
20230902-chelsea-nottingham-forest,ENG Premier League,2023-2024,2023-09-02 15:00:00,2023-09-02 00:00:00,Chelsea,Nottingham Forest,0,1,A,0,0,D,21,7,2,3,8,0,3,4,0,0,T Robinson,1.4,4.5,8.5,1.38,5.03,8.27,1.43,5.35,9.0
20230902-manchester-city-fulham,ENG Premier League,2023-2024,2023-09-02 15:00:00,2023-09-02 00:00:00,Manchester City,Fulham,5,1,H,2,1,H,7,6,5,4,4,5,2,4,0,0,M Oliver,1.17,8.0,15.0,1.15,8.46,17.91,1.18,9.7,22.0
20230902-brighton-hove-albion-newcastle-united,ENG Premier League,2023-2024,2023-09-02 17:30:00,2023-09-02 00:00:00,Brighton & Hove Albion,Newcastle United,3,1,H,1,0,H,15,9,6,2,5,3,4,4,0,0,S Attwell,2.5,3.8,2.55,2.55,3.87,2.55,2.62,4.1,2.61
20230903-crystal-palace-wolverhampton-wanderers,ENG Premier League,2023-2024,2023-09-03 14:00:00,2023-09-03 00:00:00,Crystal Palace,Wolverhampton Wanderers,3,2,H,0,0,D,16,12,11,4,4,2,1,3,0,0,R Jones,1.91,3.3,4.33,1.95,3.45,4.15,2.01,3.62,4.5
20230903-liverpool-aston-villa,ENG Premier League,2023-2024,2023-09-03 14:00:00,2023-09-03 00:00:00,Liverpool,Aston Villa,3,0,H,2,0,H,17,9,4,3,7,3,0,1,0,0,S Hooper,1.65,4.5,4.5,1.66,4.49,4.57,1.71,4.7,4.9
20230903-arsenal-manchester-united,ENG Premier League,2023-2024,2023-09-03 16:30:00,2023-09-03 00:00:00,Arsenal,Manchester United,3,1,H,1,1,D,17,10,5,2,12,3,2,3,0,0,A Taylor,1.75,3.8,4.5,1.77,4.04,4.38,1.83,4.25,4.7
20230916-wolverhampton-wanderers-liverpool,ENG Premier League,2023-2024,2023-09-16 12:30:00,2023-09-16 00:00:00,Wolverhampton Wanderers,Liverpool,1,3,A,1,0,H,11,16,2,6,4,4,1,3,0,0,M Oliver,6.0,5.0,1.45,6.64,4.95,1.45,7.5,5.25,1.51
20230916-aston-villa-crystal-palace,ENG Premier League,2023-2024,2023-09-16 15:00:00,2023-09-16 00:00:00,Aston Villa,Crystal Palace,3,1,H,0,0,D,16,6,5,3,4,2,5,3,0,0,D England,1.91,3.6,4.0,1.9,3.7,4.07,1.96,3.89,4.21
20230916-fulham-luton-town,ENG Premier League,2023-2024,2023-09-16 15:00:00,2023-09-16 00:00:00,Fulham,Luton Town,1,0,H,0,0,D,13,7,2,2,6,2,2,2,0,0,M Salisbury,1.67,3.75,5.5,1.68,3.96,5.18,1.73,4.2,5.5
20230916-manchester-united-brighton-hove-albion,ENG Premier League,2023-2024,2023-09-16 15:00:00,2023-09-16 00:00:00,Manchester United,Brighton & Hove Albion,1,3,A,0,1,A,14,10,4,8,8,1,2,2,0,0,J Gillett,2.15,4.0,2.88,2.21,3.98,2.96,2.28,4.19,3.07
20230916-tottenham-hotspur-sheffield-united,ENG Premier League,2023-2024,2023-09-16 15:00:00,2023-09-16 00:00:00,Tottenham Hotspur,Sheffield United,2,1,H,0,0,D,28,7,10,5,15,2,6,5,0,1,P Bankes,1.29,5.5,11.0,1.28,6.1,10.52,1.31,6.51,12.0
20230916-west-ham-united-manchester-city,ENG Premier League,2023-2024,2023-09-16 15:00:00,2023-09-16 00:00:00,West Ham United,Manchester City,1,3,A,1,0,H,6,29,3,15,4,11,3,2,0,0,A Madley,7.0,4.5,1.45,6.57,4.67,1.48,7.5,4.95,1.53
20230916-newcastle-united-brentford,ENG Premier League,2023-2024,2023-09-16 17:30:00,2023-09-16 00:00:00,Newcastle United,Brentford,1,0,H,0,0,D,9,11,2,2,8,3,3,5,0,0,C Pawson,1.53,4.2,6.0,1.53,4.37,6.12,1.58,4.6,6.75
20230917-bournemouth-chelsea,ENG Premier League,2023-2024,2023-09-17 14:00:00,2023-09-17 00:00:00,Bournemouth,Chelsea,0,0,D,0,0,D,13,14,4,6,1,7,1,5,0,0,D Coote,4.33,3.75,1.8,4.34,3.96,1.79,4.5,4.2,1.84
20230917-everton-arsenal,ENG Premier League,2023-2024,2023-09-17 16:30:00,2023-09-17 00:00:00,Everton,Arsenal,0,1,A,0,0,D,8,13,1,4,1,11,1,1,0,0,S Hooper,6.0,4.5,1.5,6.07,4.55,1.52,6.5,4.75,1.57
20230918-nottingham-forest-burnley,ENG Premier League,2023-2024,2023-09-18 19:45:00,2023-09-18 00:00:00,Nottingham Forest,Burnley,1,1,D,0,1,A,14,10,4,3,5,4,2,3,0,1,R Jones,2.2,3.5,3.25,2.24,3.51,3.22,2.31,3.65,3.41
20230923-crystal-palace-fulham,ENG Premier League,2023-2024,2023-09-23 15:00:00,2023-09-23 00:00:00,Crystal Palace,Fulham,0,0,D,0,0,D,7,10,3,5,3,2,3,2,0,0,P Tierney,1.91,3.4,4.2,1.95,3.51,4.09,2.01,3.68,4.35
20230923-luton-town-wolverhampton-wanderers,ENG Premier League,2023-2024,2023-09-23 15:00:00,2023-09-23 00:00:00,Luton Town,Wolverhampton Wanderers,1,1,D,0,0,D,20,3,4,3,10,1,0,2,0,1,J Smith,3.25,3.4,2.2,3.3,3.43,2.23,3.5,3.58,2.34
20230923-manchester-city-nottingham-forest,ENG Premier League,2023-2024,2023-09-23 15:00:00,2023-09-23 00:00:00,Manchester City,Nottingham Forest,2,0,H,2,0,H,7,10,4,3,6,6,3,7,1,0,A Taylor,1.14,8.5,15.0,1.15,8.55,18.11,1.17,9.8,21.0
20230923-brentford-everton,ENG Premier League,2023-2024,2023-09-23 17:30:00,2023-09-23 00:00:00,Brentford,Everton,1,3,A,1,1,D,12,18,2,6,1,4,2,2,0,0,M Oliver,1.8,3.8,4.2,1.8,3.78,4.49,1.84,3.95,4.75
20230923-burnley-manchester-united,ENG Premier League,2023-2024,2023-09-23 20:00:00,2023-09-23 00:00:00,Burnley,Manchester United,0,1,A,0,1,A,12,11,4,4,9,5,1,2,0,0,T Harrington,4.2,4.2,1.73,4.31,4.16,1.75,4.6,4.4,1.8
20230924-arsenal-tottenham-hotspur,ENG Premier League,2023-2024,2023-09-24 14:00:00,2023-09-24 00:00:00,Arsenal,Tottenham Hotspur,2,2,D,1,1,D,13,13,6,5,11,4,3,4,0,0,R Jones,1.67,4.33,4.33,1.7,4.36,4.5,1.76,4.6,4.75
20230924-brighton-hove-albion-bournemouth,ENG Premier League,2023-2024,2023-09-24 14:00:00,2023-09-24 00:00:00,Brighton & Hove Albion,Bournemouth,3,1,H,1,1,D,13,12,4,4,4,4,3,3,0,0,J Brooks,1.36,5.25,7.5,1.38,5.31,7.58,1.43,5.75,8.3
20230924-chelsea-aston-villa,ENG Premier League,2023-2024,2023-09-24 14:00:00,2023-09-24 00:00:00,Chelsea,Aston Villa,0,1,A,0,0,D,10,15,4,7,5,11,2,3,0,0,J Gillett,1.91,3.75,3.8,1.91,3.85,3.87,1.96,4.0,4.1
20230924-liverpool-west-ham-united,ENG Premier League,2023-2024,2023-09-24 14:00:00,2023-09-24 00:00:00,Liverpool,West Ham United,3,1,H,1,1,D,22,11,7,4,7,4,0,2,0,0,C Kavanagh,1.4,5.0,7.0,1.39,5.38,7.19,1.45,5.8,7.7
20230924-sheffield-united-newcastle-united,ENG Premier League,2023-2024,2023-09-24 16:30:00,2023-09-24 00:00:00,Sheffield United,Newcastle United,0,8,A,0,3,A,9,22,1,15,2,6,3,0,0,0,S Attwell,7.0,4.75,1.44,7.01,4.78,1.45,7.5,5.1,1.51
20230930-aston-villa-brighton-hove-albion,ENG Premier League,2023-2024,2023-09-30 12:30:00,2023-09-30 00:00:00,Aston Villa,Brighton & Hove Albion,6,1,H,3,0,H,19,11,9,3,1,3,4,4,0,0,A Madley,2.55,3.75,2.55,2.56,3.92,2.55,2.65,4.11,2.65
20230930-bournemouth-arsenal,ENG Premier League,2023-2024,2023-09-30 15:00:00,2023-09-30 00:00:00,Bournemouth,Arsenal,0,4,A,0,2,A,8,15,1,8,6,6,0,1,0,0,M Salisbury,5.5,4.5,1.53,5.77,4.68,1.53,6.0,4.9,1.58
20230930-everton-luton-town,ENG Premier League,2023-2024,2023-09-30 15:00:00,2023-09-30 00:00:00,Everton,Luton Town,1,2,A,1,2,A,23,9,5,2,3,6,0,1,0,0,A Taylor,1.57,3.8,6.5,1.61,3.94,6.06,1.68,4.1,6.5
20230930-manchester-united-crystal-palace,ENG Premier League,2023-2024,2023-09-30 15:00:00,2023-09-30 00:00:00,Manchester United,Crystal Palace,0,1,A,0,1,A,19,8,4,2,10,4,3,2,0,0,C Kavanagh,1.55,4.2,5.75,1.57,4.3,5.89,1.61,4.5,6.1
20230930-newcastle-united-burnley,ENG Premier League,2023-2024,2023-09-30 15:00:00,2023-09-30 00:00:00,Newcastle United,Burnley,2,0,H,1,0,H,20,8,8,2,5,3,1,3,0,0,T Bramall,1.3,5.75,9.0,1.33,5.62,9.22,1.36,5.9,10.5
20230930-west-ham-united-sheffield-united,ENG Premier League,2023-2024,2023-09-30 15:00:00,2023-09-30 00:00:00,West Ham United,Sheffield United,2,0,H,2,0,H,20,16,9,2,7,4,1,1,0,0,G Scott,1.45,4.5,7.0,1.45,4.79,7.1,1.49,5.1,7.5
20230930-wolverhampton-wanderers-manchester-city,ENG Premier League,2023-2024,2023-09-30 15:00:00,2023-09-30 00:00:00,Wolverhampton Wanderers,Manchester City,2,1,H,1,0,H,3,23,1,8,0,6,5,4,0,0,C Pawson,8.0,5.75,1.33,9.2,5.65,1.33,10.0,6.0,1.36
20230930-tottenham-hotspur-liverpool,ENG Premier League,2023-2024,2023-09-30 17:30:00,2023-09-30 00:00:00,Tottenham Hotspur,Liverpool,2,1,H,1,1,D,24,12,8,4,12,5,5,4,0,2,S Hooper,2.9,4.0,2.15,2.96,4.03,2.21,3.08,4.2,2.28
20231001-nottingham-forest-brentford,ENG Premier League,2023-2024,2023-10-01 14:00:00,2023-10-01 00:00:00,Nottingham Forest,Brentford,1,1,D,0,0,D,6,18,1,5,1,11,1,2,1,0,P Tierney,2.75,3.1,2.7,2.81,3.27,2.65,2.89,3.46,2.75
20231002-fulham-chelsea,ENG Premier League,2023-2024,2023-10-02 20:00:00,2023-10-02 00:00:00,Fulham,Chelsea,0,2,A,0,2,A,10,11,3,4,8,1,1,4,0,0,T Robinson,3.6,3.5,2.05,3.73,3.49,2.06,4.0,3.62,2.1
20231003-luton-town-burnley,ENG Premier League,2023-2024,2023-10-03 19:30:00,2023-10-03 00:00:00,Luton Town,Burnley,1,2,A,0,1,A,18,14,3,4,7,6,4,2,0,0,P Bankes,2.9,3.0,2.63,2.92,3.18,2.63,3.0,3.3,2.72
20231007-luton-town-tottenham-hotspur,ENG Premier League,2023-2024,2023-10-07 12:30:00,2023-10-07 00:00:00,Luton Town,Tottenham Hotspur,0,1,A,0,0,D,12,15,2,4,5,6,2,1,0,1,J Brooks,6.0,4.75,1.45,6.46,4.79,1.48,7.1,5.1,1.54
20231007-burnley-chelsea,ENG Premier League,2023-2024,2023-10-07 15:00:00,2023-10-07 00:00:00,Burnley,Chelsea,1,4,A,1,1,D,10,9,3,5,7,3,2,4,0,0,S Attwell,4.5,3.8,1.73,4.63,3.92,1.76,4.92,4.1,1.8
20231007-everton-bournemouth,ENG Premier League,2023-2024,2023-10-07 15:00:00,2023-10-07 00:00:00,Everton,Bournemouth,3,0,H,2,0,H,25,11,8,4,8,7,1,2,0,0,D Coote,1.91,3.6,3.8,1.97,3.7,3.81,2.03,3.85,3.99
20231007-fulham-sheffield-united,ENG Premier League,2023-2024,2023-10-07 15:00:00,2023-10-07 00:00:00,Fulham,Sheffield United,3,1,H,0,0,D,20,5,6,2,9,4,1,2,0,0,S Barrott,1.62,3.8,6.0,1.64,3.96,5.69,1.68,4.16,6.2
20231007-manchester-united-brentford,ENG Premier League,2023-2024,2023-10-07 15:00:00,2023-10-07 00:00:00,Manchester United,Brentford,2,1,H,0,1,A,21,11,8,3,7,5,0,5,0,0,A Madley,1.67,4.2,4.75,1.69,4.2,4.78,1.74,4.35,5.0
20231007-crystal-palace-nottingham-forest,ENG Premier League,2023-2024,2023-10-07 17:30:00,2023-10-07 00:00:00,Crystal Palace,Nottingham Forest,0,0,D,0,0,D,8,16,2,5,3,7,0,1,0,0,C Pawson,2.2,3.1,3.6,2.24,3.25,3.49,2.31,3.44,3.65
20231008-brighton-hove-albion-liverpool,ENG Premier League,2023-2024,2023-10-08 14:00:00,2023-10-08 00:00:00,Brighton & Hove Albion,Liverpool,2,2,D,1,2,A,14,14,3,4,8,1,1,2,0,0,A Taylor,3.0,3.8,2.2,3.05,4.01,2.17,3.25,4.32,2.21
20231008-west-ham-united-newcastle-united,ENG Premier League,2023-2024,2023-10-08 14:00:00,2023-10-08 00:00:00,West Ham United,Newcastle United,2,2,D,1,0,H,5,10,3,3,4,2,3,3,0,0,P Bankes,3.2,3.75,2.1,3.32,3.72,2.13,3.47,3.84,2.2
20231008-wolverhampton-wanderers-aston-villa,ENG Premier League,2023-2024,2023-10-08 14:00:00,2023-10-08 00:00:00,Wolverhampton Wanderers,Aston Villa,1,1,D,0,0,D,8,18,3,4,2,10,2,2,1,0,R Jones,3.5,3.4,2.1,3.4,3.59,2.14,3.5,3.77,2.21
20231008-arsenal-manchester-city,ENG Premier League,2023-2024,2023-10-08 16:30:00,2023-10-08 00:00:00,Arsenal,Manchester City,1,0,H,0,0,D,12,4,2,1,5,4,2,3,0,0,M Oliver,2.9,3.3,2.4,2.92,3.49,2.44,3.05,3.66,2.51
20231021-liverpool-everton,ENG Premier League,2023-2024,2023-10-21 12:30:00,2023-10-21 00:00:00,Liverpool,Everton,2,0,H,0,0,D,26,6,6,1,12,4,1,1,0,1,C Pawson,1.33,5.75,7.5,1.36,5.66,8.01,1.4,6.0,8.8
20231021-bournemouth-wolverhampton-wanderers,ENG Premier League,2023-2024,2023-10-21 15:00:00,2023-10-21 00:00:00,Bournemouth,Wolverhampton Wanderers,1,2,A,1,0,H,7,20,4,7,3,12,2,6,1,0,P Tierney,2.38,3.4,3.0,2.41,3.48,2.95,2.48,3.7,3.05
20231021-brentford-burnley,ENG Premier League,2023-2024,2023-10-21 15:00:00,2023-10-21 00:00:00,Brentford,Burnley,3,0,H,1,0,H,23,6,10,1,5,5,5,2,0,1,J Smith,1.83,3.75,4.2,1.83,3.74,4.4,1.9,3.86,4.53
20231021-manchester-city-brighton-hove-albion,ENG Premier League,2023-2024,2023-10-21 15:00:00,2023-10-21 00:00:00,Manchester City,Brighton & Hove Albion,2,1,H,2,0,H,10,5,6,3,2,2,2,2,1,0,R Jones,1.4,5.25,6.5,1.41,5.36,6.83,1.46,5.7,7.3
20231021-newcastle-united-crystal-palace,ENG Premier League,2023-2024,2023-10-21 15:00:00,2023-10-21 00:00:00,Newcastle United,Crystal Palace,4,0,H,3,0,H,10,17,7,3,6,8,2,3,0,0,T Robinson,1.45,4.5,7.0,1.46,4.53,7.44,1.5,4.8,8.0
20231021-nottingham-forest-luton-town,ENG Premier League,2023-2024,2023-10-21 15:00:00,2023-10-21 00:00:00,Nottingham Forest,Luton Town,2,2,D,0,0,D,19,13,8,4,4,2,3,0,0,0,S Barrott,1.67,3.75,5.5,1.69,3.82,5.33,1.75,3.97,5.75
20231021-chelsea-arsenal,ENG Premier League,2023-2024,2023-10-21 17:30:00,2023-10-21 00:00:00,Chelsea,Arsenal,2,2,D,1,0,H,11,13,5,3,2,7,3,3,0,0,C Kavanagh,3.2,3.4,2.25,3.24,3.47,2.26,3.4,3.56,2.36
20231021-sheffield-united-manchester-united,ENG Premier League,2023-2024,2023-10-21 20:00:00,2023-10-21 00:00:00,Sheffield United,Manchester United,1,2,A,1,1,D,12,14,6,5,5,4,3,1,0,0,M Oliver,6.5,5.25,1.4,7.27,5.07,1.42,7.8,5.4,1.46
20231022-aston-villa-west-ham-united,ENG Premier League,2023-2024,2023-10-22 16:30:00,2023-10-22 00:00:00,Aston Villa,West Ham United,4,1,H,1,0,H,15,14,7,4,8,7,0,1,0,0,D Coote,1.85,3.6,4.0,1.9,3.86,3.88,1.95,4.03,4.1
20231023-tottenham-hotspur-fulham,ENG Premier League,2023-2024,2023-10-23 20:00:00,2023-10-23 00:00:00,Tottenham Hotspur,Fulham,2,0,H,1,0,H,15,10,5,3,3,5,2,0,0,0,A Taylor,1.5,4.5,6.0,1.51,4.7,5.99,1.55,5.0,6.4
20231027-crystal-palace-tottenham-hotspur,ENG Premier League,2023-2024,2023-10-27 20:00:00,2023-10-27 00:00:00,Crystal Palace,Tottenham Hotspur,1,2,A,0,0,D,13,10,3,1,11,2,2,1,0,0,A Madley,4.5,3.75,1.75,4.64,3.83,1.79,5.0,3.95,1.83
20231028-chelsea-brentford,ENG Premier League,2023-2024,2023-10-28 12:30:00,2023-10-28 00:00:00,Chelsea,Brentford,0,2,A,0,0,D,17,7,2,5,10,1,1,4,0,0,S Hooper,1.65,4.0,5.25,1.65,4.1,5.31,1.7,4.22,5.75
20231028-arsenal-sheffield-united,ENG Premier League,2023-2024,2023-10-28 15:00:00,2023-10-28 00:00:00,Arsenal,Sheffield United,5,0,H,1,0,H,13,2,8,0,6,1,0,3,0,0,T Robinson,1.13,8.5,19.0,1.13,9.61,21.6,1.14,11.0,26.0
20231028-bournemouth-burnley,ENG Premier League,2023-2024,2023-10-28 15:00:00,2023-10-28 00:00:00,Bournemouth,Burnley,2,1,H,1,1,D,13,6,6,3,10,5,2,3,0,0,S Barrott,2.15,3.5,3.3,2.13,3.66,3.38,2.19,3.82,3.56
20231028-wolverhampton-wanderers-newcastle-united,ENG Premier League,2023-2024,2023-10-28 17:30:00,2023-10-28 00:00:00,Wolverhampton Wanderers,Newcastle United,2,2,D,1,2,A,11,13,6,5,8,7,1,4,0,0,A Taylor,4.2,4.0,1.75,4.26,3.94,1.82,4.4,4.1,1.87
20231029-west-ham-united-everton,ENG Premier League,2023-2024,2023-10-29 13:00:00,2023-10-29 00:00:00,West Ham United,Everton,0,1,A,0,0,D,12,10,2,4,4,3,4,1,0,0,S Attwell,2.15,3.5,3.3,2.15,3.64,3.32,2.21,3.81,3.47
20231029-aston-villa-luton-town,ENG Premier League,2023-2024,2023-10-29 14:00:00,2023-10-29 00:00:00,Aston Villa,Luton Town,3,1,H,1,0,H,17,7,6,1,6,4,3,2,0,0,J Brooks,1.25,6.5,9.5,1.28,6.19,10.79,1.31,6.5,12.0
20231029-brighton-hove-albion-fulham,ENG Premier League,2023-2024,2023-10-29 14:00:00,2023-10-29 00:00:00,Brighton & Hove Albion,Fulham,1,1,D,1,0,H,18,10,7,5,7,3,0,3,0,0,M Salisbury,1.55,4.2,5.5,1.56,4.6,5.42,1.62,4.8,5.75
20231029-liverpool-nottingham-forest,ENG Premier League,2023-2024,2023-10-29 14:00:00,2023-10-29 00:00:00,Liverpool,Nottingham Forest,3,0,H,2,0,H,21,9,8,1,8,3,2,3,0,0,C Kavanagh,1.29,5.75,11.0,1.27,6.38,10.39,1.3,6.9,11.5
20231029-manchester-united-manchester-city,ENG Premier League,2023-2024,2023-10-29 15:30:00,2023-10-29 00:00:00,Manchester United,Manchester City,0,3,A,0,1,A,7,21,3,10,7,12,4,1,0,0,P Tierney,5.0,3.8,1.67,4.99,4.04,1.69,5.3,4.22,1.74
20231104-fulham-manchester-united,ENG Premier League,2023-2024,2023-11-04 12:30:00,2023-11-04 00:00:00,Fulham,Manchester United,0,1,A,0,0,D,18,12,3,5,9,4,5,2,0,0,J Brooks,3.2,3.6,2.2,3.24,3.61,2.2,3.5,3.75,2.26
20231104-brentford-west-ham-united,ENG Premier League,2023-2024,2023-11-04 15:00:00,2023-11-04 00:00:00,Brentford,West Ham United,3,2,H,1,2,A,16,12,4,2,4,3,1,4,0,0,T Bramall,2.05,3.6,3.5,2.08,3.67,3.46,2.12,3.85,3.61
20231104-burnley-crystal-palace,ENG Premier League,2023-2024,2023-11-04 15:00:00,2023-11-04 00:00:00,Burnley,Crystal Palace,0,2,A,0,1,A,17,4,5,3,12,1,0,5,0,0,P Bankes,2.75,3.25,2.6,2.85,3.23,2.63,2.95,3.33,2.71
20231104-everton-brighton-hove-albion,ENG Premier League,2023-2024,2023-11-04 15:00:00,2023-11-04 00:00:00,Everton,Brighton & Hove Albion,1,1,D,1,0,H,10,7,4,2,3,3,4,2,0,0,T Robinson,3.1,3.6,2.2,3.09,3.81,2.2,3.17,3.98,2.25
20231104-manchester-city-bournemouth,ENG Premier League,2023-2024,2023-11-04 15:00:00,2023-11-04 00:00:00,Manchester City,Bournemouth,6,1,H,3,0,H,21,5,8,1,12,1,0,1,0,0,C Pawson,1.1,11.0,19.0,1.1,11.39,26.19,1.11,14.0,34.0
20231104-sheffield-united-wolverhampton-wanderers,ENG Premier League,2023-2024,2023-11-04 15:00:00,2023-11-04 00:00:00,Sheffield United,Wolverhampton Wanderers,2,1,H,0,0,D,11,10,2,3,4,4,2,3,0,0,R Jones,3.8,3.5,2.0,3.83,3.64,1.98,4.1,3.79,2.01
20231104-newcastle-united-arsenal,ENG Premier League,2023-2024,2023-11-04 17:30:00,2023-11-04 00:00:00,Newcastle United,Arsenal,1,0,H,0,0,D,9,14,2,1,0,11,5,1,0,0,S Attwell,2.8,3.2,2.6,2.82,3.39,2.56,2.89,3.5,2.65
20231105-nottingham-forest-aston-villa,ENG Premier League,2023-2024,2023-11-05 14:00:00,2023-11-05 00:00:00,Nottingham Forest,Aston Villa,2,0,H,1,0,H,5,13,3,3,0,10,1,1,0,0,J Gillett,4.2,3.75,1.85,4.09,3.77,1.89,4.3,3.9,1.93
20231105-luton-town-liverpool,ENG Premier League,2023-2024,2023-11-05 16:30:00,2023-11-05 00:00:00,Luton Town,Liverpool,1,1,D,0,0,D,8,24,5,6,4,7,1,1,0,0,A Madley,12.0,6.5,1.22,11.46,6.8,1.24,12.5,7.3,1.26
20231106-tottenham-hotspur-chelsea,ENG Premier League,2023-2024,2023-11-06 20:00:00,2023-11-06 00:00:00,Tottenham Hotspur,Chelsea,1,4,A,1,1,D,8,17,5,8,1,6,1,5,2,0,M Oliver,2.0,3.75,3.5,2.13,3.73,3.29,2.21,3.92,3.5
20231111-wolverhampton-wanderers-tottenham-hotspur,ENG Premier League,2023-2024,2023-11-11 12:30:00,2023-11-11 00:00:00,Wolverhampton Wanderers,Tottenham Hotspur,2,1,H,0,1,A,17,6,4,2,11,3,4,3,0,0,T Robinson,3.1,3.75,2.2,3.13,3.73,2.21,3.41,3.89,2.28
20231111-arsenal-burnley,ENG Premier League,2023-2024,2023-11-11 15:00:00,2023-11-11 00:00:00,Arsenal,Burnley,3,1,H,1,0,H,16,8,6,5,3,3,0,1,1,0,M Oliver,1.18,7.0,17.0,1.19,7.34,15.07,1.22,8.1,17.0
20231111-crystal-palace-everton,ENG Premier League,2023-2024,2023-11-11 15:00:00,2023-11-11 00:00:00,Crystal Palace,Everton,2,3,A,1,1,D,13,8,4,4,9,2,1,4,0,0,S Barrott,2.45,3.2,3.0,2.44,3.21,3.11,2.5,3.3,3.27
20231111-manchester-united-luton-town,ENG Premier League,2023-2024,2023-11-11 15:00:00,2023-11-11 00:00:00,Manchester United,Luton Town,1,0,H,0,0,D,15,10,4,4,11,3,0,2,0,0,G Scott,1.33,5.25,9.5,1.33,5.6,9.17,1.38,6.2,10.0
20231111-bournemouth-newcastle-united,ENG Premier League,2023-2024,2023-11-11 17:30:00,2023-11-11 00:00:00,Bournemouth,Newcastle United,2,0,H,0,0,D,19,8,10,5,6,5,2,1,0,0,C Kavanagh,4.75,4.0,1.73,4.67,4.03,1.73,5.0,4.2,1.78
20231112-aston-villa-fulham,ENG Premier League,2023-2024,2023-11-12 14:00:00,2023-11-12 00:00:00,Aston Villa,Fulham,3,1,H,2,0,H,12,9,6,5,2,2,2,5,0,0,S Hooper,1.57,4.2,5.5,1.59,4.28,5.66,1.63,4.5,5.9
20231112-brighton-hove-albion-sheffield-united,ENG Premier League,2023-2024,2023-11-12 14:00:00,2023-11-12 00:00:00,Brighton & Hove Albion,Sheffield United,1,1,D,1,0,H,11,9,6,1,6,3,3,2,1,0,J Brooks,1.25,5.75,13.0,1.24,6.73,11.71,1.26,7.4,13.0
20231112-liverpool-brentford,ENG Premier League,2023-2024,2023-11-12 14:00:00,2023-11-12 00:00:00,Liverpool,Brentford,3,0,H,1,0,H,17,16,10,3,6,8,1,2,0,0,P Tierney,1.4,5.0,6.5,1.42,5.16,7.05,1.45,5.5,7.6
20231112-west-ham-united-nottingham-forest,ENG Premier League,2023-2024,2023-11-12 14:00:00,2023-11-12 00:00:00,West Ham United,Nottingham Forest,3,2,H,1,1,D,16,10,6,5,9,4,2,2,0,0,M Salisbury,1.85,3.6,4.0,1.89,3.77,4.09,1.93,3.92,4.5
20231112-chelsea-manchester-city,ENG Premier League,2023-2024,2023-11-12 16:30:00,2023-11-12 00:00:00,Chelsea,Manchester City,4,4,D,2,2,D,17,15,9,10,3,3,5,3,0,0,A Taylor,5.0,3.7,1.73,4.93,3.83,1.74,5.4,3.98,1.78
20231125-manchester-city-liverpool,ENG Premier League,2023-2024,2023-11-25 12:30:00,2023-11-25 00:00:00,Manchester City,Liverpool,1,1,D,1,0,H,16,8,5,3,9,6,1,3,0,0,C Kavanagh,1.73,4.2,4.2,1.75,4.31,4.29,1.8,4.5,4.51
20231125-burnley-west-ham-united,ENG Premier League,2023-2024,2023-11-25 15:00:00,2023-11-25 00:00:00,Burnley,West Ham United,1,2,A,0,0,D,11,11,5,3,4,5,1,3,0,0,S Barrott,3.4,3.5,2.05,3.47,3.62,2.1,3.63,3.79,2.17
20231125-luton-town-crystal-palace,ENG Premier League,2023-2024,2023-11-25 15:00:00,2023-11-25 00:00:00,Luton Town,Crystal Palace,2,1,H,0,0,D,8,16,3,8,4,5,6,1,0,0,J Gillett,3.6,3.3,2.1,3.63,3.38,2.13,3.8,3.54,2.17
20231125-newcastle-united-chelsea,ENG Premier League,2023-2024,2023-11-25 15:00:00,2023-11-25 00:00:00,Newcastle United,Chelsea,4,1,H,1,1,D,14,7,5,4,4,2,4,4,0,1,S Hooper,2.55,3.5,2.63,2.62,3.5,2.68,2.72,3.66,2.76
20231125-nottingham-forest-brighton-hove-albion,ENG Premier League,2023-2024,2023-11-25 15:00:00,2023-11-25 00:00:00,Nottingham Forest,Brighton & Hove Albion,2,3,A,1,2,A,18,11,5,5,6,4,2,4,0,1,A Taylor,3.2,3.6,2.15,3.22,3.64,2.2,3.4,3.8,2.25
20231125-sheffield-united-bournemouth,ENG Premier League,2023-2024,2023-11-25 15:00:00,2023-11-25 00:00:00,Sheffield United,Bournemouth,1,3,A,0,2,A,10,23,2,11,4,7,4,1,0,0,A Madley,3.2,3.5,2.2,3.29,3.53,2.21,3.47,3.72,2.25
20231125-brentford-arsenal,ENG Premier League,2023-2024,2023-11-25 17:30:00,2023-11-25 00:00:00,Brentford,Arsenal,0,1,A,0,0,D,9,15,3,4,1,8,1,1,0,0,T Robinson,4.5,3.75,1.75,4.64,3.84,1.77,5.0,4.01,1.8
20231126-tottenham-hotspur-aston-villa,ENG Premier League,2023-2024,2023-11-26 14:00:00,2023-11-26 00:00:00,Tottenham Hotspur,Aston Villa,1,2,A,1,1,D,18,15,8,5,9,3,0,4,0,0,R Jones,2.3,3.8,2.8,2.35,3.89,2.8,2.42,4.01,2.9
20231126-everton-manchester-united,ENG Premier League,2023-2024,2023-11-26 16:30:00,2023-11-26 00:00:00,Everton,Manchester United,0,3,A,0,1,A,24,9,6,4,6,5,3,0,0,0,J Brooks,2.7,3.4,2.55,2.74,3.52,2.56,2.8,3.7,2.65
20231127-fulham-wolverhampton-wanderers,ENG Premier League,2023-2024,2023-11-27 20:00:00,2023-11-27 00:00:00,Fulham,Wolverhampton Wanderers,3,2,H,1,1,D,12,10,6,6,6,2,2,2,0,0,M Salisbury,2.38,3.3,3.0,2.43,3.34,3.02,2.51,3.48,3.1
20231202-arsenal-wolverhampton-wanderers,ENG Premier League,2023-2024,2023-12-02 15:00:00,2023-12-02 00:00:00,Arsenal,Wolverhampton Wanderers,2,1,H,2,0,H,19,6,6,3,4,0,1,2,0,0,P Bankes,1.25,5.5,12.0,1.27,5.95,11.58,1.3,6.5,12.6
20231202-brentford-luton-town,ENG Premier League,2023-2024,2023-12-02 15:00:00,2023-12-02 00:00:00,Brentford,Luton Town,3,1,H,0,0,D,27,7,6,1,7,5,1,2,0,0,A Taylor,1.45,4.5,6.5,1.48,4.63,6.88,1.51,4.9,7.5
20231202-burnley-sheffield-united,ENG Premier League,2023-2024,2023-12-02 15:00:00,2023-12-02 00:00:00,Burnley,Sheffield United,5,0,H,2,0,H,19,6,7,3,6,1,2,5,0,1,C Kavanagh,1.8,3.6,4.5,1.83,3.68,4.55,1.89,3.82,5.0
20231202-nottingham-forest-everton,ENG Premier League,2023-2024,2023-12-02 17:30:00,2023-12-02 00:00:00,Nottingham Forest,Everton,0,1,A,0,0,D,13,12,2,3,4,3,1,0,0,0,P Tierney,2.75,3.25,2.6,2.8,3.35,2.62,2.9,3.5,2.67
20231202-newcastle-united-manchester-united,ENG Premier League,2023-2024,2023-12-02 20:00:00,2023-12-02 00:00:00,Newcastle United,Manchester United,1,0,H,0,0,D,22,8,4,1,7,3,1,2,0,0,R Jones,1.91,3.75,3.8,1.94,3.84,3.84,2.0,4.01,4.05
20231203-bournemouth-aston-villa,ENG Premier League,2023-2024,2023-12-03 14:00:00,2023-12-03 00:00:00,Bournemouth,Aston Villa,2,2,D,1,1,D,15,11,7,3,7,7,5,3,0,0,T Bramall,3.4,4.0,1.95,3.45,4.0,2.01,3.57,4.19,2.07
20231203-chelsea-brighton-hove-albion,ENG Premier League,2023-2024,2023-12-03 14:00:00,2023-12-03 00:00:00,Chelsea,Brighton & Hove Albion,3,2,H,2,1,H,8,18,5,9,5,8,3,5,1,0,C Pawson,1.73,4.2,4.2,1.75,4.24,4.37,1.78,4.37,4.6
20231203-liverpool-fulham,ENG Premier League,2023-2024,2023-12-03 14:00:00,2023-12-03 00:00:00,Liverpool,Fulham,4,3,H,2,2,D,26,9,12,5,3,4,0,0,0,0,S Attwell,1.25,6.5,9.0,1.26,6.62,10.56,1.29,7.2,11.5
20231203-west-ham-united-crystal-palace,ENG Premier League,2023-2024,2023-12-03 14:00:00,2023-12-03 00:00:00,West Ham United,Crystal Palace,1,1,D,1,0,H,9,9,3,2,2,3,2,0,0,0,M Oliver,2.0,3.5,3.8,2.02,3.53,3.84,2.06,3.68,4.0
20231203-manchester-city-tottenham-hotspur,ENG Premier League,2023-2024,2023-12-03 16:30:00,2023-12-03 00:00:00,Manchester City,Tottenham Hotspur,3,3,D,2,1,H,18,8,4,4,10,8,4,4,0,0,S Hooper,1.29,6.0,9.0,1.3,6.18,9.27,1.34,6.5,10.5
20231205-wolverhampton-wanderers-burnley,ENG Premier League,2023-2024,2023-12-05 19:30:00,2023-12-05 00:00:00,Wolverhampton Wanderers,Burnley,1,0,H,1,0,H,7,12,4,3,6,8,2,4,0,0,J Gillett,1.85,3.6,4.2,1.89,3.62,4.31,1.95,3.8,4.7
20231205-luton-town-arsenal,ENG Premier League,2023-2024,2023-12-05 20:15:00,2023-12-05 00:00:00,Luton Town,Arsenal,3,4,A,1,2,A,6,23,4,9,3,8,2,1,0,0,S Barrott,17.0,7.0,1.18,14.98,6.73,1.21,17.0,7.2,1.25
20231206-brighton-hove-albion-brentford,ENG Premier League,2023-2024,2023-12-06 19:30:00,2023-12-06 00:00:00,Brighton & Hove Albion,Brentford,2,1,H,1,1,D,18,8,7,2,7,3,3,1,0,0,P Bankes,1.91,3.8,3.75,1.93,3.91,3.77,1.98,4.1,4.0
20231206-crystal-palace-bournemouth,ENG Premier League,2023-2024,2023-12-06 19:30:00,2023-12-06 00:00:00,Crystal Palace,Bournemouth,0,2,A,0,1,A,16,11,3,4,3,9,1,3,0,0,C Pawson,2.25,3.5,3.1,2.27,3.45,3.25,2.36,3.58,3.6
20231206-fulham-nottingham-forest,ENG Premier League,2023-2024,2023-12-06 19:30:00,2023-12-06 00:00:00,Fulham,Nottingham Forest,5,0,H,2,0,H,14,4,6,1,6,1,0,1,0,0,J Smith,2.0,3.4,3.75,2.05,3.49,3.78,2.14,3.64,3.95
20231206-sheffield-united-liverpool,ENG Premier League,2023-2024,2023-12-06 19:30:00,2023-12-06 00:00:00,Sheffield United,Liverpool,0,2,A,0,1,A,6,15,1,8,2,12,2,3,0,0,S Hooper,12.0,7.5,1.2,13.54,7.67,1.2,15.0,8.4,1.29
20231206-aston-villa-manchester-city,ENG Premier League,2023-2024,2023-12-06 20:15:00,2023-12-06 00:00:00,Aston Villa,Manchester City,1,0,H,0,0,D,22,2,7,2,6,0,2,2,0,0,J Brooks,4.75,4.2,1.7,4.45,4.26,1.73,4.9,4.45,1.78
20231206-manchester-united-chelsea,ENG Premier League,2023-2024,2023-12-06 20:15:00,2023-12-06 00:00:00,Manchester United,Chelsea,2,1,H,1,1,D,28,13,9,3,12,4,4,0,0,0,C Kavanagh,2.88,3.4,2.45,2.82,3.65,2.43,2.93,3.8,2.63
20231207-everton-newcastle-united,ENG Premier League,2023-2024,2023-12-07 19:30:00,2023-12-07 00:00:00,Everton,Newcastle United,3,0,H,0,0,D,21,13,6,3,5,2,3,0,0,0,T Robinson,3.25,3.25,2.25,3.13,3.44,2.33,3.3,3.6,2.5
20231207-tottenham-hotspur-west-ham-united,ENG Premier League,2023-2024,2023-12-07 20:15:00,2023-12-07 00:00:00,Tottenham Hotspur,West Ham United,1,2,A,1,0,H,23,11,7,5,8,4,3,3,0,0,M Salisbury,1.75,4.2,4.2,1.79,4.22,4.08,1.85,4.5,4.25
20231209-crystal-palace-liverpool,ENG Premier League,2023-2024,2023-12-09 12:30:00,2023-12-09 00:00:00,Crystal Palace,Liverpool,1,2,A,0,0,D,8,14,4,2,6,5,5,2,1,0,A Madley,6.0,4.5,1.5,6.12,4.54,1.52,6.6,4.75,1.63
20231209-brighton-hove-albion-burnley,ENG Premier League,2023-2024,2023-12-09 15:00:00,2023-12-09 00:00:00,Brighton & Hove Albion,Burnley,1,1,D,0,1,A,29,6,11,3,9,1,0,4,0,0,S Hooper,1.5,4.75,6.0,1.5,4.69,6.18,1.55,4.9,6.5
20231209-manchester-united-bournemouth,ENG Premier League,2023-2024,2023-12-09 15:00:00,2023-12-09 00:00:00,Manchester United,Bournemouth,0,3,A,0,1,A,20,10,3,4,10,4,3,1,0,0,P Bankes,1.55,4.33,5.75,1.55,4.65,5.54,1.59,4.9,6.0
20231209-sheffield-united-brentford,ENG Premier League,2023-2024,2023-12-09 15:00:00,2023-12-09 00:00:00,Sheffield United,Brentford,1,0,H,1,0,H,9,10,4,4,3,4,5,1,0,0,S Attwell,4.2,3.8,1.75,4.48,3.82,1.8,4.7,3.95,1.85
20231209-wolverhampton-wanderers-nottingham-forest,ENG Premier League,2023-2024,2023-12-09 15:00:00,2023-12-09 00:00:00,Wolverhampton Wanderers,Nottingham Forest,1,1,D,1,1,D,10,8,4,2,4,3,0,1,0,0,S Barrott,1.85,3.6,4.33,1.87,3.64,4.34,1.91,3.82,4.6
20231209-aston-villa-arsenal,ENG Premier League,2023-2024,2023-12-09 17:30:00,2023-12-09 00:00:00,Aston Villa,Arsenal,1,0,H,1,0,H,10,12,3,5,3,3,4,2,0,0,J Gillett,3.3,3.6,2.1,3.41,3.66,2.11,3.55,3.84,2.17
20231210-everton-chelsea,ENG Premier League,2023-2024,2023-12-10 14:00:00,2023-12-10 00:00:00,Everton,Chelsea,2,0,H,0,0,D,9,16,5,4,4,8,2,2,0,0,M Oliver,3.1,3.5,2.25,3.02,3.59,2.31,3.15,3.75,2.41
20231210-fulham-west-ham-united,ENG Premier League,2023-2024,2023-12-10 14:00:00,2023-12-10 00:00:00,Fulham,West Ham United,5,0,H,3,0,H,14,9,8,5,3,6,2,1,0,0,P Tierney,2.38,3.5,2.9,2.39,3.49,2.95,2.49,3.66,3.12
20231210-luton-town-manchester-city,ENG Premier League,2023-2024,2023-12-10 14:00:00,2023-12-10 00:00:00,Luton Town,Manchester City,1,2,A,1,0,H,4,18,2,6,6,3,2,1,0,0,T Robinson,17.0,8.0,1.14,18.02,8.94,1.15,22.0,11.0,1.17
20231210-tottenham-hotspur-newcastle-united,ENG Premier League,2023-2024,2023-12-10 16:30:00,2023-12-10 00:00:00,Tottenham Hotspur,Newcastle United,4,1,H,2,0,H,23,9,12,3,3,6,1,3,0,0,C Kavanagh,2.15,3.8,3.1,2.2,3.84,3.05,2.3,3.99,3.22
20231215-nottingham-forest-tottenham-hotspur,ENG Premier League,2023-2024,2023-12-15 20:00:00,2023-12-15 00:00:00,Nottingham Forest,Tottenham Hotspur,0,2,A,0,1,A,15,12,1,6,6,4,2,4,0,1,J Gillett,4.2,4.2,1.73,4.52,4.13,1.74,4.88,4.3,1.78
20231216-chelsea-sheffield-united,ENG Premier League,2023-2024,2023-12-16 15:00:00,2023-12-16 00:00:00,Chelsea,Sheffield United,2,0,H,0,0,D,15,6,6,1,7,6,1,3,0,0,A Madley,1.22,6.5,13.0,1.24,6.49,12.28,1.28,7.1,13.5
20231216-manchester-city-crystal-palace,ENG Premier League,2023-2024,2023-12-16 15:00:00,2023-12-16 00:00:00,Manchester City,Crystal Palace,2,2,D,1,0,H,19,5,9,2,6,1,1,1,0,0,P Tierney,1.18,8.0,13.0,1.18,7.77,16.06,1.2,8.8,19.5
20231216-newcastle-united-fulham,ENG Premier League,2023-2024,2023-12-16 15:00:00,2023-12-16 00:00:00,Newcastle United,Fulham,3,0,H,0,0,D,27,6,10,4,5,1,0,2,0,1,S Barrott,1.8,3.8,4.0,1.87,3.91,4.03,1.92,4.05,4.22
20231216-burnley-everton,ENG Premier League,2023-2024,2023-12-16 17:30:00,2023-12-16 00:00:00,Burnley,Everton,0,2,A,0,2,A,14,9,2,6,8,6,0,1,0,0,A Taylor,3.6,3.4,2.1,3.55,3.45,2.14,3.74,3.62,2.19
20231217-arsenal-brighton-hove-albion,ENG Premier League,2023-2024,2023-12-17 14:00:00,2023-12-17 00:00:00,Arsenal,Brighton & Hove Albion,2,0,H,0,0,D,26,6,9,1,10,1,1,3,0,0,T Robinson,1.44,5.0,6.0,1.48,4.73,6.5,1.53,5.0,7.0
20231217-brentford-aston-villa,ENG Premier League,2023-2024,2023-12-17 14:00:00,2023-12-17 00:00:00,Brentford,Aston Villa,1,2,A,1,0,H,4,15,3,5,7,12,6,4,1,1,D Coote,3.2,3.75,2.1,3.26,3.71,2.16,3.5,3.85,2.23
20231217-west-ham-united-wolverhampton-wanderers,ENG Premier League,2023-2024,2023-12-17 14:00:00,2023-12-17 00:00:00,West Ham United,Wolverhampton Wanderers,3,0,H,2,0,H,13,14,4,3,6,6,3,1,0,0,C Kavanagh,2.15,3.5,3.3,2.16,3.55,3.4,2.27,3.68,3.62
20231217-liverpool-manchester-united,ENG Premier League,2023-2024,2023-12-17 16:30:00,2023-12-17 00:00:00,Liverpool,Manchester United,0,0,D,0,0,D,34,6,8,1,12,0,2,4,0,1,M Oliver,1.3,6.0,8.0,1.32,6.09,8.5,1.42,6.55,9.5
20231221-crystal-palace-brighton-hove-albion,ENG Premier League,2023-2024,2023-12-21 20:00:00,2023-12-21 00:00:00,Crystal Palace,Brighton & Hove Albion,1,1,D,1,0,H,11,18,3,6,3,1,5,2,0,0,J Brooks,3.3,3.3,2.15,3.35,3.5,2.18,3.5,3.7,2.25
20231222-aston-villa-sheffield-united,ENG Premier League,2023-2024,2023-12-22 20:00:00,2023-12-22 00:00:00,Aston Villa,Sheffield United,1,1,D,0,0,D,12,5,4,2,9,1,3,3,0,0,A Taylor,1.22,6.5,12.0,1.24,6.67,11.7,1.28,7.3,14.0
20231223-west-ham-united-manchester-united,ENG Premier League,2023-2024,2023-12-23 12:30:00,2023-12-23 00:00:00,West Ham United,Manchester United,2,0,H,0,0,D,12,11,5,3,4,4,2,3,0,0,S Hooper,2.6,3.6,2.6,2.61,3.65,2.6,2.72,3.81,2.7
20231223-fulham-burnley,ENG Premier League,2023-2024,2023-12-23 15:00:00,2023-12-23 00:00:00,Fulham,Burnley,0,2,A,0,0,D,19,7,5,2,8,6,2,1,0,0,R Welch,1.67,3.75,5.25,1.7,3.94,5.01,1.76,4.2,5.3
20231223-luton-town-newcastle-united,ENG Premier League,2023-2024,2023-12-23 15:00:00,2023-12-23 00:00:00,Luton Town,Newcastle United,1,0,H,1,0,H,16,15,5,2,6,7,2,1,0,0,D England,4.75,4.2,1.65,5.0,4.23,1.65,5.32,4.6,1.71
20231223-nottingham-forest-bournemouth,ENG Premier League,2023-2024,2023-12-23 15:00:00,2023-12-23 00:00:00,Nottingham Forest,Bournemouth,2,3,A,0,0,D,11,18,5,7,6,6,0,3,1,0,R Jones,2.75,3.4,2.55,2.76,3.49,2.54,2.83,3.63,2.66
20231223-tottenham-hotspur-everton,ENG Premier League,2023-2024,2023-12-23 15:00:00,2023-12-23 00:00:00,Tottenham Hotspur,Everton,2,1,H,2,0,H,13,18,6,8,3,8,1,4,0,0,S Attwell,1.75,4.2,4.0,1.8,4.16,4.08,1.87,4.4,4.34
20231223-liverpool-arsenal,ENG Premier League,2023-2024,2023-12-23 17:30:00,2023-12-23 00:00:00,Liverpool,Arsenal,1,1,D,1,1,D,13,13,3,2,4,5,2,5,0,0,C Kavanagh,2.38,3.6,2.8,2.43,3.63,2.83,2.53,3.78,3.05
20231224-wolverhampton-wanderers-chelsea,ENG Premier League,2023-2024,2023-12-24 13:00:00,2023-12-24 00:00:00,Wolverhampton Wanderers,Chelsea,2,1,H,0,0,D,14,16,6,5,10,6,3,5,0,0,D Coote,3.75,3.75,1.91,3.73,3.73,1.98,3.91,3.85,2.04
20231226-newcastle-united-nottingham-forest,ENG Premier League,2023-2024,2023-12-26 12:30:00,2023-12-26 00:00:00,Newcastle United,Nottingham Forest,1,3,A,1,1,D,19,15,7,6,10,2,3,3,0,0,C Kavanagh,1.5,4.33,5.75,1.51,4.41,6.57,1.56,4.6,7.0
20231226-bournemouth-fulham,ENG Premier League,2023-2024,2023-12-26 15:00:00,2023-12-26 00:00:00,Bournemouth,Fulham,3,0,H,1,0,H,16,8,4,3,6,5,0,2,0,0,T Robinson,2.15,3.6,3.2,2.22,3.62,3.2,2.27,3.79,3.45
20231226-sheffield-united-luton-town,ENG Premier League,2023-2024,2023-12-26 15:00:00,2023-12-26 00:00:00,Sheffield United,Luton Town,2,3,A,0,1,A,21,12,6,4,9,4,5,0,0,0,S Allison,2.3,3.3,3.1,2.41,3.32,3.07,2.52,3.42,3.19
20231226-burnley-liverpool,ENG Premier League,2023-2024,2023-12-26 17:30:00,2023-12-26 00:00:00,Burnley,Liverpool,0,2,A,0,1,A,9,19,0,10,4,4,2,1,0,0,P Tierney,6.5,5.25,1.4,7.67,5.3,1.39,8.5,5.75,1.43
20231226-manchester-united-aston-villa,ENG Premier League,2023-2024,2023-12-26 20:00:00,2023-12-26 00:00:00,Manchester United,Aston Villa,3,2,H,0,2,A,13,10,7,4,3,6,1,3,0,0,C Pawson,2.6,3.5,2.6,2.63,3.63,2.61,2.75,3.75,2.71
20231227-brentford-wolverhampton-wanderers,ENG Premier League,2023-2024,2023-12-27 19:30:00,2023-12-27 00:00:00,Brentford,Wolverhampton Wanderers,1,4,A,1,3,A,14,11,4,5,8,2,1,1,0,0,A Madley,1.95,3.5,4.2,1.96,3.59,3.97,2.02,3.72,4.2
20231227-chelsea-crystal-palace,ENG Premier League,2023-2024,2023-12-27 19:30:00,2023-12-27 00:00:00,Chelsea,Crystal Palace,2,1,H,1,1,D,9,13,4,5,4,3,3,2,0,0,M Salisbury,1.67,4.0,5.0,1.7,3.91,5.02,1.75,4.05,5.5
20231227-everton-manchester-city,ENG Premier League,2023-2024,2023-12-27 20:15:00,2023-12-27 00:00:00,Everton,Manchester City,1,3,A,1,0,H,7,23,2,9,8,4,4,2,0,0,J Brooks,5.75,4.0,1.57,5.84,4.17,1.59,6.6,4.37,1.64
20231228-brighton-hove-albion-tottenham-hotspur,ENG Premier League,2023-2024,2023-12-28 19:30:00,2023-12-28 00:00:00,Brighton & Hove Albion,Tottenham Hotspur,4,2,H,2,0,H,15,19,9,3,7,6,3,2,0,0,J Gillett,2.5,3.6,2.6,2.52,3.9,2.57,2.57,4.2,2.7
20231228-arsenal-west-ham-united,ENG Premier League,2023-2024,2023-12-28 20:15:00,2023-12-28 00:00:00,Arsenal,West Ham United,0,2,A,0,1,A,30,6,8,3,10,3,2,0,0,0,M Oliver,1.33,5.5,7.5,1.35,5.39,8.64,1.39,5.8,9.5
20231230-luton-town-chelsea,ENG Premier League,2023-2024,2023-12-30 12:30:00,2023-12-30 00:00:00,Luton Town,Chelsea,2,3,A,0,2,A,15,12,6,8,7,2,2,2,0,0,P Tierney,6.5,4.2,1.5,6.04,4.53,1.53,6.5,4.8,1.56
20231230-aston-villa-burnley,ENG Premier League,2023-2024,2023-12-30 15:00:00,2023-12-30 00:00:00,Aston Villa,Burnley,3,2,H,2,1,H,19,9,7,5,6,2,4,1,0,1,S Attwell,1.36,5.25,7.5,1.37,5.27,8.15,1.4,5.6,8.6
20231230-crystal-palace-brentford,ENG Premier League,2023-2024,2023-12-30 15:00:00,2023-12-30 00:00:00,Crystal Palace,Brentford,3,1,H,2,1,H,13,9,6,4,7,4,0,1,0,0,R Jones,2.2,3.3,3.4,2.23,3.33,3.43,2.31,3.5,3.65
20231230-manchester-city-sheffield-united,ENG Premier League,2023-2024,2023-12-30 15:00:00,2023-12-30 00:00:00,Manchester City,Sheffield United,2,0,H,1,0,H,18,4,4,2,12,2,1,1,0,0,D Coote,1.08,11.0,29.0,1.08,12.85,29.4,1.1,17.0,37.0
20231230-wolverhampton-wanderers-everton,ENG Premier League,2023-2024,2023-12-30 15:00:00,2023-12-30 00:00:00,Wolverhampton Wanderers,Everton,3,0,H,1,0,H,12,10,6,0,5,2,2,3,0,0,T Bramall,2.63,3.3,2.7,2.64,3.38,2.74,2.75,3.5,2.81
20231230-nottingham-forest-manchester-united,ENG Premier League,2023-2024,2023-12-30 17:30:00,2023-12-30 00:00:00,Nottingham Forest,Manchester United,2,1,H,0,0,D,8,10,2,5,4,5,2,4,0,0,T Robinson,3.2,3.6,2.15,3.27,3.68,2.16,3.41,3.85,2.21
20231231-fulham-arsenal,ENG Premier League,2023-2024,2023-12-31 14:00:00,2023-12-31 00:00:00,Fulham,Arsenal,2,1,H,1,1,D,15,13,4,3,5,4,4,1,0,0,J Smith,5.25,4.5,1.55,5.74,4.29,1.57,6.2,4.5,1.62
20231231-tottenham-hotspur-bournemouth,ENG Premier League,2023-2024,2023-12-31 14:00:00,2023-12-31 00:00:00,Tottenham Hotspur,Bournemouth,3,1,H,1,0,H,12,24,6,4,4,13,3,3,0,0,S Hooper,1.75,4.2,4.0,1.78,4.33,4.04,1.82,4.5,4.25
20240101-liverpool-newcastle-united,ENG Premier League,2023-2024,2024-01-01 20:00:00,2024-01-01 00:00:00,Liverpool,Newcastle United,4,2,H,0,0,D,34,5,15,3,7,3,3,5,0,0,A Taylor,1.45,4.5,7.0,1.46,4.88,6.56,1.51,5.2,7.2
20240102-west-ham-united-brighton-hove-albion,ENG Premier League,2023-2024,2024-01-02 19:30:00,2024-01-02 00:00:00,West Ham United,Brighton & Hove Albion,0,0,D,0,0,D,6,22,2,8,2,0,1,0,0,0,S Barrott,2.45,3.75,2.75,2.47,3.7,2.73,2.57,3.89,2.81
20240112-burnley-luton-town,ENG Premier League,2023-2024,2024-01-12 19:45:00,2024-01-12 00:00:00,Burnley,Luton Town,1,1,D,1,0,H,13,14,7,5,2,8,1,0,0,0,T Harrington,2.0,3.6,3.6,2.03,3.58,3.74,2.09,3.75,3.9
20240113-chelsea-fulham,ENG Premier League,2023-2024,2024-01-13 12:30:00,2024-01-13 00:00:00,Chelsea,Fulham,1,0,H,1,0,H,17,14,3,4,6,4,5,1,0,0,A Taylor,1.6,4.2,5.25,1.64,4.24,5.19,1.69,4.4,5.5
20240113-newcastle-united-manchester-city,ENG Premier League,2023-2024,2024-01-13 17:30:00,2024-01-13 00:00:00,Newcastle United,Manchester City,2,3,A,2,1,H,12,27,5,11,3,13,1,2,0,0,C Kavanagh,5.5,4.33,1.55,5.5,4.47,1.57,5.75,4.63,1.6
20240114-everton-aston-villa,ENG Premier League,2023-2024,2024-01-14 14:00:00,2024-01-14 00:00:00,Everton,Aston Villa,0,0,D,0,0,D,10,16,2,5,4,5,1,4,0,0,D Coote,2.8,3.5,2.45,2.79,3.62,2.45,2.9,3.79,2.5
20240114-manchester-united-tottenham-hotspur,ENG Premier League,2023-2024,2024-01-14 16:30:00,2024-01-14 00:00:00,Manchester United,Tottenham Hotspur,2,2,D,2,1,H,9,16,2,6,8,13,2,1,0,0,J Brooks,2.2,3.75,3.0,2.2,3.93,3.0,2.26,4.1,3.08
20240120-arsenal-crystal-palace,ENG Premier League,2023-2024,2024-01-20 12:30:00,2024-01-20 00:00:00,Arsenal,Crystal Palace,5,0,H,2,0,H,21,12,6,5,6,7,0,0,0,0,P Tierney,1.3,5.75,9.0,1.29,5.74,11.19,1.31,6.2,13.0
20240120-brentford-nottingham-forest,ENG Premier League,2023-2024,2024-01-20 17:30:00,2024-01-20 00:00:00,Brentford,Nottingham Forest,3,2,H,1,1,D,11,12,5,3,6,4,1,3,0,0,D England,1.91,3.6,4.0,1.9,3.72,4.06,1.94,3.93,4.36
20240121-sheffield-united-west-ham-united,ENG Premier League,2023-2024,2024-01-21 14:00:00,2024-01-21 00:00:00,Sheffield United,West Ham United,2,2,D,1,1,D,21,16,6,5,4,1,3,1,1,1,M Salisbury,3.4,3.3,2.2,3.43,3.43,2.18,3.52,3.53,2.23
20240121-bournemouth-liverpool,ENG Premier League,2023-2024,2024-01-21 16:30:00,2024-01-21 00:00:00,Bournemouth,Liverpool,0,4,A,0,0,D,11,14,1,7,8,5,1,2,0,0,A Madley,4.2,4.5,1.7,4.38,4.37,1.71,4.5,4.5,1.77
20240122-brighton-hove-albion-wolverhampton-wanderers,ENG Premier League,2023-2024,2024-01-22 19:45:00,2024-01-22 00:00:00,Brighton & Hove Albion,Wolverhampton Wanderers,0,0,D,0,0,D,11,8,4,3,8,2,1,4,0,0,C Pawson,1.65,4.33,5.0,1.65,4.29,4.95,1.68,4.5,5.25
20240130-nottingham-forest-arsenal,ENG Premier League,2023-2024,2024-01-30 19:30:00,2024-01-30 00:00:00,Nottingham Forest,Arsenal,1,2,A,0,0,D,9,19,3,3,2,11,0,1,0,0,S Hooper,7.5,5.0,1.4,8.12,5.09,1.39,8.6,5.3,1.43
20240130-fulham-everton,ENG Premier League,2023-2024,2024-01-30 19:45:00,2024-01-30 00:00:00,Fulham,Everton,0,0,D,0,0,D,25,21,6,4,15,6,1,2,0,0,T Bramall,2.45,3.2,3.0,2.45,3.33,3.01,2.55,3.45,3.12
20240130-luton-town-brighton-hove-albion,ENG Premier League,2023-2024,2024-01-30 19:45:00,2024-01-30 00:00:00,Luton Town,Brighton & Hove Albion,4,0,H,3,0,H,18,9,8,2,7,4,2,2,0,0,R Jones,4.2,4.2,1.75,4.34,4.09,1.78,4.53,4.2,1.82
20240130-crystal-palace-sheffield-united,ENG Premier League,2023-2024,2024-01-30 20:00:00,2024-01-30 00:00:00,Crystal Palace,Sheffield United,3,2,H,2,2,D,12,9,4,5,11,1,1,4,0,0,T Harrington,1.62,3.6,6.5,1.64,3.87,5.92,1.68,3.99,6.5
20240130-aston-villa-newcastle-united,ENG Premier League,2023-2024,2024-01-30 20:15:00,2024-01-30 00:00:00,Aston Villa,Newcastle United,1,3,A,0,2,A,12,14,6,5,8,7,4,1,0,0,J Brooks,1.85,4.0,3.8,1.86,4.07,3.92,1.91,4.3,4.1
20240131-manchester-city-burnley,ENG Premier League,2023-2024,2024-01-31 19:30:00,2024-01-31 00:00:00,Manchester City,Burnley,3,1,H,2,0,H,14,8,4,3,7,3,2,2,0,0,S Barrott,1.08,12.0,21.0,1.1,11.19,24.13,1.12,13.0,34.0
20240131-tottenham-hotspur-brentford,ENG Premier League,2023-2024,2024-01-31 19:30:00,2024-01-31 00:00:00,Tottenham Hotspur,Brentford,3,2,H,0,1,A,19,9,5,5,5,3,2,3,0,0,D Coote,1.67,4.2,4.75,1.67,4.34,4.75,1.74,4.5,5.25
20240131-liverpool-chelsea,ENG Premier League,2023-2024,2024-01-31 20:15:00,2024-01-31 00:00:00,Liverpool,Chelsea,4,1,H,2,0,H,28,4,13,3,8,1,2,4,0,0,P Tierney,1.57,4.33,5.25,1.58,4.61,5.15,1.62,4.87,5.5
20240201-west-ham-united-bournemouth,ENG Premier League,2023-2024,2024-02-01 19:30:00,2024-02-01 00:00:00,West Ham United,Bournemouth,1,1,D,0,1,A,9,9,3,4,1,5,1,3,0,0,T Robinson,2.4,3.75,2.75,2.43,3.73,2.75,2.5,3.85,2.85
20240201-wolverhampton-wanderers-manchester-united,ENG Premier League,2023-2024,2024-02-01 20:15:00,2024-02-01 00:00:00,Wolverhampton Wanderers,Manchester United,3,4,A,0,2,A,16,21,7,8,4,5,2,5,0,0,J Gillett,2.63,3.6,2.55,2.7,3.58,2.54,2.75,3.72,2.67
20240203-everton-tottenham-hotspur,ENG Premier League,2023-2024,2024-02-03 12:30:00,2024-02-03 00:00:00,Everton,Tottenham Hotspur,2,2,D,1,2,A,14,9,5,6,9,5,3,0,0,0,M Oliver,3.0,3.6,2.25,2.94,3.69,2.34,3.05,3.89,2.38
20240203-brighton-hove-albion-crystal-palace,ENG Premier League,2023-2024,2024-02-03 15:00:00,2024-02-03 00:00:00,Brighton & Hove Albion,Crystal Palace,4,1,H,3,0,H,13,7,6,5,3,2,1,3,0,0,S Hooper,1.7,4.0,4.75,1.7,4.07,4.82,1.75,4.25,5.0
20240203-burnley-fulham,ENG Premier League,2023-2024,2024-02-03 15:00:00,2024-02-03 00:00:00,Burnley,Fulham,2,2,D,0,2,A,12,15,4,7,2,13,2,2,0,0,D Bond,2.9,3.4,2.38,2.94,3.45,2.43,3.0,3.6,2.5
20240203-newcastle-united-luton-town,ENG Premier League,2023-2024,2024-02-03 15:00:00,2024-02-03 00:00:00,Newcastle United,Luton Town,4,4,D,2,2,D,19,11,6,8,8,2,2,2,0,0,T Bramall,1.44,4.75,6.5,1.43,4.97,7.02,1.47,5.2,7.5
20240203-sheffield-united-aston-villa,ENG Premier League,2023-2024,2024-02-03 17:30:00,2024-02-03 00:00:00,Sheffield United,Aston Villa,0,5,A,0,4,A,10,14,5,10,3,4,1,0,0,0,P Tierney,5.25,4.2,1.62,5.1,4.29,1.63,5.4,4.42,1.69
20240204-bournemouth-nottingham-forest,ENG Premier League,2023-2024,2024-02-04 14:00:00,2024-02-04 00:00:00,Bournemouth,Nottingham Forest,1,1,D,1,1,D,9,8,2,6,11,6,3,2,1,0,R Welch,1.7,4.2,4.5,1.7,4.15,4.65,1.75,4.3,5.0
20240204-chelsea-wolverhampton-wanderers,ENG Premier League,2023-2024,2024-02-04 14:00:00,2024-02-04 00:00:00,Chelsea,Wolverhampton Wanderers,2,4,A,1,2,A,15,14,6,7,10,1,3,2,0,0,T Robinson,1.62,4.0,5.5,1.63,4.22,5.24,1.66,4.4,5.6
20240204-manchester-united-west-ham-united,ENG Premier League,2023-2024,2024-02-04 14:00:00,2024-02-04 00:00:00,Manchester United,West Ham United,3,0,H,1,0,H,12,22,5,3,5,8,0,1,0,0,A Madley,1.62,4.2,5.0,1.66,4.23,4.93,1.72,4.4,5.25
20240204-arsenal-liverpool,ENG Premier League,2023-2024,2024-02-04 16:30:00,2024-02-04 00:00:00,Arsenal,Liverpool,3,1,H,1,1,D,15,10,7,1,2,4,6,2,0,1,A Taylor,2.2,3.6,3.1,2.25,3.67,3.07,2.32,3.8,3.24
20240205-brentford-manchester-city,ENG Premier League,2023-2024,2024-02-05 20:00:00,2024-02-05 00:00:00,Brentford,Manchester City,1,3,A,1,1,D,9,25,3,15,8,13,1,0,0,0,J Gillett,7.0,4.75,1.4,7.17,4.99,1.42,7.8,5.2,1.46
20240210-manchester-city-everton,ENG Premier League,2023-2024,2024-02-10 12:30:00,2024-02-10 00:00:00,Manchester City,Everton,2,0,H,0,0,D,19,5,3,1,9,0,0,2,0,0,J Brooks,1.18,8.0,13.0,1.2,7.36,13.47,1.24,8.3,16.0
20240210-fulham-bournemouth,ENG Premier League,2023-2024,2024-02-10 15:00:00,2024-02-10 00:00:00,Fulham,Bournemouth,3,1,H,2,0,H,7,25,6,4,1,14,1,2,0,0,D England,2.38,3.5,2.8,2.4,3.58,2.88,2.47,3.74,3.05
20240210-liverpool-burnley,ENG Premier League,2023-2024,2024-02-10 15:00:00,2024-02-10 00:00:00,Liverpool,Burnley,3,1,H,1,1,D,25,9,10,4,9,3,3,2,0,0,T Robinson,1.17,8.0,17.0,1.16,8.4,15.8,1.18,9.5,18.5
20240210-luton-town-sheffield-united,ENG Premier League,2023-2024,2024-02-10 15:00:00,2024-02-10 00:00:00,Luton Town,Sheffield United,1,3,A,0,2,A,20,7,5,3,13,1,1,2,0,0,C Kavanagh,1.75,3.75,4.75,1.77,3.88,4.59,1.83,4.02,4.75
20240210-tottenham-hotspur-brighton-hove-albion,ENG Premier League,2023-2024,2024-02-10 15:00:00,2024-02-10 00:00:00,Tottenham Hotspur,Brighton & Hove Albion,2,1,H,0,1,A,16,6,6,3,9,6,2,3,0,0,S Barrott,1.8,4.2,3.8,1.82,4.31,3.84,1.85,4.5,4.01
20240210-wolverhampton-wanderers-brentford,ENG Premier League,2023-2024,2024-02-10 15:00:00,2024-02-10 00:00:00,Wolverhampton Wanderers,Brentford,0,2,A,0,1,A,17,9,5,6,7,4,2,3,0,0,S Hooper,2.1,3.6,3.4,2.12,3.66,3.38,2.17,3.84,3.7
20240210-nottingham-forest-newcastle-united,ENG Premier League,2023-2024,2024-02-10 17:30:00,2024-02-10 00:00:00,Nottingham Forest,Newcastle United,2,3,A,2,2,D,13,7,3,5,4,4,1,2,0,0,A Taylor,3.3,3.75,2.05,3.3,3.71,2.13,3.41,3.84,2.19
20240211-west-ham-united-arsenal,ENG Premier League,2023-2024,2024-02-11 14:00:00,2024-02-11 00:00:00,West Ham United,Arsenal,0,6,A,0,4,A,5,25,1,12,2,6,4,0,0,0,C Pawson,6.0,4.33,1.53,5.81,4.38,1.55,6.4,4.6,1.59
20240211-aston-villa-manchester-united,ENG Premier League,2023-2024,2024-02-11 16:30:00,2024-02-11 00:00:00,Aston Villa,Manchester United,1,2,A,0,1,A,23,17,10,5,10,8,3,2,0,0,R Jones,2.15,3.75,3.1,2.17,3.83,3.11,2.22,4.01,3.25
20240212-crystal-palace-chelsea,ENG Premier League,2023-2024,2024-02-12 20:00:00,2024-02-12 00:00:00,Crystal Palace,Chelsea,1,3,A,1,0,H,13,14,4,5,1,7,2,2,0,0,M Oliver,4.2,3.8,1.85,4.2,3.8,1.84,4.5,3.94,1.88
20240217-brentford-liverpool,ENG Premier League,2023-2024,2024-02-17 12:30:00,2024-02-17 00:00:00,Brentford,Liverpool,1,4,A,0,1,A,15,15,6,8,1,6,2,1,0,0,M Oliver,5.5,4.33,1.57,5.24,4.52,1.59,5.5,4.75,1.64
20240217-burnley-arsenal,ENG Premier League,2023-2024,2024-02-17 15:00:00,2024-02-17 00:00:00,Burnley,Arsenal,0,5,A,0,2,A,8,16,0,7,4,6,2,1,0,0,J Gillett,10.0,5.75,1.29,9.94,5.73,1.31,11.0,6.1,1.34
20240217-fulham-aston-villa,ENG Premier League,2023-2024,2024-02-17 15:00:00,2024-02-17 00:00:00,Fulham,Aston Villa,1,2,A,0,1,A,15,12,4,3,4,4,5,2,0,0,L Smith,2.9,3.75,2.2,2.94,3.77,2.29,3.08,3.9,2.35
20240217-newcastle-united-bournemouth,ENG Premier League,2023-2024,2024-02-17 15:00:00,2024-02-17 00:00:00,Newcastle United,Bournemouth,2,2,D,0,0,D,17,12,5,7,4,2,1,3,0,0,M Salisbury,1.83,4.2,3.75,1.85,4.16,3.83,1.9,4.27,4.01
20240217-nottingham-forest-west-ham-united,ENG Premier League,2023-2024,2024-02-17 15:00:00,2024-02-17 00:00:00,Nottingham Forest,West Ham United,2,0,H,1,0,H,19,10,8,3,5,3,4,4,0,1,T Bramall,2.38,3.5,2.9,2.43,3.51,2.9,2.5,3.64,3.02
20240217-tottenham-hotspur-wolverhampton-wanderers,ENG Premier League,2023-2024,2024-02-17 15:00:00,2024-02-17 00:00:00,Tottenham Hotspur,Wolverhampton Wanderers,1,2,A,0,1,A,15,12,4,7,10,4,0,1,0,0,A Taylor,1.53,4.75,5.25,1.55,4.75,5.37,1.58,4.9,5.6
20240217-manchester-city-chelsea,ENG Premier League,2023-2024,2024-02-17 17:30:00,2024-02-17 00:00:00,Manchester City,Chelsea,1,1,D,0,1,A,31,9,5,6,12,1,1,3,0,0,A Madley,1.33,5.5,8.0,1.35,5.64,8.22,1.37,6.0,9.05
20240218-sheffield-united-brighton-hove-albion,ENG Premier League,2023-2024,2024-02-18 14:00:00,2024-02-18 00:00:00,Sheffield United,Brighton & Hove Albion,0,5,A,0,2,A,6,24,1,10,5,10,1,4,1,0,S Attwell,5.0,4.2,1.62,4.92,4.3,1.65,5.15,4.5,1.68
20240218-luton-town-manchester-united,ENG Premier League,2023-2024,2024-02-18 16:30:00,2024-02-18 00:00:00,Luton Town,Manchester United,1,2,A,1,2,A,22,21,4,9,8,6,3,5,0,0,D Coote,4.0,4.0,1.8,4.07,4.09,1.81,4.34,4.25,1.87
20240219-everton-crystal-palace,ENG Premier League,2023-2024,2024-02-19 20:00:00,2024-02-19 00:00:00,Everton,Crystal Palace,1,1,D,0,0,D,19,10,4,4,3,6,0,2,0,0,P Tierney,1.7,3.6,5.25,1.73,3.68,5.12,1.77,3.82,5.5
20240220-manchester-city-brentford,ENG Premier League,2023-2024,2024-02-20 19:30:00,2024-02-20 00:00:00,Manchester City,Brentford,1,0,H,0,0,D,25,6,11,2,10,1,2,4,0,0,D England,1.18,8.0,13.0,1.18,8.12,15.16,1.19,8.9,18.0
20240221-liverpool-luton-town,ENG Premier League,2023-2024,2024-02-21 19:30:00,2024-02-21 00:00:00,Liverpool,Luton Town,4,1,H,0,1,A,29,12,13,3,13,4,1,4,0,0,A Madley,1.2,7.0,13.0,1.2,7.72,13.14,1.23,8.3,15.0
20240224-aston-villa-nottingham-forest,ENG Premier League,2023-2024,2024-02-24 15:00:00,2024-02-24 00:00:00,Aston Villa,Nottingham Forest,4,2,H,3,1,H,16,10,6,3,7,2,1,2,0,0,S Barrott,1.53,4.5,5.75,1.55,4.54,5.63,1.6,4.7,6.1
20240224-brighton-hove-albion-everton,ENG Premier League,2023-2024,2024-02-24 15:00:00,2024-02-24 00:00:00,Brighton & Hove Albion,Everton,1,1,D,0,0,D,23,6,7,3,11,3,2,3,1,0,T Harrington,1.83,3.8,4.2,1.84,3.93,4.1,1.88,4.16,4.35
20240224-crystal-palace-burnley,ENG Premier League,2023-2024,2024-02-24 15:00:00,2024-02-24 00:00:00,Crystal Palace,Burnley,3,0,H,0,0,D,15,2,6,0,12,3,3,1,0,1,L Smith,1.95,3.5,4.0,2.01,3.46,3.92,2.06,3.6,4.1
20240224-manchester-united-fulham,ENG Premier League,2023-2024,2024-02-24 15:00:00,2024-02-24 00:00:00,Manchester United,Fulham,1,2,A,0,0,D,21,17,9,5,10,9,2,5,0,0,M Oliver,1.57,4.33,5.5,1.58,4.47,5.33,1.63,4.6,5.6
20240224-bournemouth-manchester-city,ENG Premier League,2023-2024,2024-02-24 17:30:00,2024-02-24 00:00:00,Bournemouth,Manchester City,0,1,A,0,1,A,13,15,4,6,3,8,2,2,0,0,J Gillett,7.0,5.25,1.4,6.96,5.16,1.42,7.5,5.5,1.46
20240224-arsenal-newcastle-united,ENG Premier League,2023-2024,2024-02-24 20:00:00,2024-02-24 00:00:00,Arsenal,Newcastle United,4,1,H,2,0,H,18,3,8,2,9,0,1,0,0,0,P Tierney,1.36,5.25,8.0,1.38,5.34,7.53,1.42,5.53,8.0
20240225-wolverhampton-wanderers-sheffield-united,ENG Premier League,2023-2024,2024-02-25 13:30:00,2024-02-25 00:00:00,Wolverhampton Wanderers,Sheffield United,1,0,H,1,0,H,13,12,2,4,5,6,2,1,0,0,D Bond,1.44,4.75,7.0,1.46,4.69,6.86,1.5,4.9,7.5
20240226-west-ham-united-brentford,ENG Premier League,2023-2024,2024-02-26 20:00:00,2024-02-26 00:00:00,West Ham United,Brentford,4,2,H,2,1,H,17,14,6,8,1,7,1,2,0,0,S Hooper,2.5,3.5,2.75,2.5,3.6,2.73,2.61,3.76,2.85
20240302-brentford-chelsea,ENG Premier League,2023-2024,2024-03-02 15:00:00,2024-03-02 00:00:00,Brentford,Chelsea,2,2,D,0,1,A,14,17,5,6,0,6,3,1,0,0,J Gillett,3.1,3.75,2.15,3.07,3.86,2.19,3.2,4.0,2.23
20240302-everton-west-ham-united,ENG Premier League,2023-2024,2024-03-02 15:00:00,2024-03-02 00:00:00,Everton,West Ham United,1,3,A,0,0,D,22,12,11,5,4,5,1,2,0,0,C Pawson,2.05,3.6,3.5,2.09,3.57,3.52,2.14,3.72,3.67
20240302-fulham-brighton-hove-albion,ENG Premier League,2023-2024,2024-03-02 15:00:00,2024-03-02 00:00:00,Fulham,Brighton & Hove Albion,3,0,H,2,0,H,12,15,5,5,2,6,1,2,0,0,S Hooper,2.55,3.6,2.63,2.59,3.64,2.62,2.65,3.85,2.71
20240302-newcastle-united-wolverhampton-wanderers,ENG Premier League,2023-2024,2024-03-02 15:00:00,2024-03-02 00:00:00,Newcastle United,Wolverhampton Wanderers,3,0,H,2,0,H,14,12,7,3,3,5,0,1,0,0,T Robinson,1.91,4.0,3.6,1.9,3.95,3.8,1.94,4.1,4.04
20240302-nottingham-forest-liverpool,ENG Premier League,2023-2024,2024-03-02 15:00:00,2024-03-02 00:00:00,Nottingham Forest,Liverpool,0,1,A,0,0,D,8,22,2,2,3,12,2,2,0,0,P Tierney,6.0,4.33,1.53,5.63,4.67,1.54,6.1,4.85,1.58
20240302-tottenham-hotspur-crystal-palace,ENG Premier League,2023-2024,2024-03-02 15:00:00,2024-03-02 00:00:00,Tottenham Hotspur,Crystal Palace,3,1,H,0,0,D,14,4,6,1,11,1,1,2,0,0,J Brooks,1.5,4.33,6.5,1.49,4.66,6.26,1.55,5.0,7.5
20240302-luton-town-aston-villa,ENG Premier League,2023-2024,2024-03-02 17:30:00,2024-03-02 00:00:00,Luton Town,Aston Villa,2,3,A,0,2,A,13,12,5,8,8,6,1,4,0,0,M Oliver,4.33,4.2,1.73,4.29,4.3,1.74,4.5,4.5,1.78
20240303-burnley-bournemouth,ENG Premier League,2023-2024,2024-03-03 13:00:00,2024-03-03 00:00:00,Burnley,Bournemouth,0,2,A,0,1,A,20,10,6,3,7,2,2,4,0,0,D Coote,3.75,3.6,1.95,3.72,3.78,1.96,3.89,3.93,2.02
20240303-manchester-city-manchester-united,ENG Premier League,2023-2024,2024-03-03 15:30:00,2024-03-03 00:00:00,Manchester City,Manchester United,3,1,H,0,1,A,27,3,8,1,15,2,0,1,0,0,A Madley,1.25,5.75,11.0,1.27,6.33,10.06,1.29,6.72,11.3
20240304-sheffield-united-arsenal,ENG Premier League,2023-2024,2024-03-04 20:00:00,2024-03-04 00:00:00,Sheffield United,Arsenal,0,6,A,0,5,A,4,22,0,10,0,7,1,0,0,0,S Barrott,17.0,7.0,1.18,16.28,7.82,1.17,19.0,8.6,1.19
20240309-manchester-united-everton,ENG Premier League,2023-2024,2024-03-09 12:30:00,2024-03-09 00:00:00,Manchester United,Everton,2,0,H,2,0,H,15,23,8,6,5,8,1,2,0,0,S Hooper,1.83,3.6,4.0,1.85,3.89,4.09,1.94,4.05,4.4
20240309-bournemouth-sheffield-united,ENG Premier League,2023-2024,2024-03-09 15:00:00,2024-03-09 00:00:00,Bournemouth,Sheffield United,2,2,D,0,1,A,32,13,12,9,10,3,3,5,0,0,A Taylor,1.33,5.25,8.0,1.34,5.51,8.58,1.38,5.8,9.4
20240309-crystal-palace-luton-town,ENG Premier League,2023-2024,2024-03-09 15:00:00,2024-03-09 00:00:00,Crystal Palace,Luton Town,1,1,D,1,0,H,21,8,4,2,8,6,2,3,0,0,S Singh,1.75,3.8,4.2,1.78,3.89,4.49,1.83,4.02,4.7
20240309-wolverhampton-wanderers-fulham,ENG Premier League,2023-2024,2024-03-09 15:00:00,2024-03-09 00:00:00,Wolverhampton Wanderers,Fulham,2,1,H,0,0,D,8,23,3,6,3,4,2,2,0,0,T Harrington,2.5,3.4,2.75,2.54,3.45,2.79,2.63,3.62,2.92
20240309-arsenal-brentford,ENG Premier League,2023-2024,2024-03-09 17:30:00,2024-03-09 00:00:00,Arsenal,Brentford,2,1,H,1,1,D,17,9,6,4,10,4,2,4,0,0,R Jones,1.22,7.0,11.0,1.23,6.84,12.02,1.27,7.3,14.0
20240310-aston-villa-tottenham-hotspur,ENG Premier League,2023-2024,2024-03-10 13:00:00,2024-03-10 00:00:00,Aston Villa,Tottenham Hotspur,0,4,A,0,0,D,10,9,1,5,6,4,0,2,1,0,C Kavanagh,2.38,4.0,2.6,2.42,4.08,2.62,2.49,4.26,2.7
20240310-brighton-hove-albion-nottingham-forest,ENG Premier League,2023-2024,2024-03-10 14:00:00,2024-03-10 00:00:00,Brighton & Hove Albion,Nottingham Forest,1,0,H,1,0,H,10,9,3,4,6,3,4,4,0,0,M Salisbury,1.8,4.0,4.0,1.78,4.04,4.25,1.84,4.21,4.5
20240310-west-ham-united-burnley,ENG Premier League,2023-2024,2024-03-10 14:00:00,2024-03-10 00:00:00,West Ham United,Burnley,2,2,D,0,2,A,22,11,4,4,4,4,2,4,0,0,D England,1.67,4.0,4.75,1.67,4.08,4.97,1.71,4.26,5.2
20240310-liverpool-manchester-city,ENG Premier League,2023-2024,2024-03-10 15:45:00,2024-03-10 00:00:00,Liverpool,Manchester City,1,1,D,0,1,A,19,10,6,6,7,4,0,3,0,0,M Oliver,3.0,3.75,2.2,2.95,3.83,2.25,3.15,4.0,2.34
20240311-chelsea-newcastle-united,ENG Premier League,2023-2024,2024-03-11 20:00:00,2024-03-11 00:00:00,Chelsea,Newcastle United,3,2,H,1,1,D,12,11,8,3,0,4,3,1,0,0,J Brooks,1.91,4.0,3.6,1.94,4.08,3.54,1.98,4.26,3.7
20240313-bournemouth-luton-town,ENG Premier League,2023-2024,2024-03-13 19:30:00,2024-03-13 00:00:00,Bournemouth,Luton Town,4,3,H,0,3,A,24,8,10,4,11,3,1,2,0,0,S Allison,1.5,4.75,5.75,1.5,4.77,6.0,1.55,4.98,6.4
20240316-burnley-brentford,ENG Premier League,2023-2024,2024-03-16 15:00:00,2024-03-16 00:00:00,Burnley,Brentford,2,1,H,1,0,H,17,9,6,5,5,4,2,4,0,1,D Bond,3.25,3.6,2.15,3.27,3.66,2.16,3.41,3.8,2.21
20240316-luton-town-nottingham-forest,ENG Premier League,2023-2024,2024-03-16 15:00:00,2024-03-16 00:00:00,Luton Town,Nottingham Forest,1,1,D,0,1,A,10,16,4,6,6,7,1,2,0,0,D England,2.8,3.5,2.45,2.81,3.63,2.42,2.95,3.8,2.47
20240316-fulham-tottenham-hotspur,ENG Premier League,2023-2024,2024-03-16 17:30:00,2024-03-16 00:00:00,Fulham,Tottenham Hotspur,3,0,H,1,0,H,16,14,7,5,4,5,2,3,0,0,R Jones,3.5,3.8,1.95,3.4,3.93,2.01,3.54,4.16,2.08
20240317-west-ham-united-aston-villa,ENG Premier League,2023-2024,2024-03-17 14:00:00,2024-03-17 00:00:00,West Ham United,Aston Villa,1,1,D,1,0,H,13,13,5,5,7,11,3,3,0,0,J Gillett,2.63,3.75,2.45,2.65,3.73,2.51,2.75,3.92,2.58
20240330-newcastle-united-west-ham-united,ENG Premier League,2023-2024,2024-03-30 12:30:00,2024-03-30 00:00:00,Newcastle United,West Ham United,4,3,H,1,2,A,24,10,9,4,3,4,1,1,1,0,R Jones,1.83,4.2,3.8,1.84,4.16,3.87,1.9,4.33,4.11
20240330-bournemouth-everton,ENG Premier League,2023-2024,2024-03-30 15:00:00,2024-03-30 00:00:00,Bournemouth,Everton,2,1,H,0,0,D,11,7,4,3,9,8,1,2,0,0,S Barrott,2.2,3.6,3.2,2.2,3.61,3.23,2.25,3.8,3.36
20240330-chelsea-burnley,ENG Premier League,2023-2024,2024-03-30 15:00:00,2024-03-30 00:00:00,Chelsea,Burnley,2,2,D,1,0,H,33,18,13,7,12,4,2,2,0,1,D England,1.29,6.0,9.5,1.3,5.96,9.44,1.34,6.3,10.5
20240330-nottingham-forest-crystal-palace,ENG Premier League,2023-2024,2024-03-30 15:00:00,2024-03-30 00:00:00,Nottingham Forest,Crystal Palace,1,1,D,0,1,A,12,10,5,3,4,6,1,1,0,0,C Kavanagh,2.2,3.3,3.4,2.26,3.36,3.31,2.32,3.5,3.4
20240330-sheffield-united-fulham,ENG Premier League,2023-2024,2024-03-30 15:00:00,2024-03-30 00:00:00,Sheffield United,Fulham,3,3,D,0,0,D,8,24,4,9,2,15,4,1,0,0,T Robinson,4.5,4.0,1.73,4.64,4.03,1.73,4.9,4.26,1.76
20240330-tottenham-hotspur-luton-town,ENG Premier League,2023-2024,2024-03-30 15:00:00,2024-03-30 00:00:00,Tottenham Hotspur,Luton Town,2,1,H,0,1,A,17,7,4,3,3,6,2,4,0,0,J Gillett,1.2,8.0,11.0,1.22,7.47,11.31,1.26,8.1,12.5
20240330-aston-villa-wolverhampton-wanderers,ENG Premier League,2023-2024,2024-03-30 17:30:00,2024-03-30 00:00:00,Aston Villa,Wolverhampton Wanderers,2,0,H,1,0,H,11,13,5,3,5,4,3,4,0,0,P Tierney,1.6,4.33,5.0,1.64,4.38,4.86,1.68,4.6,5.08
20240330-brentford-manchester-united,ENG Premier League,2023-2024,2024-03-30 20:00:00,2024-03-30 00:00:00,Brentford,Manchester United,1,1,D,0,0,D,31,11,5,5,14,4,2,2,0,0,S Hooper,3.0,3.8,2.2,3.06,3.83,2.2,3.25,3.99,2.24
20240331-liverpool-brighton-hove-albion,ENG Premier League,2023-2024,2024-03-31 14:00:00,2024-03-31 00:00:00,Liverpool,Brighton & Hove Albion,2,1,H,1,1,D,30,9,8,3,8,4,5,3,0,0,D Coote,1.36,5.5,7.5,1.37,5.63,7.37,1.42,6.0,7.8
20240331-manchester-city-arsenal,ENG Premier League,2023-2024,2024-03-31 16:30:00,2024-03-31 00:00:00,Manchester City,Arsenal,0,0,D,0,0,D,12,6,1,2,7,4,0,2,0,0,A Taylor,1.91,3.8,3.8,1.92,3.8,3.86,1.97,3.97,4.01
20240402-newcastle-united-everton,ENG Premier League,2023-2024,2024-04-02 19:30:00,2024-04-02 00:00:00,Newcastle United,Everton,1,1,D,1,0,H,18,10,6,3,7,3,0,3,0,0,T Harrington,2.0,3.75,3.5,2.01,3.82,3.55,2.05,3.95,3.7
20240402-nottingham-forest-fulham,ENG Premier League,2023-2024,2024-04-02 19:30:00,2024-04-02 00:00:00,Nottingham Forest,Fulham,3,1,H,3,0,H,16,18,4,3,3,8,0,0,0,0,M Oliver,2.7,3.4,2.63,2.71,3.49,2.62,2.78,3.68,2.7
20240402-bournemouth-crystal-palace,ENG Premier League,2023-2024,2024-04-02 19:45:00,2024-04-02 00:00:00,Bournemouth,Crystal Palace,1,0,H,0,0,D,11,3,6,2,9,2,3,2,0,0,G Scott,1.95,3.8,3.6,1.99,3.76,3.69,2.04,3.9,3.9
20240402-burnley-wolverhampton-wanderers,ENG Premier League,2023-2024,2024-04-02 19:45:00,2024-04-02 00:00:00,Burnley,Wolverhampton Wanderers,1,1,D,1,1,D,13,8,6,2,7,4,0,2,0,0,T Bramall,2.45,3.6,2.75,2.53,3.49,2.8,2.63,3.68,2.86
20240402-west-ham-united-tottenham-hotspur,ENG Premier League,2023-2024,2024-04-02 20:15:00,2024-04-02 00:00:00,West Ham United,Tottenham Hotspur,1,1,D,1,1,D,11,13,4,4,9,5,1,4,0,0,J Brooks,3.3,4.2,1.95,3.3,4.16,2.01,3.5,4.37,2.05
20240403-arsenal-luton-town,ENG Premier League,2023-2024,2024-04-03 19:30:00,2024-04-03 00:00:00,Arsenal,Luton Town,2,0,H,2,0,H,13,5,4,1,3,1,1,1,0,0,C Pawson,1.1,10.0,19.0,1.1,11.25,22.73,1.12,13.0,32.0
20240403-brentford-brighton-hove-albion,ENG Premier League,2023-2024,2024-04-03 19:30:00,2024-04-03 00:00:00,Brentford,Brighton & Hove Albion,0,0,D,0,0,D,5,24,2,6,1,5,1,1,0,0,A Madley,2.38,3.8,2.75,2.39,3.79,2.78,2.48,3.94,2.88
20240403-manchester-city-aston-villa,ENG Premier League,2023-2024,2024-04-03 20:15:00,2024-04-03 00:00:00,Manchester City,Aston Villa,4,1,H,2,1,H,25,8,11,3,2,3,1,2,0,0,D England,1.3,6.0,8.0,1.3,6.08,9.06,1.34,6.5,10.0
20240404-liverpool-sheffield-united,ENG Premier League,2023-2024,2024-04-04 19:30:00,2024-04-04 00:00:00,Liverpool,Sheffield United,3,1,H,1,0,H,29,8,9,3,13,1,0,1,0,0,S Attwell,1.09,12.0,21.0,1.08,12.59,25.43,1.1,15.0,36.0
20240404-chelsea-manchester-united,ENG Premier League,2023-2024,2024-04-04 20:15:00,2024-04-04 00:00:00,Chelsea,Manchester United,4,3,H,2,2,D,28,19,10,5,12,3,3,0,0,0,J Gillett,2.0,4.0,3.4,2.02,4.05,3.31,2.08,4.26,3.55
20240406-crystal-palace-manchester-city,ENG Premier League,2023-2024,2024-04-06 12:30:00,2024-04-06 00:00:00,Crystal Palace,Manchester City,2,4,A,1,1,D,7,18,4,8,2,9,1,1,0,0,P Tierney,9.5,5.25,1.33,10.3,5.59,1.31,11.0,5.9,1.34
20240406-aston-villa-brentford,ENG Premier League,2023-2024,2024-04-06 15:00:00,2024-04-06 00:00:00,Aston Villa,Brentford,3,3,D,1,0,H,11,8,3,3,11,3,2,2,0,0,M Salisbury,1.7,4.0,4.75,1.7,4.2,4.68,1.76,4.4,5.0
20240406-everton-burnley,ENG Premier League,2023-2024,2024-04-06 15:00:00,2024-04-06 00:00:00,Everton,Burnley,1,0,H,1,0,H,12,6,3,1,3,5,2,1,0,1,M Oliver,1.65,4.0,5.25,1.67,4.07,5.04,1.71,4.3,5.25
20240406-fulham-newcastle-united,ENG Premier League,2023-2024,2024-04-06 15:00:00,2024-04-06 00:00:00,Fulham,Newcastle United,0,1,A,0,0,D,14,12,4,5,14,3,1,2,0,0,S Allison,2.38,3.8,2.8,2.37,3.82,2.81,2.41,4.05,3.0
20240406-luton-town-bournemouth,ENG Premier League,2023-2024,2024-04-06 15:00:00,2024-04-06 00:00:00,Luton Town,Bournemouth,2,1,H,0,0,D,19,8,9,1,7,2,0,0,0,0,A Madley,3.75,3.8,1.91,3.68,4.04,1.91,4.0,4.21,1.96
20240406-wolverhampton-wanderers-west-ham-united,ENG Premier League,2023-2024,2024-04-06 15:00:00,2024-04-06 00:00:00,Wolverhampton Wanderers,West Ham United,1,2,A,1,0,H,14,11,7,4,4,4,5,2,0,0,T Harrington,2.5,3.6,2.7,2.51,3.58,2.75,2.58,3.72,2.82
20240406-brighton-hove-albion-arsenal,ENG Premier League,2023-2024,2024-04-06 17:30:00,2024-04-06 00:00:00,Brighton & Hove Albion,Arsenal,0,3,A,0,1,A,10,20,2,7,8,7,1,2,0,0,J Brooks,5.0,4.33,1.62,5.15,4.25,1.64,5.5,4.45,1.69
20240407-manchester-united-liverpool,ENG Premier League,2023-2024,2024-04-07 15:30:00,2024-04-07 00:00:00,Manchester United,Liverpool,2,2,D,0,1,A,9,28,5,7,6,11,5,2,0,0,A Taylor,4.75,4.5,1.6,4.69,4.65,1.63,5.0,4.9,1.68
20240407-sheffield-united-chelsea,ENG Premier League,2023-2024,2024-04-07 17:30:00,2024-04-07 00:00:00,Sheffield United,Chelsea,2,2,D,1,1,D,11,6,6,3,7,6,4,2,0,0,R Jones,7.0,5.25,1.4,6.88,5.28,1.41,7.5,5.5,1.46
20240407-tottenham-hotspur-nottingham-forest,ENG Premier League,2023-2024,2024-04-07 18:00:00,2024-04-07 00:00:00,Tottenham Hotspur,Nottingham Forest,3,1,H,1,1,D,17,13,7,6,12,2,2,3,0,0,S Hooper,1.4,5.5,6.5,1.4,5.3,7.23,1.46,5.6,8.0
20240413-newcastle-united-tottenham-hotspur,ENG Premier League,2023-2024,2024-04-13 12:30:00,2024-04-13 00:00:00,Newcastle United,Tottenham Hotspur,4,0,H,2,0,H,18,11,5,2,16,3,0,4,0,0,T Robinson,2.7,4.0,2.3,2.75,4.02,2.34,2.9,4.26,2.38
20240413-brentford-sheffield-united,ENG Premier League,2023-2024,2024-04-13 15:00:00,2024-04-13 00:00:00,Brentford,Sheffield United,2,0,H,0,0,D,9,8,5,2,3,6,3,1,0,0,S Barrott,1.44,5.0,6.5,1.43,5.09,6.86,1.45,5.4,7.5
20240413-burnley-brighton-hove-albion,ENG Premier League,2023-2024,2024-04-13 15:00:00,2024-04-13 00:00:00,Burnley,Brighton & Hove Albion,1,1,D,0,0,D,11,20,3,8,4,5,1,2,0,0,S Hooper,3.5,3.75,2.0,3.5,3.8,2.02,3.62,3.93,2.08
20240413-manchester-city-luton-town,ENG Premier League,2023-2024,2024-04-13 15:00:00,2024-04-13 00:00:00,Manchester City,Luton Town,5,1,H,1,0,H,33,4,13,2,12,1,1,0,0,0,J Brooks,1.1,11.0,19.0,1.1,11.66,23.86,1.12,14.0,30.0
20240413-nottingham-forest-wolverhampton-wanderers,ENG Premier League,2023-2024,2024-04-13 15:00:00,2024-04-13 00:00:00,Nottingham Forest,Wolverhampton Wanderers,2,2,D,1,1,D,18,11,9,4,10,1,2,3,0,0,C Pawson,2.1,3.4,3.5,2.16,3.55,3.37,2.25,3.74,3.53
20240413-bournemouth-manchester-united,ENG Premier League,2023-2024,2024-04-13 17:30:00,2024-04-13 00:00:00,Bournemouth,Manchester United,2,2,D,2,1,H,20,8,5,2,7,2,4,0,0,0,T Harrington,2.4,3.9,2.6,2.42,3.91,2.68,2.49,4.09,2.82
20240414-liverpool-crystal-palace,ENG Premier League,2023-2024,2024-04-14 14:00:00,2024-04-14 00:00:00,Liverpool,Crystal Palace,0,1,A,0,1,A,21,8,6,5,11,1,1,1,0,0,C Kavanagh,1.22,7.0,12.0,1.21,7.37,13.35,1.24,8.0,15.0
20240414-west-ham-united-fulham,ENG Premier League,2023-2024,2024-04-14 14:00:00,2024-04-14 00:00:00,West Ham United,Fulham,0,2,A,0,1,A,15,18,4,10,8,3,1,2,0,0,S Attwell,2.38,3.6,2.8,2.38,3.65,2.88,2.42,3.85,2.96
20240414-arsenal-aston-villa,ENG Premier League,2023-2024,2024-04-14 16:30:00,2024-04-14 00:00:00,Arsenal,Aston Villa,0,2,A,0,0,D,18,11,4,2,4,6,3,1,0,0,D Coote,1.29,5.75,10.0,1.28,6.1,9.89,1.31,6.5,11.0
20240415-chelsea-everton,ENG Premier League,2023-2024,2024-04-15 20:00:00,2024-04-15 00:00:00,Chelsea,Everton,6,0,H,4,0,H,14,10,10,2,4,8,1,4,0,0,P Tierney,1.7,4.2,4.5,1.71,4.2,4.53,1.76,4.42,4.9
20240420-luton-town-brentford,ENG Premier League,2023-2024,2024-04-20 15:00:00,2024-04-20 00:00:00,Luton Town,Brentford,1,5,A,0,2,A,6,21,3,9,4,9,1,2,0,0,J Gillett,3.1,3.75,2.15,3.18,3.75,2.17,3.33,3.85,2.21
20240420-sheffield-united-burnley,ENG Premier League,2023-2024,2024-04-20 15:00:00,2024-04-20 00:00:00,Sheffield United,Burnley,1,4,A,0,2,A,18,16,11,9,11,2,1,0,0,0,A Madley,2.75,3.6,2.45,2.76,3.63,2.47,2.88,3.74,2.55
20240420-wolverhampton-wanderers-arsenal,ENG Premier League,2023-2024,2024-04-20 19:30:00,2024-04-20 00:00:00,Wolverhampton Wanderers,Arsenal,0,2,A,0,1,A,5,24,3,9,1,2,3,2,0,0,P Tierney,8.5,4.5,1.4,8.05,5.05,1.39,8.5,5.3,1.44
20240421-everton-nottingham-forest,ENG Premier League,2023-2024,2024-04-21 13:30:00,2024-04-21 00:00:00,Everton,Nottingham Forest,2,0,H,1,0,H,7,8,4,3,6,4,3,2,0,0,A Taylor,2.05,3.5,3.6,2.07,3.52,3.63,2.12,3.74,3.85
20240421-aston-villa-bournemouth,ENG Premier League,2023-2024,2024-04-21 15:00:00,2024-04-21 00:00:00,Aston Villa,Bournemouth,3,1,H,1,1,D,14,14,4,6,8,4,1,3,0,0,T Robinson,1.85,4.0,3.6,1.87,4.11,3.76,1.92,4.31,3.95
20240421-crystal-palace-west-ham-united,ENG Premier League,2023-2024,2024-04-21 15:00:00,2024-04-21 00:00:00,Crystal Palace,West Ham United,5,2,H,4,1,H,18,4,7,1,4,0,3,2,0,0,G Scott,2.1,3.6,3.4,2.15,3.59,3.34,2.22,3.72,3.5
20240421-fulham-liverpool,ENG Premier League,2023-2024,2024-04-21 16:30:00,2024-04-21 00:00:00,Fulham,Liverpool,1,3,A,1,1,D,12,14,5,7,1,4,3,0,0,0,C Pawson,5.25,4.5,1.57,5.19,4.67,1.57,5.55,4.9,1.63
20240423-arsenal-chelsea,ENG Premier League,2023-2024,2024-04-23 20:00:00,2024-04-23 00:00:00,Arsenal,Chelsea,5,0,H,1,0,H,27,7,10,1,4,2,2,2,0,0,S Hooper,1.44,5.0,6.0,1.45,4.93,6.78,1.52,5.2,7.5
20240424-wolverhampton-wanderers-bournemouth,ENG Premier League,2023-2024,2024-04-24 19:45:00,2024-04-24 00:00:00,Wolverhampton Wanderers,Bournemouth,0,1,A,0,1,A,15,21,4,6,8,12,4,1,0,1,S Attwell,2.7,3.6,2.5,2.72,3.6,2.52,2.81,3.8,2.6
20240424-crystal-palace-newcastle-united,ENG Premier League,2023-2024,2024-04-24 20:00:00,2024-04-24 00:00:00,Crystal Palace,Newcastle United,2,0,H,0,0,D,20,7,7,2,7,2,3,3,0,0,T Bramall,2.75,3.6,2.4,2.76,3.68,2.43,2.85,3.85,2.51
20240424-everton-liverpool,ENG Premier League,2023-2024,2024-04-24 20:00:00,2024-04-24 00:00:00,Everton,Liverpool,2,0,H,1,0,H,16,23,6,7,4,13,0,3,0,0,A Madley,7.0,5.0,1.4,7.11,4.98,1.42,7.7,5.33,1.47
20240424-manchester-united-sheffield-united,ENG Premier League,2023-2024,2024-04-24 20:00:00,2024-04-24 00:00:00,Manchester United,Sheffield United,4,2,H,1,1,D,25,10,13,4,9,4,0,1,0,0,M Salisbury,1.3,6.5,7.5,1.31,6.11,8.44,1.35,6.5,9.5
20240425-brighton-hove-albion-manchester-city,ENG Premier League,2023-2024,2024-04-25 20:00:00,2024-04-25 00:00:00,Brighton & Hove Albion,Manchester City,0,4,A,0,3,A,7,14,3,6,4,4,2,0,0,0,J Gillett,6.5,5.0,1.4,6.65,4.95,1.44,7.1,5.25,1.48
20240427-west-ham-united-liverpool,ENG Premier League,2023-2024,2024-04-27 12:30:00,2024-04-27 00:00:00,West Ham United,Liverpool,2,2,D,1,0,H,11,28,8,8,5,8,0,2,0,0,A Taylor,5.5,5.0,1.5,5.63,4.89,1.51,6.0,5.18,1.58
20240427-fulham-crystal-palace,ENG Premier League,2023-2024,2024-04-27 15:00:00,2024-04-27 00:00:00,Fulham,Crystal Palace,1,1,D,0,0,D,9,14,2,4,5,9,0,2,0,0,S Attwell,2.1,3.5,3.5,2.11,3.6,3.42,2.17,3.75,3.6
20240427-manchester-united-burnley,ENG Premier League,2023-2024,2024-04-27 15:00:00,2024-04-27 00:00:00,Manchester United,Burnley,1,1,D,0,0,D,27,16,10,7,6,5,1,3,0,0,J Brooks,1.5,4.75,5.5,1.52,4.9,5.44,1.57,5.2,5.75
20240427-newcastle-united-sheffield-united,ENG Premier League,2023-2024,2024-04-27 15:00:00,2024-04-27 00:00:00,Newcastle United,Sheffield United,5,1,H,1,1,D,20,15,7,5,4,5,0,0,0,0,T Harrington,1.22,7.0,11.0,1.23,7.04,11.1,1.25,7.6,12.9
20240427-wolverhampton-wanderers-luton-town,ENG Premier League,2023-2024,2024-04-27 15:00:00,2024-04-27 00:00:00,Wolverhampton Wanderers,Luton Town,2,1,H,1,0,H,13,9,5,6,4,4,3,1,0,0,D Coote,1.95,3.8,3.6,1.98,3.83,3.58,2.04,4.03,3.78
20240427-everton-brentford,ENG Premier League,2023-2024,2024-04-27 17:30:00,2024-04-27 00:00:00,Everton,Brentford,1,0,H,0,0,D,18,10,1,4,6,6,1,2,0,0,D England,2.3,3.5,3.0,2.36,3.5,2.97,2.45,3.68,3.13
20240427-aston-villa-chelsea,ENG Premier League,2023-2024,2024-04-27 20:00:00,2024-04-27 00:00:00,Aston Villa,Chelsea,2,2,D,2,0,H,9,21,4,5,2,4,3,5,0,0,C Pawson,2.15,3.8,3.0,2.17,3.9,3.06,2.25,4.1,3.21
20240428-bournemouth-brighton-hove-albion,ENG Premier League,2023-2024,2024-04-28 14:00:00,2024-04-28 00:00:00,Bournemouth,Brighton & Hove Albion,3,0,H,1,0,H,15,13,6,1,8,2,2,2,0,0,P Tierney,2.25,3.8,2.9,2.26,3.8,2.94,2.32,4.01,3.05
20240428-tottenham-hotspur-arsenal,ENG Premier League,2023-2024,2024-04-28 14:00:00,2024-04-28 00:00:00,Tottenham Hotspur,Arsenal,2,3,A,0,3,A,14,9,2,3,8,6,2,1,0,0,M Oliver,4.2,4.2,1.75,4.12,4.07,1.8,4.3,4.27,1.86
20240428-nottingham-forest-manchester-city,ENG Premier League,2023-2024,2024-04-28 16:30:00,2024-04-28 00:00:00,Nottingham Forest,Manchester City,0,2,A,0,1,A,14,11,2,5,4,5,0,0,0,0,S Hooper,8.0,6.0,1.3,9.5,5.72,1.31,11.0,6.0,1.38
20240502-chelsea-tottenham-hotspur,ENG Premier League,2023-2024,2024-05-02 19:30:00,2024-05-02 00:00:00,Chelsea,Tottenham Hotspur,2,0,H,1,0,H,16,19,5,3,4,9,0,1,0,0,R Jones,2.15,3.8,3.0,2.2,4.05,2.91,2.25,4.36,3.05
20240503-luton-town-everton,ENG Premier League,2023-2024,2024-05-03 20:00:00,2024-05-03 00:00:00,Luton Town,Everton,1,1,D,1,1,D,18,10,5,3,8,7,1,3,0,0,T Robinson,2.6,3.6,2.55,2.66,3.58,2.62,2.74,3.75,2.7
20240504-arsenal-bournemouth,ENG Premier League,2023-2024,2024-05-04 12:30:00,2024-05-04 00:00:00,Arsenal,Bournemouth,3,0,H,1,0,H,25,7,9,2,6,1,2,3,0,0,D Coote,1.22,7.5,11.0,1.2,7.59,12.74,1.23,8.2,14.0
20240504-brentford-fulham,ENG Premier League,2023-2024,2024-05-04 15:00:00,2024-05-04 00:00:00,Brentford,Fulham,0,0,D,0,0,D,7,15,3,3,7,6,1,1,0,0,G Scott,2.1,3.8,3.2,2.12,3.8,3.25,2.17,3.95,3.34
20240504-burnley-newcastle-united,ENG Premier League,2023-2024,2024-05-04 15:00:00,2024-05-04 00:00:00,Burnley,Newcastle United,1,4,A,0,3,A,17,23,5,11,4,11,2,2,0,0,A Taylor,3.4,4.0,1.95,3.38,3.98,2.02,3.5,4.16,2.07
20240504-sheffield-united-nottingham-forest,ENG Premier League,2023-2024,2024-05-04 15:00:00,2024-05-04 00:00:00,Sheffield United,Nottingham Forest,1,3,A,1,1,D,17,15,5,4,5,3,0,1,1,0,C Kavanagh,4.75,4.2,1.65,4.68,4.25,1.69,5.1,4.4,1.74
20240504-manchester-city-wolverhampton-wanderers,ENG Premier League,2023-2024,2024-05-04 17:30:00,2024-05-04 00:00:00,Manchester City,Wolverhampton Wanderers,5,1,H,3,0,H,20,2,12,1,6,0,0,4,0,0,C Pawson,1.08,12.0,21.0,1.09,11.51,25.33,1.12,14.0,32.0
20240505-brighton-hove-albion-aston-villa,ENG Premier League,2023-2024,2024-05-05 14:00:00,2024-05-05 00:00:00,Brighton & Hove Albion,Aston Villa,1,0,H,0,0,D,15,2,8,1,7,3,2,1,0,0,R Jones,2.75,3.75,2.45,2.72,3.77,2.43,2.78,4.03,2.51
20240505-chelsea-west-ham-united,ENG Premier League,2023-2024,2024-05-05 14:00:00,2024-05-05 00:00:00,Chelsea,West Ham United,5,0,H,3,0,H,25,13,14,2,8,6,1,3,0,0,A Madley,1.65,4.5,4.5,1.65,4.55,4.58,1.7,4.75,5.0
20240505-liverpool-tottenham-hotspur,ENG Premier League,2023-2024,2024-05-05 16:30:00,2024-05-05 00:00:00,Liverpool,Tottenham Hotspur,4,2,H,2,0,H,25,11,13,6,8,3,1,4,0,0,P Tierney,1.5,5.75,5.0,1.48,5.26,5.61,1.54,5.75,6.0
20240506-crystal-palace-manchester-united,ENG Premier League,2023-2024,2024-05-06 20:00:00,2024-05-06 00:00:00,Crystal Palace,Manchester United,4,0,H,2,0,H,18,7,10,2,6,3,1,1,0,0,J Gillett ,2.38,3.75,2.8,2.38,3.76,2.79,2.42,3.99,2.89
20240511-fulham-manchester-city,ENG Premier League,2023-2024,2024-05-11 12:30:00,2024-05-11 00:00:00,Fulham,Manchester City,0,4,A,0,1,A,1,16,1,9,1,7,1,0,1,0,A Taylor,13.0,7.0,1.2,12.3,7.05,1.22,14.0,7.5,1.26
20240511-bournemouth-brentford,ENG Premier League,2023-2024,2024-05-11 15:00:00,2024-05-11 00:00:00,Bournemouth,Brentford,1,2,A,0,0,D,13,11,4,5,3,8,2,2,0,0,M Donohue,1.95,4.0,3.5,1.98,3.99,3.5,2.02,4.21,3.7
20240511-everton-sheffield-united,ENG Premier League,2023-2024,2024-05-11 15:00:00,2024-05-11 00:00:00,Everton,Sheffield United,1,0,H,1,0,H,15,13,6,1,3,6,1,2,0,0,S Attwell,1.4,4.8,7.5,1.4,5.13,7.46,1.44,5.5,8.0
20240511-newcastle-united-brighton-hove-albion,ENG Premier League,2023-2024,2024-05-11 15:00:00,2024-05-11 00:00:00,Newcastle United,Brighton & Hove Albion,1,1,D,1,1,D,18,15,7,4,8,4,3,4,0,0,D England,1.57,4.75,4.75,1.59,4.81,4.84,1.63,5.0,5.0
20240511-tottenham-hotspur-burnley,ENG Premier League,2023-2024,2024-05-11 15:00:00,2024-05-11 00:00:00,Tottenham Hotspur,Burnley,2,1,H,1,1,D,21,7,9,3,9,3,3,5,0,0,J Gillett,1.36,5.75,7.0,1.35,6.01,7.33,1.39,6.3,7.9
20240511-west-ham-united-luton-town,ENG Premier League,2023-2024,2024-05-11 15:00:00,2024-05-11 00:00:00,West Ham United,Luton Town,3,1,H,0,1,A,24,4,8,1,7,6,1,3,0,0,M Oliver,1.8,4.2,3.8,1.82,4.33,3.83,1.86,4.6,4.04
20240511-wolverhampton-wanderers-crystal-palace,ENG Premier League,2023-2024,2024-05-11 15:00:00,2024-05-11 00:00:00,Wolverhampton Wanderers,Crystal Palace,1,3,A,0,2,A,13,13,7,3,8,3,3,2,0,1,T Bramall,2.88,3.5,2.38,2.86,3.51,2.47,3.0,3.6,2.54
20240511-nottingham-forest-chelsea,ENG Premier League,2023-2024,2024-05-11 17:30:00,2024-05-11 00:00:00,Nottingham Forest,Chelsea,2,3,A,1,1,D,20,12,4,5,5,6,2,3,0,0,T Harrington,3.4,3.8,2.0,3.39,3.94,2.03,3.6,4.21,2.08
20240512-manchester-united-arsenal,ENG Premier League,2023-2024,2024-05-12 16:30:00,2024-05-12 00:00:00,Manchester United,Arsenal,0,1,A,0,1,A,14,11,2,5,4,7,0,2,0,0,P Tierney,7.0,5.5,1.36,7.08,5.5,1.39,7.5,5.8,1.43
20240513-aston-villa-liverpool,ENG Premier League,2023-2024,2024-05-13 20:00:00,2024-05-13 00:00:00,Aston Villa,Liverpool,3,3,D,1,2,A,19,14,5,7,5,4,1,1,0,0,S Hooper,4.2,4.33,1.7,4.15,4.55,1.71,4.4,4.75,1.77
20240514-tottenham-hotspur-manchester-city,ENG Premier League,2023-2024,2024-05-14 20:00:00,2024-05-14 00:00:00,Tottenham Hotspur,Manchester City,0,2,A,0,0,D,10,8,5,5,7,4,3,3,0,0,C Kavanagh,6.5,6.0,1.36,6.94,5.91,1.38,7.5,6.5,1.41
20240515-brighton-hove-albion-chelsea,ENG Premier League,2023-2024,2024-05-15 19:45:00,2024-05-15 00:00:00,Brighton & Hove Albion,Chelsea,1,2,A,0,1,A,12,13,2,6,4,6,2,2,0,1,M Salisbury,3.3,4.0,1.95,3.37,3.99,2.02,3.52,4.21,2.05
20240515-manchester-united-newcastle-united,ENG Premier League,2023-2024,2024-05-15 20:00:00,2024-05-15 00:00:00,Manchester United,Newcastle United,3,2,H,1,0,H,17,21,8,8,9,9,3,3,0,0,R Jones,2.75,4.0,2.3,2.73,4.04,2.34,2.85,4.26,2.4
20240519-arsenal-everton,ENG Premier League,2023-2024,2024-05-19 16:00:00,2024-05-19 00:00:00,Arsenal,Everton,2,1,H,1,1,D,26,5,5,2,8,1,4,3,0,0,M Oliver,1.18,8.0,12.0,1.17,8.04,15.37,1.19,8.9,17.0
20240519-brentford-newcastle-united,ENG Premier League,2023-2024,2024-05-19 16:00:00,2024-05-19 00:00:00,Brentford,Newcastle United,2,4,A,0,3,A,10,12,5,7,3,0,4,4,0,0,S Hooper,2.9,3.9,2.2,2.94,3.96,2.22,3.04,4.2,2.28
20240519-brighton-hove-albion-manchester-united,ENG Premier League,2023-2024,2024-05-19 16:00:00,2024-05-19 00:00:00,Brighton & Hove Albion,Manchester United,0,2,A,0,0,D,17,11,3,4,7,5,1,3,0,0,C Pawson,2.15,4.0,2.9,2.17,4.11,2.95,2.24,4.37,3.0
20240519-burnley-nottingham-forest,ENG Premier League,2023-2024,2024-05-19 16:00:00,2024-05-19 00:00:00,Burnley,Nottingham Forest,1,2,A,0,2,A,20,12,3,6,4,3,1,0,0,0,G Scott,3.0,3.5,2.3,2.9,3.74,2.32,3.0,3.9,2.37
20240519-chelsea-bournemouth,ENG Premier League,2023-2024,2024-05-19 16:00:00,2024-05-19 00:00:00,Chelsea,Bournemouth,2,1,H,1,0,H,16,22,6,5,6,5,2,3,0,0,A Taylor,1.45,5.0,6.0,1.45,5.32,5.99,1.49,5.75,6.5
20240519-crystal-palace-aston-villa,ENG Premier League,2023-2024,2024-05-19 16:00:00,2024-05-19 00:00:00,Crystal Palace,Aston Villa,5,0,H,2,0,H,15,8,9,2,2,4,1,4,0,0,D Bond,1.85,4.33,3.6,1.87,4.28,3.67,1.93,4.5,3.84
20240519-liverpool-wolverhampton-wanderers,ENG Premier League,2023-2024,2024-05-19 16:00:00,2024-05-19 00:00:00,Liverpool,Wolverhampton Wanderers,2,0,H,2,0,H,36,4,14,3,10,2,1,1,0,1,C Kavanagh,1.17,8.0,15.0,1.16,8.71,14.55,1.18,10.0,17.0
20240519-luton-town-fulham,ENG Premier League,2023-2024,2024-05-19 16:00:00,2024-05-19 00:00:00,Luton Town,Fulham,2,4,A,1,2,A,15,15,6,7,4,4,5,4,0,0,M Donohue,2.9,3.9,2.2,2.92,3.95,2.23,3.0,4.35,2.3
20240519-manchester-city-west-ham-united,ENG Premier League,2023-2024,2024-05-19 16:00:00,2024-05-19 00:00:00,Manchester City,West Ham United,3,1,H,2,1,H,28,3,12,2,11,2,0,1,0,0,J Brooks,1.08,12.0,21.0,1.1,11.72,21.81,1.11,14.0,25.0
20240519-sheffield-united-tottenham-hotspur,ENG Premier League,2023-2024,2024-05-19 16:00:00,2024-05-19 00:00:00,Sheffield United,Tottenham Hotspur,0,3,A,0,1,A,6,18,1,9,2,6,2,0,0,0,A Madley,7.0,6.0,1.33,7.32,6.04,1.35,7.9,6.34,1.39
20240816-manchester-united-fulham,ENG Premier League,2024-2025,2024-08-16 20:00:00,2024-08-16 00:00:00,Manchester United,Fulham,1,0,H,0,0,D,14,10,5,2,7,8,2,3,0,0,R Jones,1.6,4.2,5.25,1.62,4.36,5.15,1.68,4.5,5.5
20240817-ipswich-town-liverpool,ENG Premier League,2024-2025,2024-08-17 12:30:00,2024-08-17 00:00:00,Ipswich Town,Liverpool,0,2,A,0,0,D,7,18,2,5,2,10,3,1,0,0,T Robinson,8.5,5.5,1.33,8.28,5.76,1.34,9.0,6.1,1.37
20240817-arsenal-wolverhampton-wanderers,ENG Premier League,2024-2025,2024-08-17 15:00:00,2024-08-17 00:00:00,Arsenal,Wolverhampton Wanderers,2,0,H,1,0,H,18,9,6,3,8,2,2,2,0,0,J Gillett,1.18,7.5,13.0,1.18,7.86,15.87,1.2,9.1,18.0
20240817-everton-brighton-hove-albion,ENG Premier League,2024-2025,2024-08-17 15:00:00,2024-08-17 00:00:00,Everton,Brighton & Hove Albion,0,3,A,0,1,A,9,10,1,5,1,5,1,1,1,0,S Hooper,2.63,3.3,2.63,2.67,3.41,2.68,2.76,3.66,2.78
20240817-newcastle-united-southampton,ENG Premier League,2024-2025,2024-08-17 15:00:00,2024-08-17 00:00:00,Newcastle United,Southampton,1,0,H,1,0,H,3,19,1,4,3,12,2,4,1,0,C Pawson,1.36,5.25,8.0,1.35,5.62,8.1,1.37,5.9,8.6
20240817-nottingham-forest-bournemouth,ENG Premier League,2024-2025,2024-08-17 15:00:00,2024-08-17 00:00:00,Nottingham Forest,Bournemouth,1,1,D,1,0,H,14,13,8,4,2,6,1,3,0,0,M Oliver,2.45,3.5,2.8,2.45,3.49,2.89,2.51,3.7,3.0
20240817-west-ham-united-aston-villa,ENG Premier League,2024-2025,2024-08-17 17:30:00,2024-08-17 00:00:00,West Ham United,Aston Villa,1,2,A,1,1,D,14,15,3,3,5,3,1,2,0,0,T Harrington,2.45,3.6,2.75,2.44,3.69,2.79,2.49,3.91,2.87
20240818-brentford-crystal-palace,ENG Premier League,2024-2025,2024-08-18 14:00:00,2024-08-18 00:00:00,Brentford,Crystal Palace,2,1,H,1,0,H,9,14,5,6,4,7,1,5,0,0,S Barrott,2.4,3.4,2.9,2.46,3.44,2.9,2.52,3.66,2.99
20240818-chelsea-manchester-city,ENG Premier League,2024-2025,2024-08-18 16:30:00,2024-08-18 00:00:00,Chelsea,Manchester City,0,2,A,0,1,A,10,11,3,5,4,3,1,1,0,0,A Taylor,4.1,3.9,1.8,4.05,4.0,1.83,4.3,4.22,1.88
20240819-leicester-city-tottenham-hotspur,ENG Premier League,2024-2025,2024-08-19 20:00:00,2024-08-19 00:00:00,Leicester City,Tottenham Hotspur,1,1,D,0,1,A,7,15,3,7,2,13,1,1,0,0,C Kavanagh,5.0,4.33,1.62,5.01,4.37,1.63,5.3,4.52,1.67
20240824-brighton-hove-albion-manchester-united,ENG Premier League,2024-2025,2024-08-24 12:30:00,2024-08-24 00:00:00,Brighton & Hove Albion,Manchester United,2,1,H,1,0,H,14,11,5,4,4,4,1,2,0,0,C Pawson,2.5,3.7,2.63,2.5,3.72,2.69,2.54,3.87,2.79
20240824-crystal-palace-west-ham-united,ENG Premier League,2024-2025,2024-08-24 15:00:00,2024-08-24 00:00:00,Crystal Palace,West Ham United,0,2,A,0,0,D,14,18,2,3,3,3,1,1,0,0,R Jones,2.15,3.6,3.2,2.17,3.63,3.25,2.21,3.76,3.36
20240824-fulham-leicester-city,ENG Premier League,2024-2025,2024-08-24 15:00:00,2024-08-24 00:00:00,Fulham,Leicester City,2,1,H,1,1,D,18,10,6,4,7,5,2,2,0,0,D Bond,1.8,3.75,4.2,1.83,3.73,4.38,1.9,3.89,4.7
20240824-manchester-city-ipswich-town,ENG Premier League,2024-2025,2024-08-24 15:00:00,2024-08-24 00:00:00,Manchester City,Ipswich Town,4,1,H,3,1,H,14,1,5,1,10,1,2,3,0,0,M Salisbury,1.08,12.0,21.0,1.09,12.17,26.97,1.1,14.0,34.0
20240824-southampton-nottingham-forest,ENG Premier League,2024-2025,2024-08-24 15:00:00,2024-08-24 00:00:00,Southampton,Nottingham Forest,0,1,A,0,0,D,5,23,1,8,4,10,3,3,0,0,S Barrott,2.55,3.3,2.8,2.57,3.32,2.84,2.66,3.42,2.92
20240824-tottenham-hotspur-everton,ENG Premier League,2024-2025,2024-08-24 15:00:00,2024-08-24 00:00:00,Tottenham Hotspur,Everton,4,0,H,2,0,H,13,10,7,1,12,5,0,0,0,0,A Taylor,1.44,4.75,6.5,1.44,4.95,6.75,1.49,5.1,7.3
20240824-aston-villa-arsenal,ENG Premier League,2024-2025,2024-08-24 17:30:00,2024-08-24 00:00:00,Aston Villa,Arsenal,0,2,A,0,0,D,11,9,3,4,4,1,1,3,0,0,M Oliver,4.33,3.8,1.75,4.41,3.92,1.78,4.7,4.1,1.84
20240825-bournemouth-newcastle-united,ENG Premier League,2024-2025,2024-08-25 14:00:00,2024-08-25 00:00:00,Bournemouth,Newcastle United,1,1,D,1,0,H,16,14,4,5,8,9,2,2,0,0,D Coote,2.9,3.8,2.2,2.99,3.8,2.25,3.06,3.95,2.32
20240825-wolverhampton-wanderers-chelsea,ENG Premier League,2024-2025,2024-08-25 14:00:00,2024-08-25 00:00:00,Wolverhampton Wanderers,Chelsea,2,6,A,2,2,D,12,14,4,8,5,5,2,3,0,0,D England,4.33,4.0,1.75,4.37,4.0,1.77,4.6,4.17,1.82
20240825-liverpool-brentford,ENG Premier League,2024-2025,2024-08-25 16:30:00,2024-08-25 00:00:00,Liverpool,Brentford,2,0,H,1,0,H,19,8,8,2,9,4,2,3,0,0,S Attwell,1.27,5.75,11.0,1.25,6.78,10.37,1.28,7.5,11.5
20240831-arsenal-brighton-hove-albion,ENG Premier League,2024-2025,2024-08-31 12:30:00,2024-08-31 00:00:00,Arsenal,Brighton & Hove Albion,1,1,D,1,0,H,11,22,7,4,3,7,3,2,1,0,C Kavanagh,1.33,5.5,8.5,1.35,5.66,8.11,1.37,6.0,9.0
20240831-brentford-southampton,ENG Premier League,2024-2025,2024-08-31 15:00:00,2024-08-31 00:00:00,Brentford,Southampton,3,1,H,1,0,H,20,18,7,6,2,8,2,1,0,0,J Smith,1.75,3.9,4.33,1.77,3.97,4.46,1.82,4.12,4.7
20240831-everton-bournemouth,ENG Premier League,2024-2025,2024-08-31 15:00:00,2024-08-31 00:00:00,Everton,Bournemouth,2,3,A,0,0,D,18,17,8,7,8,4,2,1,0,0,S Attwell,2.75,3.4,2.55,2.78,3.4,2.59,2.85,3.5,2.64
20240831-ipswich-town-fulham,ENG Premier League,2024-2025,2024-08-31 15:00:00,2024-08-31 00:00:00,Ipswich Town,Fulham,1,1,D,1,1,D,11,9,4,4,8,6,2,3,0,0,L Smith,3.0,3.5,2.3,3.1,3.5,2.31,3.2,3.66,2.38
20240831-leicester-city-aston-villa,ENG Premier League,2024-2025,2024-08-31 15:00:00,2024-08-31 00:00:00,Leicester City,Aston Villa,1,2,A,0,1,A,9,10,3,5,1,4,4,5,0,0,D Coote,4.5,4.0,1.7,4.62,4.02,1.74,4.9,4.2,1.78
20240831-nottingham-forest-wolverhampton-wanderers,ENG Premier League,2024-2025,2024-08-31 15:00:00,2024-08-31 00:00:00,Nottingham Forest,Wolverhampton Wanderers,1,1,D,1,1,D,16,11,5,3,7,3,3,4,0,0,S Hooper,2.0,3.7,3.7,2.03,3.66,3.65,2.1,3.76,3.79
20240831-west-ham-united-manchester-city,ENG Premier League,2024-2025,2024-08-31 17:30:00,2024-08-31 00:00:00,West Ham United,Manchester City,1,3,A,1,2,A,10,23,2,8,3,11,3,2,0,0,M Oliver,7.0,5.5,1.38,7.57,5.49,1.38,8.0,5.8,1.41
20240901-chelsea-crystal-palace,ENG Premier League,2024-2025,2024-09-01 13:30:00,2024-09-01 00:00:00,Chelsea,Crystal Palace,1,1,D,1,0,H,13,9,7,3,4,5,4,2,0,0,J Gillett,1.6,4.33,5.0,1.63,4.4,5.01,1.68,4.55,5.2
20240901-newcastle-united-tottenham-hotspur,ENG Premier League,2024-2025,2024-09-01 13:30:00,2024-09-01 00:00:00,Newcastle United,Tottenham Hotspur,2,1,H,1,0,H,9,20,3,6,7,12,4,4,0,0,R Jones,2.5,4.0,2.5,2.51,3.97,2.56,2.56,4.12,2.63
20240901-manchester-united-liverpool,ENG Premier League,2024-2025,2024-09-01 16:00:00,2024-09-01 00:00:00,Manchester United,Liverpool,0,3,A,0,2,A,8,11,3,3,5,2,4,1,0,0,A Taylor,3.7,4.2,1.85,3.82,4.2,1.85,4.0,4.4,1.9
20240914-southampton-manchester-united,ENG Premier League,2024-2025,2024-09-14 12:30:00,2024-09-14 00:00:00,Southampton,Manchester United,0,3,A,0,2,A,6,20,4,10,0,7,1,4,1,0,S Attwell,4.5,4.0,1.7,4.56,4.04,1.74,4.83,4.2,1.79
20240914-brighton-hove-albion-ipswich-town,ENG Premier League,2024-2025,2024-09-14 15:00:00,2024-09-14 00:00:00,Brighton & Hove Albion,Ipswich Town,0,0,D,0,0,D,21,6,6,1,9,2,4,3,0,0,S Barrott,1.38,5.0,7.5,1.38,5.16,7.89,1.41,5.4,8.5
20240914-crystal-palace-leicester-city,ENG Premier League,2024-2025,2024-09-14 15:00:00,2024-09-14 00:00:00,Crystal Palace,Leicester City,2,2,D,0,1,A,20,9,4,4,5,2,0,3,0,0,T Harrington,1.62,4.0,5.5,1.63,4.14,5.38,1.66,4.3,5.6
20240914-fulham-west-ham-united,ENG Premier League,2024-2025,2024-09-14 15:00:00,2024-09-14 00:00:00,Fulham,West Ham United,1,1,D,1,0,H,21,11,5,3,3,2,2,3,0,0,T Robinson,2.38,3.25,3.0,2.42,3.48,2.92,2.5,3.6,3.03
20240914-liverpool-nottingham-forest,ENG Premier League,2024-2025,2024-09-14 15:00:00,2024-09-14 00:00:00,Liverpool,Nottingham Forest,0,1,A,0,0,D,14,5,5,3,7,2,4,4,0,0,M Oliver,1.22,6.5,12.0,1.22,7.03,12.4,1.25,7.7,13.0
20240914-manchester-city-brentford,ENG Premier League,2024-2025,2024-09-14 15:00:00,2024-09-14 00:00:00,Manchester City,Brentford,2,1,H,2,1,H,18,8,7,5,12,3,3,1,0,0,D Bond,1.18,8.0,12.0,1.17,8.2,14.79,1.21,9.2,17.0
20240914-aston-villa-everton,ENG Premier League,2024-2025,2024-09-14 17:30:00,2024-09-14 00:00:00,Aston Villa,Everton,3,2,H,1,2,A,17,6,8,2,6,2,1,4,0,0,C Pawson,1.5,4.2,6.5,1.51,4.48,6.34,1.55,4.65,6.7
20240914-bournemouth-chelsea,ENG Premier League,2024-2025,2024-09-14 20:00:00,2024-09-14 00:00:00,Bournemouth,Chelsea,0,1,A,0,0,D,19,10,7,3,6,3,6,8,0,0,A Taylor,3.4,3.8,2.0,3.33,3.96,2.05,3.45,4.12,2.09
20240915-tottenham-hotspur-arsenal,ENG Premier League,2024-2025,2024-09-15 14:00:00,2024-09-15 00:00:00,Tottenham Hotspur,Arsenal,0,1,A,0,0,D,15,7,5,4,7,6,5,3,0,0,J Gillett,3.0,3.5,2.3,2.99,3.59,2.33,3.13,3.75,2.4
20240915-wolverhampton-wanderers-newcastle-united,ENG Premier League,2024-2025,2024-09-15 16:30:00,2024-09-15 00:00:00,Wolverhampton Wanderers,Newcastle United,1,2,A,1,0,H,12,14,5,6,4,7,3,3,0,0,C Kavanagh,3.4,3.5,2.1,3.36,3.69,2.11,3.48,3.8,2.18
20240921-west-ham-united-chelsea,ENG Premier League,2024-2025,2024-09-21 12:30:00,2024-09-21 00:00:00,West Ham United,Chelsea,0,3,A,0,2,A,15,12,7,5,6,5,5,2,0,0,S Barrott,3.6,3.9,1.95,3.49,3.89,2.01,3.71,4.0,2.05
20240921-aston-villa-wolverhampton-wanderers,ENG Premier League,2024-2025,2024-09-21 15:00:00,2024-09-21 00:00:00,Aston Villa,Wolverhampton Wanderers,3,1,H,0,1,A,9,10,4,4,6,5,3,6,0,0,T Robinson,1.57,4.2,5.25,1.59,4.39,5.35,1.62,4.6,5.6
20240921-fulham-newcastle-united,ENG Premier League,2024-2025,2024-09-21 15:00:00,2024-09-21 00:00:00,Fulham,Newcastle United,3,1,H,2,0,H,22,15,11,4,6,0,6,0,0,0,P Bankes,3.0,3.4,2.4,2.86,3.51,2.45,3.0,3.61,2.52
20240921-leicester-city-everton,ENG Premier League,2024-2025,2024-09-21 15:00:00,2024-09-21 00:00:00,Leicester City,Everton,1,1,D,0,1,A,12,16,2,5,6,1,1,2,0,0,D England,2.45,3.4,2.88,2.52,3.44,2.82,2.58,3.6,2.92
20240921-liverpool-bournemouth,ENG Premier League,2024-2025,2024-09-21 15:00:00,2024-09-21 00:00:00,Liverpool,Bournemouth,3,0,H,3,0,H,19,19,13,6,3,9,1,4,0,0,T Harrington,1.3,6.25,9.0,1.29,6.31,9.35,1.31,6.7,10.0
20240921-southampton-ipswich-town,ENG Premier League,2024-2025,2024-09-21 15:00:00,2024-09-21 00:00:00,Southampton,Ipswich Town,1,1,D,1,0,H,11,13,3,6,2,10,4,4,0,0,S Allison,2.25,3.5,3.2,2.25,3.52,3.17,2.3,3.7,3.27
20240921-tottenham-hotspur-brentford,ENG Premier League,2024-2025,2024-09-21 15:00:00,2024-09-21 00:00:00,Tottenham Hotspur,Brentford,3,1,H,2,1,H,23,6,10,6,9,4,3,1,0,0,J Brooks,1.55,4.5,5.5,1.55,4.72,5.41,1.58,5.0,5.6
20240921-crystal-palace-manchester-united,ENG Premier League,2024-2025,2024-09-21 17:30:00,2024-09-21 00:00:00,Crystal Palace,Manchester United,0,0,D,0,0,D,9,15,4,6,4,11,3,1,0,0,D Coote,2.88,3.75,2.3,2.85,3.72,2.36,2.96,3.88,2.42
20240922-brighton-hove-albion-nottingham-forest,ENG Premier League,2024-2025,2024-09-22 14:00:00,2024-09-22 00:00:00,Brighton & Hove Albion,Nottingham Forest,2,2,D,2,1,H,14,4,3,3,9,1,3,4,0,1,R Jones,1.75,3.75,4.75,1.86,3.83,4.21,2.44,3.99,4.75
20240922-manchester-city-arsenal,ENG Premier League,2024-2025,2024-09-22 16:30:00,2024-09-22 00:00:00,Manchester City,Arsenal,2,2,D,1,2,A,33,5,11,3,8,2,3,4,0,1,M Oliver,1.8,3.6,4.5,1.83,3.62,4.52,1.87,3.75,4.75
20240928-newcastle-united-manchester-city,ENG Premier League,2024-2025,2024-09-28 12:30:00,2024-09-28 00:00:00,Newcastle United,Manchester City,1,1,D,0,1,A,11,16,4,6,5,6,4,4,0,0,J Gillett,5.25,4.33,1.6,5.09,4.47,1.61,5.3,4.7,1.63
20240928-arsenal-leicester-city,ENG Premier League,2024-2025,2024-09-28 15:00:00,2024-09-28 00:00:00,Arsenal,Leicester City,4,2,H,2,0,H,36,5,16,3,17,0,2,4,0,0,S Barrott,1.17,8.0,15.0,1.18,7.82,15.12,1.21,8.8,18.0
20240928-brentford-west-ham-united,ENG Premier League,2024-2025,2024-09-28 15:00:00,2024-09-28 00:00:00,Brentford,West Ham United,1,1,D,1,0,H,8,19,3,3,7,7,2,3,0,0,S Hooper,2.2,3.5,3.2,2.23,3.62,3.16,2.27,3.82,3.26
20240928-chelsea-brighton-hove-albion,ENG Premier League,2024-2025,2024-09-28 15:00:00,2024-09-28 00:00:00,Chelsea,Brighton & Hove Albion,4,2,H,4,2,H,15,15,7,5,8,2,3,2,0,0,P Bankes,1.73,4.2,4.2,1.74,4.23,4.35,1.77,4.35,4.5
20240928-everton-crystal-palace,ENG Premier League,2024-2025,2024-09-28 15:00:00,2024-09-28 00:00:00,Everton,Crystal Palace,2,1,H,0,1,A,8,17,2,5,5,8,2,1,0,0,A Madley,2.7,3.3,2.63,2.73,3.39,2.63,2.8,3.59,2.71
20240928-nottingham-forest-fulham,ENG Premier League,2024-2025,2024-09-28 15:00:00,2024-09-28 00:00:00,Nottingham Forest,Fulham,0,1,A,0,0,D,11,14,1,2,6,5,2,4,0,0,J Smith,2.38,3.3,3.0,2.4,3.34,3.07,2.51,3.52,3.23
20240928-wolverhampton-wanderers-liverpool,ENG Premier League,2024-2025,2024-09-28 17:30:00,2024-09-28 00:00:00,Wolverhampton Wanderers,Liverpool,1,2,A,0,1,A,8,10,3,6,2,10,2,3,0,0,A Taylor,8.0,5.75,1.33,8.05,5.55,1.35,8.5,5.9,1.38
20240929-ipswich-town-aston-villa,ENG Premier League,2024-2025,2024-09-29 14:00:00,2024-09-29 00:00:00,Ipswich Town,Aston Villa,2,2,D,1,2,A,15,7,5,3,10,0,4,1,0,0,S Attwell,4.0,3.75,1.85,4.15,3.77,1.87,4.4,4.0,1.91
20240929-manchester-united-tottenham-hotspur,ENG Premier League,2024-2025,2024-09-29 16:30:00,2024-09-29 00:00:00,Manchester United,Tottenham Hotspur,0,3,A,0,1,A,11,24,2,10,5,3,5,3,1,0,C Kavanagh,2.35,3.75,2.75,2.36,3.89,2.77,2.42,4.13,2.8
20240930-bournemouth-southampton,ENG Premier League,2024-2025,2024-09-30 20:00:00,2024-09-30 00:00:00,Bournemouth,Southampton,3,1,H,3,0,H,14,9,6,3,7,4,2,5,0,0,M Oliver,1.65,4.1,5.0,1.65,4.29,4.91,1.68,4.53,5.25
20241005-crystal-palace-liverpool,ENG Premier League,2024-2025,2024-10-05 12:30:00,2024-10-05 00:00:00,Crystal Palace,Liverpool,0,1,A,0,1,A,9,16,5,4,3,8,4,2,0,0,S Hooper,6.0,4.5,1.5,6.36,4.65,1.49,6.67,4.9,1.52
20241005-arsenal-southampton,ENG Premier League,2024-2025,2024-10-05 15:00:00,2024-10-05 00:00:00,Arsenal,Southampton,3,1,H,0,0,D,29,8,6,2,13,1,0,3,0,0,T Harrington,1.14,9.0,17.0,1.14,9.2,18.63,1.16,10.0,21.0
20241005-brentford-wolverhampton-wanderers,ENG Premier League,2024-2025,2024-10-05 15:00:00,2024-10-05 00:00:00,Brentford,Wolverhampton Wanderers,5,3,H,4,2,H,19,17,12,6,10,3,2,3,0,0,A Madley,2.05,3.6,3.4,2.09,3.64,3.47,2.14,3.75,3.7
20241005-leicester-city-bournemouth,ENG Premier League,2024-2025,2024-10-05 15:00:00,2024-10-05 00:00:00,Leicester City,Bournemouth,1,0,H,1,0,H,6,17,2,2,0,9,4,1,0,0,D Bond,3.1,3.75,2.15,3.24,3.66,2.17,3.4,3.81,2.22
20241005-manchester-city-fulham,ENG Premier League,2024-2025,2024-10-05 15:00:00,2024-10-05 00:00:00,Manchester City,Fulham,3,2,H,1,1,D,20,11,7,4,8,3,2,1,0,0,P Bankes,1.25,7.0,9.5,1.24,6.85,11.11,1.27,7.6,12.0
20241005-west-ham-united-ipswich-town,ENG Premier League,2024-2025,2024-10-05 15:00:00,2024-10-05 00:00:00,West Ham United,Ipswich Town,4,1,H,2,1,H,23,9,13,2,5,5,0,1,0,0,A Taylor,1.8,3.8,4.33,1.8,3.96,4.25,1.86,4.1,4.45
20241005-everton-newcastle-united,ENG Premier League,2024-2025,2024-10-05 17:30:00,2024-10-05 00:00:00,Everton,Newcastle United,0,0,D,0,0,D,8,14,2,3,0,10,1,2,0,0,C Pawson,3.2,3.6,2.2,3.15,3.62,2.23,3.25,3.77,2.29
20241006-aston-villa-manchester-united,ENG Premier League,2024-2025,2024-10-06 14:00:00,2024-10-06 00:00:00,Aston Villa,Manchester United,0,0,D,0,0,D,11,10,1,4,6,3,1,5,0,0,R Jones,2.2,3.75,3.0,2.21,3.82,3.06,2.25,3.99,3.2
20241006-chelsea-nottingham-forest,ENG Premier League,2024-2025,2024-10-06 14:00:00,2024-10-06 00:00:00,Chelsea,Nottingham Forest,1,1,D,0,0,D,22,16,8,9,11,3,6,2,0,1,C Kavanagh,1.48,4.5,6.5,1.48,4.73,6.32,1.52,4.95,7.0
20241006-brighton-hove-albion-tottenham-hotspur,ENG Premier League,2024-2025,2024-10-06 16:30:00,2024-10-06 00:00:00,Brighton & Hove Albion,Tottenham Hotspur,3,2,H,0,2,A,11,13,4,3,4,7,2,2,0,0,D Coote,2.9,4.0,2.2,2.9,4.01,2.23,2.99,4.18,2.28
20241019-tottenham-hotspur-west-ham-united,ENG Premier League,2024-2025,2024-10-19 12:30:00,2024-10-19 00:00:00,Tottenham Hotspur,West Ham United,4,1,H,1,1,D,22,11,7,4,13,5,1,3,0,1,A Madley,1.5,5.0,5.25,1.5,4.91,5.73,1.54,5.1,6.0
20241019-fulham-aston-villa,ENG Premier League,2024-2025,2024-10-19 15:00:00,2024-10-19 00:00:00,Fulham,Aston Villa,1,3,A,1,1,D,10,14,4,5,6,11,3,3,1,1,D England,2.45,3.5,2.8,2.44,3.5,2.89,2.5,3.71,2.98
20241019-ipswich-town-everton,ENG Premier League,2024-2025,2024-10-19 15:00:00,2024-10-19 00:00:00,Ipswich Town,Everton,0,2,A,0,2,A,13,11,2,8,5,8,1,1,0,0,M Oliver,2.38,3.3,3.0,2.4,3.42,3.01,2.42,3.5,3.11
20241019-manchester-united-brentford,ENG Premier League,2024-2025,2024-10-19 15:00:00,2024-10-19 00:00:00,Manchester United,Brentford,2,1,H,0,1,A,23,8,11,2,9,2,2,2,0,0,S Barrott,1.7,4.2,4.5,1.71,4.28,4.48,1.75,4.5,4.75
20241019-newcastle-united-brighton-hove-albion,ENG Premier League,2024-2025,2024-10-19 15:00:00,2024-10-19 00:00:00,Newcastle United,Brighton & Hove Albion,0,1,A,0,1,A,21,10,6,5,9,4,2,2,0,0,P Bankes,1.95,3.7,3.6,2.01,3.88,3.51,2.05,4.08,3.66
20241019-southampton-leicester-city,ENG Premier League,2024-2025,2024-10-19 15:00:00,2024-10-19 00:00:00,Southampton,Leicester City,2,3,A,2,0,H,14,18,7,4,10,6,5,3,1,0,A Taylor,2.3,3.5,3.0,2.33,3.54,3.03,2.38,3.63,3.14
20241019-bournemouth-arsenal,ENG Premier League,2024-2025,2024-10-19 17:30:00,2024-10-19 00:00:00,Bournemouth,Arsenal,2,0,H,0,0,D,13,6,4,1,7,4,1,1,0,1,R Jones,5.0,3.9,1.65,4.94,4.09,1.68,5.1,4.23,1.71
20241020-wolverhampton-wanderers-manchester-city,ENG Premier League,2024-2025,2024-10-20 14:00:00,2024-10-20 00:00:00,Wolverhampton Wanderers,Manchester City,1,2,A,1,1,D,3,22,2,7,1,18,4,1,0,0,C Kavanagh,8.0,6.0,1.33,8.88,5.85,1.31,9.8,6.0,1.34
20241020-liverpool-chelsea,ENG Premier League,2024-2025,2024-10-20 16:30:00,2024-10-20 00:00:00,Liverpool,Chelsea,2,1,H,1,0,H,9,12,5,2,1,6,4,3,0,0,J Brooks,1.62,4.1,5.0,1.63,4.39,4.89,1.67,4.69,5.1
20241021-nottingham-forest-crystal-palace,ENG Premier League,2024-2025,2024-10-21 20:00:00,2024-10-21 00:00:00,Nottingham Forest,Crystal Palace,1,0,H,0,0,D,20,20,6,7,6,6,2,3,0,0,T Robinson,2.3,3.5,3.0,2.36,3.31,3.11,2.41,3.5,3.21
20241025-leicester-city-nottingham-forest,ENG Premier League,2024-2025,2024-10-25 20:00:00,2024-10-25 00:00:00,Leicester City,Nottingham Forest,1,3,A,1,1,D,11,20,1,5,6,7,5,2,0,0,C Pawson,3.0,3.3,2.4,3.09,3.32,2.41,3.2,3.45,2.45
20241026-aston-villa-bournemouth,ENG Premier League,2024-2025,2024-10-26 15:00:00,2024-10-26 00:00:00,Aston Villa,Bournemouth,1,1,D,0,0,D,18,11,8,3,9,7,7,6,0,0,A Madley,1.85,3.9,3.8,1.86,3.97,3.97,1.9,4.1,4.1
20241026-brentford-ipswich-town,ENG Premier League,2024-2025,2024-10-26 15:00:00,2024-10-26 00:00:00,Brentford,Ipswich Town,4,3,H,2,2,D,20,11,9,5,5,5,0,1,0,1,L Smith,1.65,4.33,4.75,1.67,4.27,4.86,1.71,4.4,5.1
20241026-brighton-hove-albion-wolverhampton-wanderers,ENG Premier League,2024-2025,2024-10-26 15:00:00,2024-10-26 00:00:00,Brighton & Hove Albion,Wolverhampton Wanderers,2,2,D,1,0,H,19,14,6,7,9,6,3,3,0,0,M Oliver,1.62,4.5,4.5,1.64,4.32,4.94,1.68,4.5,5.1
20241026-manchester-city-southampton,ENG Premier League,2024-2025,2024-10-26 15:00:00,2024-10-26 00:00:00,Manchester City,Southampton,1,0,H,1,0,H,22,5,8,2,12,1,1,3,0,0,T Harrington,1.11,10.0,17.0,1.11,10.94,21.04,1.13,13.0,26.0
20241026-everton-fulham,ENG Premier League,2024-2025,2024-10-26 17:30:00,2024-10-26 00:00:00,Everton,Fulham,1,1,D,0,0,D,10,14,5,3,4,2,1,0,0,0,J Brooks,2.75,3.25,2.63,2.76,3.37,2.6,2.83,3.45,2.66
20241027-chelsea-newcastle-united,ENG Premier League,2024-2025,2024-10-27 14:00:00,2024-10-27 00:00:00,Chelsea,Newcastle United,2,1,H,1,1,D,17,11,7,3,7,4,6,3,0,0,S Hooper,1.73,4.33,4.2,1.76,4.26,4.15,1.82,4.43,4.3
20241027-crystal-palace-tottenham-hotspur,ENG Premier League,2024-2025,2024-10-27 14:00:00,2024-10-27 00:00:00,Crystal Palace,Tottenham Hotspur,1,0,H,1,0,H,14,11,6,3,8,8,4,4,0,0,D Bond,3.9,4.0,1.83,3.97,3.97,1.85,4.1,4.13,1.88
20241027-west-ham-united-manchester-united,ENG Premier League,2024-2025,2024-10-27 14:00:00,2024-10-27 00:00:00,West Ham United,Manchester United,2,1,H,0,0,D,12,18,3,5,6,5,5,1,0,0,D Coote,2.88,3.75,2.3,2.89,3.71,2.33,2.98,3.98,2.38
20241027-arsenal-liverpool,ENG Premier League,2024-2025,2024-10-27 16:30:00,2024-10-27 00:00:00,Arsenal,Liverpool,2,2,D,2,1,H,9,9,3,4,1,3,2,2,0,0,A Taylor,2.5,3.25,2.9,2.49,3.37,2.89,2.54,3.59,2.96
20241102-newcastle-united-arsenal,ENG Premier League,2024-2025,2024-11-02 12:30:00,2024-11-02 00:00:00,Newcastle United,Arsenal,1,0,H,1,0,H,9,10,4,1,4,6,4,4,0,0,J Brooks,3.75,3.75,1.95,3.77,3.69,1.98,3.88,3.8,2.03
20241102-bournemouth-manchester-city,ENG Premier League,2024-2025,2024-11-02 15:00:00,2024-11-02 00:00:00,Bournemouth,Manchester City,2,1,H,1,0,H,12,18,6,4,3,10,2,1,0,0,M Oliver,5.5,4.2,1.57,5.32,4.44,1.59,5.5,4.6,1.62
20241102-ipswich-town-leicester-city,ENG Premier League,2024-2025,2024-11-02 15:00:00,2024-11-02 00:00:00,Ipswich Town,Leicester City,1,1,D,0,0,D,14,20,2,6,4,6,4,2,1,0,T Robinson,2.25,3.5,3.1,2.27,3.61,3.09,2.3,3.77,3.18
20241102-liverpool-brighton-hove-albion,ENG Premier League,2024-2025,2024-11-02 15:00:00,2024-11-02 00:00:00,Liverpool,Brighton & Hove Albion,2,1,H,0,1,A,16,13,8,5,10,7,1,1,0,0,T Harrington,1.4,5.0,7.5,1.39,5.4,7.12,1.43,5.8,7.5
20241102-nottingham-forest-west-ham-united,ENG Premier League,2024-2025,2024-11-02 15:00:00,2024-11-02 00:00:00,Nottingham Forest,West Ham United,3,0,H,1,0,H,19,4,6,2,11,6,1,2,0,1,P Bankes,2.15,3.5,3.4,2.15,3.52,3.43,2.2,3.69,3.58
20241102-southampton-everton,ENG Premier League,2024-2025,2024-11-02 15:00:00,2024-11-02 00:00:00,Southampton,Everton,1,0,H,0,0,D,9,16,2,5,3,6,4,2,0,0,A Madley,2.63,3.4,2.63,2.65,3.48,2.66,2.7,3.63,2.75
20241102-wolverhampton-wanderers-crystal-palace,ENG Premier League,2024-2025,2024-11-02 17:30:00,2024-11-02 00:00:00,Wolverhampton Wanderers,Crystal Palace,2,2,D,0,0,D,11,19,6,7,3,6,1,2,0,0,A Taylor,2.5,3.4,2.88,2.53,3.4,2.85,2.61,3.59,2.92
20241103-tottenham-hotspur-aston-villa,ENG Premier League,2024-2025,2024-11-03 14:00:00,2024-11-03 00:00:00,Tottenham Hotspur,Aston Villa,4,1,H,0,1,A,16,12,6,1,6,4,2,0,0,0,C Pawson,1.91,4.0,3.6,1.93,4.07,3.55,1.98,4.28,3.71
20241103-manchester-united-chelsea,ENG Premier League,2024-2025,2024-11-03 16:30:00,2024-11-03 00:00:00,Manchester United,Chelsea,1,1,D,0,0,D,11,12,4,3,4,8,6,2,0,0,R Jones,2.6,3.5,2.6,2.58,3.78,2.56,2.63,4.06,2.61
20241104-fulham-brentford,ENG Premier League,2024-2025,2024-11-04 20:00:00,2024-11-04 00:00:00,Fulham,Brentford,2,1,H,0,1,A,26,5,12,2,11,3,2,1,0,0,S Attwell,2.0,3.7,3.5,2.03,3.73,3.52,2.08,3.9,3.61
20241109-brentford-bournemouth,ENG Premier League,2024-2025,2024-11-09 15:00:00,2024-11-09 00:00:00,Brentford,Bournemouth,3,2,H,1,1,D,12,15,6,3,6,4,2,4,0,0,D Bond,2.5,3.5,2.7,2.53,3.59,2.72,2.61,3.7,2.8
20241109-crystal-palace-fulham,ENG Premier League,2024-2025,2024-11-09 15:00:00,2024-11-09 00:00:00,Crystal Palace,Fulham,0,2,A,0,1,A,13,17,5,7,1,8,1,1,1,0,M Salisbury,2.7,3.5,2.55,2.7,3.48,2.61,2.82,3.73,2.7
20241109-west-ham-united-everton,ENG Premier League,2024-2025,2024-11-09 15:00:00,2024-11-09 00:00:00,West Ham United,Everton,0,0,D,0,0,D,11,18,6,4,7,6,1,2,0,0,S Attwell,2.15,3.4,3.4,2.18,3.47,3.38,2.23,3.71,3.5
20241109-wolverhampton-wanderers-southampton,ENG Premier League,2024-2025,2024-11-09 15:00:00,2024-11-09 00:00:00,Wolverhampton Wanderers,Southampton,2,0,H,1,0,H,8,9,4,0,1,9,1,4,0,0,T Bramall,1.91,3.75,3.75,1.96,3.84,3.67,2.01,4.13,3.8
20241109-brighton-hove-albion-manchester-city,ENG Premier League,2024-2025,2024-11-09 17:30:00,2024-11-09 00:00:00,Brighton & Hove Albion,Manchester City,2,1,H,0,1,A,10,15,4,6,0,4,3,3,0,0,S Barrott,4.1,4.2,1.73,4.34,4.17,1.75,4.6,4.33,1.8
20241109-liverpool-aston-villa,ENG Premier League,2024-2025,2024-11-09 20:00:00,2024-11-09 00:00:00,Liverpool,Aston Villa,2,0,H,1,0,H,14,12,5,2,2,9,0,3,0,0,D Coote,1.42,5.25,6.5,1.42,5.26,6.7,1.45,5.5,7.4
20241110-manchester-united-leicester-city,ENG Premier League,2024-2025,2024-11-10 14:00:00,2024-11-10 00:00:00,Manchester United,Leicester City,3,0,H,2,0,H,13,6,3,5,1,5,0,1,0,0,P Bankes,1.38,5.5,6.5,1.39,5.35,7.46,1.43,5.6,8.0
20241110-nottingham-forest-newcastle-united,ENG Premier League,2024-2025,2024-11-10 14:00:00,2024-11-10 00:00:00,Nottingham Forest,Newcastle United,1,3,A,1,0,H,9,17,3,6,4,5,1,1,0,0,A Taylor,2.7,3.3,2.7,2.69,3.31,2.72,2.75,3.57,2.82
20241110-tottenham-hotspur-ipswich-town,ENG Premier League,2024-2025,2024-11-10 14:00:00,2024-11-10 00:00:00,Tottenham Hotspur,Ipswich Town,1,2,A,0,2,A,17,8,5,3,12,2,1,5,0,0,D England,1.25,6.5,9.0,1.26,6.76,9.98,1.27,7.3,11.0
20241110-chelsea-arsenal,ENG Premier League,2024-2025,2024-11-10 16:30:00,2024-11-10 00:00:00,Chelsea,Arsenal,1,1,D,0,0,D,17,13,3,3,4,3,4,2,0,0,M Oliver,2.7,3.4,2.55,2.75,3.49,2.53,2.8,3.72,2.59
20241123-leicester-city-chelsea,ENG Premier League,2024-2025,2024-11-23 12:30:00,2024-11-23 00:00:00,Leicester City,Chelsea,1,2,A,0,1,A,4,16,1,7,2,9,4,3,0,0,A Madley,6.5,4.75,1.44,6.75,4.81,1.46,7.44,5.03,1.5
20241123-arsenal-nottingham-forest,ENG Premier League,2024-2025,2024-11-23 15:00:00,2024-11-23 00:00:00,Arsenal,Nottingham Forest,3,0,H,1,0,H,19,7,7,0,8,1,3,2,0,0,S Hooper,1.38,4.75,9.0,1.37,4.97,8.9,1.43,5.2,9.69
20241123-aston-villa-crystal-palace,ENG Premier League,2024-2025,2024-11-23 15:00:00,2024-11-23 00:00:00,Aston Villa,Crystal Palace,2,2,D,1,2,A,17,13,5,6,10,1,3,2,0,0,T Robinson,1.62,4.0,5.5,1.63,4.11,5.45,1.68,4.28,5.7
20241123-bournemouth-brighton-hove-albion,ENG Premier League,2024-2025,2024-11-23 15:00:00,2024-11-23 00:00:00,Bournemouth,Brighton & Hove Albion,1,2,A,0,1,A,19,6,5,4,7,0,2,2,0,1,S Attwell,2.4,3.6,2.8,2.41,3.62,2.86,2.45,3.75,2.99
20241123-everton-brentford,ENG Premier League,2024-2025,2024-11-23 15:00:00,2024-11-23 00:00:00,Everton,Brentford,0,0,D,0,0,D,27,9,5,2,10,4,0,0,0,1,C Kavanagh,2.45,3.4,2.88,2.46,3.41,2.94,2.52,3.62,3.11
20241123-fulham-wolverhampton-wanderers,ENG Premier League,2024-2025,2024-11-23 15:00:00,2024-11-23 00:00:00,Fulham,Wolverhampton Wanderers,1,4,A,1,1,D,10,10,3,5,7,2,3,0,0,0,R Jones,1.62,4.0,5.25,1.65,4.09,5.23,1.71,4.28,6.14
20241123-manchester-city-tottenham-hotspur,ENG Premier League,2024-2025,2024-11-23 17:30:00,2024-11-23 00:00:00,Manchester City,Tottenham Hotspur,0,4,A,0,2,A,23,9,5,7,9,3,4,2,0,0,J Brooks,1.48,4.75,6.0,1.49,5.01,5.92,1.52,5.29,6.36
20241124-southampton-liverpool,ENG Premier League,2024-2025,2024-11-24 14:00:00,2024-11-24 00:00:00,Southampton,Liverpool,2,3,A,1,1,D,7,27,5,11,3,10,3,4,0,0,S Barrott,11.0,5.75,1.27,10.4,5.96,1.28,11.0,6.4,1.32
20241124-ipswich-town-manchester-united,ENG Premier League,2024-2025,2024-11-24 16:30:00,2024-11-24 00:00:00,Ipswich Town,Manchester United,1,1,D,1,1,D,11,11,6,4,4,3,0,0,0,0,A Taylor,5.25,4.0,1.62,5.06,4.22,1.63,5.3,4.48,1.68
20241125-newcastle-united-west-ham-united,ENG Premier League,2024-2025,2024-11-25 20:00:00,2024-11-25 00:00:00,Newcastle United,West Ham United,0,2,A,0,1,A,18,15,2,6,8,3,1,0,0,0,C Pawson,1.5,4.5,6.0,1.5,4.57,6.21,1.54,4.79,6.6
20241129-brighton-hove-albion-southampton,ENG Premier League,2024-2025,2024-11-29 20:00:00,2024-11-29 00:00:00,Brighton & Hove Albion,Southampton,1,1,D,1,0,H,22,10,5,2,7,6,2,4,0,0,R Jones,1.38,5.0,7.5,1.39,5.29,7.57,1.43,5.5,8.0
20241130-brentford-leicester-city,ENG Premier League,2024-2025,2024-11-30 15:00:00,2024-11-30 00:00:00,Brentford,Leicester City,4,1,H,3,1,H,13,7,6,3,5,4,1,1,0,0,M Oliver,1.65,4.2,4.75,1.66,4.24,4.87,1.68,4.4,5.1
20241130-crystal-palace-newcastle-united,ENG Premier League,2024-2025,2024-11-30 15:00:00,2024-11-30 00:00:00,Crystal Palace,Newcastle United,1,1,D,0,0,D,16,1,4,0,8,9,3,3,0,0,D England,2.9,3.6,2.3,3.04,3.56,2.3,3.21,4.1,2.36
20241130-nottingham-forest-ipswich-town,ENG Premier League,2024-2025,2024-11-30 15:00:00,2024-11-30 00:00:00,Nottingham Forest,Ipswich Town,1,0,H,0,0,D,12,7,5,3,8,7,1,3,0,0,T Harrington,1.7,3.8,4.75,1.75,3.82,4.79,1.81,4.0,5.06
20241130-wolverhampton-wanderers-bournemouth,ENG Premier League,2024-2025,2024-11-30 15:00:00,2024-11-30 00:00:00,Wolverhampton Wanderers,Bournemouth,2,4,A,1,3,A,10,12,3,8,3,4,4,1,0,0,P Bankes,2.8,3.6,2.4,2.81,3.61,2.44,2.93,3.81,2.5
20241130-west-ham-united-arsenal,ENG Premier League,2024-2025,2024-11-30 17:30:00,2024-11-30 00:00:00,West Ham United,Arsenal,2,5,A,2,5,A,12,16,5,7,2,10,4,1,0,0,A Taylor,7.0,4.5,1.45,7.09,4.68,1.46,7.5,4.9,1.49
20241201-chelsea-aston-villa,ENG Premier League,2024-2025,2024-12-01 13:30:00,2024-12-01 00:00:00,Chelsea,Aston Villa,3,0,H,2,0,H,17,10,8,4,3,4,2,2,0,0,S Attwell,1.7,4.1,4.5,1.71,4.21,4.51,1.75,4.35,4.7
20241201-manchester-united-everton,ENG Premier League,2024-2025,2024-12-01 13:30:00,2024-12-01 00:00:00,Manchester United,Everton,4,0,H,2,0,H,11,8,5,2,2,2,2,3,0,0,J Brooks,1.53,4.2,6.0,1.54,4.33,6.08,1.56,4.5,6.5
20241201-tottenham-hotspur-fulham,ENG Premier League,2024-2025,2024-12-01 13:30:00,2024-12-01 00:00:00,Tottenham Hotspur,Fulham,1,1,D,0,0,D,8,14,3,6,7,11,0,1,0,1,D Bond,1.7,4.5,4.1,1.72,4.35,4.24,1.77,4.5,4.4
20241201-liverpool-manchester-city,ENG Premier League,2024-2025,2024-12-01 16:00:00,2024-12-01 00:00:00,Liverpool,Manchester City,2,0,H,1,0,H,18,8,7,2,7,4,1,3,0,0,C Kavanagh,2.1,3.6,3.3,2.09,3.7,3.37,2.14,3.8,3.55
20241203-ipswich-town-crystal-palace,ENG Premier League,2024-2025,2024-12-03 19:30:00,2024-12-03 00:00:00,Ipswich Town,Crystal Palace,0,1,A,0,0,D,9,13,2,3,4,7,2,4,0,0,C Pawson,3.0,3.4,2.35,3.09,3.37,2.38,3.2,3.54,2.44
20241203-leicester-city-west-ham-united,ENG Premier League,2024-2025,2024-12-03 20:15:00,2024-12-03 00:00:00,Leicester City,West Ham United,3,1,H,1,0,H,8,31,6,10,3,9,2,2,0,0,J Smith,2.9,3.4,2.38,2.9,3.44,2.47,2.95,3.67,2.57
20241204-everton-wolverhampton-wanderers,ENG Premier League,2024-2025,2024-12-04 19:30:00,2024-12-04 00:00:00,Everton,Wolverhampton Wanderers,4,0,H,2,0,H,13,6,4,2,3,4,2,0,0,0,M Salisbury,2.1,3.4,3.5,2.14,3.46,3.51,2.18,3.59,3.62
20241204-manchester-city-nottingham-forest,ENG Premier League,2024-2025,2024-12-04 19:30:00,2024-12-04 00:00:00,Manchester City,Nottingham Forest,3,0,H,2,0,H,17,12,7,3,8,2,2,4,0,0,M Oliver,1.36,4.75,9.0,1.37,5.21,8.25,1.41,5.5,9.0
20241204-newcastle-united-liverpool,ENG Premier League,2024-2025,2024-12-04 19:30:00,2024-12-04 00:00:00,Newcastle United,Liverpool,3,3,D,1,0,H,17,16,6,5,5,6,2,5,0,0,A Madley,4.2,4.0,1.75,4.27,4.04,1.78,4.5,4.22,1.81
20241204-southampton-chelsea,ENG Premier League,2024-2025,2024-12-04 19:30:00,2024-12-04 00:00:00,Southampton,Chelsea,1,5,A,1,3,A,6,26,4,13,5,7,1,0,1,0,T Harrington,8.5,5.25,1.33,8.39,5.64,1.34,9.0,6.0,1.37
20241204-arsenal-manchester-united,ENG Premier League,2024-2025,2024-12-04 20:15:00,2024-12-04 00:00:00,Arsenal,Manchester United,2,0,H,0,0,D,14,5,6,2,13,0,1,3,0,0,S Barrott,1.44,4.5,7.0,1.46,4.73,6.92,1.49,5.0,7.2
20241204-aston-villa-brentford,ENG Premier League,2024-2025,2024-12-04 20:15:00,2024-12-04 00:00:00,Aston Villa,Brentford,3,1,H,3,0,H,20,9,10,1,10,5,2,2,0,0,L Smith,1.8,3.75,4.33,1.8,4.01,4.24,1.84,4.21,4.53
20241205-fulham-brighton-hove-albion,ENG Premier League,2024-2025,2024-12-05 19:30:00,2024-12-05 00:00:00,Fulham,Brighton & Hove Albion,3,1,H,1,0,H,6,13,2,3,5,6,2,2,0,0,P Bankes,2.35,3.6,2.88,2.33,3.65,2.92,2.4,3.82,3.04
20241205-bournemouth-tottenham-hotspur,ENG Premier League,2024-2025,2024-12-05 20:15:00,2024-12-05 00:00:00,Bournemouth,Tottenham Hotspur,1,0,H,1,0,H,21,12,8,4,5,9,2,2,0,0,S Hooper,2.63,3.75,2.45,2.65,3.92,2.42,2.75,4.12,2.5
20241207-aston-villa-southampton,ENG Premier League,2024-2025,2024-12-07 15:00:00,2024-12-07 00:00:00,Aston Villa,Southampton,1,0,H,1,0,H,18,4,5,0,14,1,1,3,0,0,D Bond,1.36,5.5,7.0,1.37,5.41,7.78,1.39,5.6,8.1
20241207-brentford-newcastle-united,ENG Premier League,2024-2025,2024-12-07 15:00:00,2024-12-07 00:00:00,Brentford,Newcastle United,4,2,H,2,2,D,11,16,8,3,3,4,3,0,0,0,T Robinson,2.88,3.75,2.3,2.86,3.74,2.36,2.94,3.85,2.41
20241207-crystal-palace-manchester-city,ENG Premier League,2024-2025,2024-12-07 15:00:00,2024-12-07 00:00:00,Crystal Palace,Manchester City,2,2,D,1,1,D,12,12,3,4,6,8,1,0,0,1,R Jones,5.5,4.2,1.57,5.39,4.33,1.6,5.5,4.5,1.63
20241207-manchester-united-nottingham-forest,ENG Premier League,2024-2025,2024-12-07 17:30:00,2024-12-07 00:00:00,Manchester United,Nottingham Forest,2,3,A,1,1,D,17,11,7,3,5,3,0,2,0,0,D England,1.65,3.9,5.25,1.67,4.05,5.12,1.7,4.2,5.4
20241208-fulham-arsenal,ENG Premier League,2024-2025,2024-12-08 14:00:00,2024-12-08 00:00:00,Fulham,Arsenal,1,1,D,1,0,H,2,12,2,4,0,6,4,2,0,0,C Kavanagh,5.0,4.33,1.6,5.4,4.24,1.61,6.0,4.35,1.65
20241208-ipswich-town-bournemouth,ENG Premier League,2024-2025,2024-12-08 14:00:00,2024-12-08 00:00:00,Ipswich Town,Bournemouth,1,2,A,1,0,H,18,22,5,6,6,13,2,1,0,0,M Salisbury,3.5,3.75,2.0,3.57,3.73,2.02,3.71,3.8,2.06
20241208-leicester-city-brighton-hove-albion,ENG Premier League,2024-2025,2024-12-08 14:00:00,2024-12-08 00:00:00,Leicester City,Brighton & Hove Albion,2,2,D,0,1,A,10,16,3,7,5,5,1,2,0,0,S Attwell,4.5,3.8,1.73,4.48,4.02,1.75,4.69,4.2,1.8
20241208-tottenham-hotspur-chelsea,ENG Premier League,2024-2025,2024-12-08 16:30:00,2024-12-08 00:00:00,Tottenham Hotspur,Chelsea,3,4,A,2,1,H,13,17,5,8,5,10,2,2,0,0,A Taylor,3.4,3.9,2.0,3.21,4.04,2.07,3.4,4.2,2.17
20241209-west-ham-united-wolverhampton-wanderers,ENG Premier League,2024-2025,2024-12-09 20:00:00,2024-12-09 00:00:00,West Ham United,Wolverhampton Wanderers,2,1,H,0,0,D,19,19,4,5,11,0,5,4,0,0,J Brooks,1.9,3.9,3.75,1.91,3.85,3.81,1.96,3.95,4.0
20241214-arsenal-everton,ENG Premier League,2024-2025,2024-12-14 15:00:00,2024-12-14 00:00:00,Arsenal,Everton,0,0,D,0,0,D,13,2,5,0,8,2,0,3,0,0,C Pawson,1.22,6.5,12.0,1.23,6.33,13.36,1.26,6.63,15.0
20241214-liverpool-fulham,ENG Premier League,2024-2025,2024-12-14 15:00:00,2024-12-14 00:00:00,Liverpool,Fulham,2,2,D,0,1,A,16,12,4,3,5,4,3,4,1,0,T Harrington,1.33,5.5,8.0,1.32,5.75,8.89,1.34,6.04,10.0
20241214-newcastle-united-leicester-city,ENG Premier League,2024-2025,2024-12-14 15:00:00,2024-12-14 00:00:00,Newcastle United,Leicester City,4,0,H,1,0,H,27,4,11,1,5,2,3,3,0,0,T Bramall,1.3,6.0,8.5,1.31,5.83,9.08,1.34,6.06,10.0
20241214-wolverhampton-wanderers-ipswich-town,ENG Premier League,2024-2025,2024-12-14 15:00:00,2024-12-14 00:00:00,Wolverhampton Wanderers,Ipswich Town,1,2,A,0,1,A,16,10,6,5,7,3,0,2,1,0,S Hooper,1.9,3.8,3.8,1.9,3.83,3.85,1.93,3.96,4.0
20241214-nottingham-forest-aston-villa,ENG Premier League,2024-2025,2024-12-14 17:30:00,2024-12-14 00:00:00,Nottingham Forest,Aston Villa,2,1,H,0,0,D,17,8,6,2,4,3,0,1,0,0,S Barrott,2.63,3.3,2.7,2.64,3.39,2.68,2.68,3.59,2.78
20241215-brighton-hove-albion-crystal-palace,ENG Premier League,2024-2025,2024-12-15 14:00:00,2024-12-15 00:00:00,Brighton & Hove Albion,Crystal Palace,1,3,A,0,2,A,17,13,5,5,8,5,1,4,0,0,M Oliver,1.85,3.8,3.9,1.89,3.82,3.9,1.93,3.94,4.05
20241215-manchester-city-manchester-united,ENG Premier League,2024-2025,2024-12-15 16:30:00,2024-12-15 00:00:00,Manchester City,Manchester United,1,2,A,1,0,H,10,10,3,3,8,2,1,1,0,0,A Taylor,1.57,4.5,5.0,1.58,4.59,5.04,1.61,4.8,5.25
20241215-chelsea-brentford,ENG Premier League,2024-2025,2024-12-15 19:00:00,2024-12-15 00:00:00,Chelsea,Brentford,2,1,H,1,0,H,26,9,8,4,8,5,0,2,1,0,P Bankes,1.33,6.0,7.5,1.33,5.89,8.08,1.36,6.2,9.0
20241215-southampton-tottenham-hotspur,ENG Premier League,2024-2025,2024-12-15 19:00:00,2024-12-15 00:00:00,Southampton,Tottenham Hotspur,0,5,A,0,5,A,9,18,3,9,2,5,1,3,0,0,D England,4.33,4.5,1.67,4.29,4.47,1.69,4.47,4.68,1.73
20241216-bournemouth-west-ham-united,ENG Premier League,2024-2025,2024-12-16 20:00:00,2024-12-16 00:00:00,Bournemouth,West Ham United,1,1,D,0,0,D,29,16,9,3,12,6,0,2,0,0,C Kavanagh,1.7,4.0,4.75,1.71,4.19,4.43,1.75,4.4,4.75
20241221-aston-villa-manchester-city,ENG Premier League,2024-2025,2024-12-21 12:30:00,2024-12-21 00:00:00,Aston Villa,Manchester City,2,1,H,1,0,H,11,12,6,6,5,4,3,3,0,0,P Bankes,3.25,3.7,2.1,3.29,3.71,2.12,3.42,3.8,2.18
20241221-brentford-nottingham-forest,ENG Premier League,2024-2025,2024-12-21 15:00:00,2024-12-21 00:00:00,Brentford,Nottingham Forest,0,2,A,0,1,A,7,10,3,6,9,5,3,4,0,0,M Oliver,2.3,3.6,2.9,2.35,3.52,2.99,2.4,3.67,3.1
20241221-ipswich-town-newcastle-united,ENG Premier League,2024-2025,2024-12-21 15:00:00,2024-12-21 00:00:00,Ipswich Town,Newcastle United,0,4,A,0,3,A,10,15,2,7,2,1,2,0,0,0,S Attwell,4.75,3.75,1.73,4.61,3.95,1.74,4.75,4.06,1.77
20241221-west-ham-united-brighton-hove-albion,ENG Premier League,2024-2025,2024-12-21 15:00:00,2024-12-21 00:00:00,West Ham United,Brighton & Hove Albion,1,1,D,0,0,D,11,12,4,6,8,4,2,2,0,0,R Jones,2.88,3.7,2.35,2.8,3.75,2.38,2.88,3.87,2.43
20241221-crystal-palace-arsenal,ENG Premier League,2024-2025,2024-12-21 17:30:00,2024-12-21 00:00:00,Crystal Palace,Arsenal,1,5,A,1,3,A,15,14,6,6,3,3,2,2,0,0,S Hooper,6.25,4.2,1.55,6.08,4.11,1.57,6.8,4.33,1.61
20241222-everton-chelsea,ENG Premier League,2024-2025,2024-12-22 14:00:00,2024-12-22 00:00:00,Everton,Chelsea,0,0,D,0,0,D,5,12,4,5,2,5,4,1,0,0,C Kavanagh,5.0,4.2,1.62,5.18,4.13,1.63,5.52,4.33,1.67
20241222-fulham-southampton,ENG Premier League,2024-2025,2024-12-22 14:00:00,2024-12-22 00:00:00,Fulham,Southampton,0,0,D,0,0,D,16,5,5,1,6,5,1,3,0,0,T Robinson,1.42,4.75,7.0,1.42,4.96,7.21,1.45,5.1,7.6
20241222-leicester-city-wolverhampton-wanderers,ENG Premier League,2024-2025,2024-12-22 14:00:00,2024-12-22 00:00:00,Leicester City,Wolverhampton Wanderers,0,3,A,0,3,A,9,8,5,4,6,1,2,0,0,0,A Taylor,2.55,3.4,2.7,2.55,3.56,2.69,2.63,3.71,2.75
20241222-manchester-united-bournemouth,ENG Premier League,2024-2025,2024-12-22 14:00:00,2024-12-22 00:00:00,Manchester United,Bournemouth,0,3,A,0,1,A,23,10,7,5,13,1,1,3,0,0,C Pawson,1.8,3.8,4.2,1.85,3.88,4.07,1.89,4.06,4.25
20241222-tottenham-hotspur-liverpool,ENG Premier League,2024-2025,2024-12-22 16:30:00,2024-12-22 00:00:00,Tottenham Hotspur,Liverpool,3,6,A,1,3,A,9,24,5,12,7,5,1,2,0,0,S Barrott,4.5,4.0,1.73,4.29,4.33,1.72,4.5,4.64,1.76
20241226-manchester-city-everton,ENG Premier League,2024-2025,2024-12-26 12:30:00,2024-12-26 00:00:00,Manchester City,Everton,1,1,D,1,1,D,24,8,5,3,8,5,1,4,0,0,S Hooper,1.33,5.5,7.5,1.34,5.46,8.59,1.37,5.73,9.4
20241226-bournemouth-crystal-palace,ENG Premier League,2024-2025,2024-12-26 15:00:00,2024-12-26 00:00:00,Bournemouth,Crystal Palace,0,0,D,0,0,D,18,10,4,4,5,2,2,2,0,0,T Bramall,1.9,3.8,3.8,1.9,3.77,3.87,1.95,3.92,4.2
20241226-chelsea-fulham,ENG Premier League,2024-2025,2024-12-26 15:00:00,2024-12-26 00:00:00,Chelsea,Fulham,1,2,A,1,0,H,12,14,8,7,3,1,1,3,0,0,S Barrott,1.48,4.75,6.0,1.47,4.88,6.15,1.52,5.1,6.75
20241226-newcastle-united-aston-villa,ENG Premier League,2024-2025,2024-12-26 15:00:00,2024-12-26 00:00:00,Newcastle United,Aston Villa,3,0,H,1,0,H,22,4,8,1,9,6,2,1,0,1,A Taylor,1.91,3.8,3.75,1.93,3.91,3.66,1.97,4.02,3.8
20241226-nottingham-forest-tottenham-hotspur,ENG Premier League,2024-2025,2024-12-26 15:00:00,2024-12-26 00:00:00,Nottingham Forest,Tottenham Hotspur,1,0,H,1,0,H,10,13,3,4,2,7,3,2,0,1,C Pawson,2.3,3.75,2.88,2.35,3.74,2.82,2.42,3.85,2.9
20241226-southampton-west-ham-united,ENG Premier League,2024-2025,2024-12-26 15:00:00,2024-12-26 00:00:00,Southampton,West Ham United,0,1,A,0,0,D,18,16,5,2,2,2,1,2,0,0,L Smith,3.25,3.5,2.2,3.24,3.56,2.18,3.37,3.7,2.22
20241226-wolverhampton-wanderers-manchester-united,ENG Premier League,2024-2025,2024-12-26 17:30:00,2024-12-26 00:00:00,Wolverhampton Wanderers,Manchester United,2,0,H,0,0,D,7,11,4,4,4,4,2,2,0,1,T Harrington,3.9,3.7,1.91,3.8,3.7,1.94,3.99,3.8,2.0
20241226-liverpool-leicester-city,ENG Premier League,2024-2025,2024-12-26 20:00:00,2024-12-26 00:00:00,Liverpool,Leicester City,3,1,H,1,1,D,19,4,7,1,14,1,3,2,0,0,D Bond,1.08,12.0,23.0,1.08,12.4,25.35,1.1,13.84,34.0
20241227-brighton-hove-albion-brentford,ENG Premier League,2024-2025,2024-12-27 19:30:00,2024-12-27 00:00:00,Brighton & Hove Albion,Brentford,0,0,D,0,0,D,24,8,7,3,5,3,0,2,0,0,A Madley,1.62,4.33,4.75,1.64,4.44,4.89,1.66,4.64,5.1
20241227-arsenal-ipswich-town,ENG Premier League,2024-2025,2024-12-27 20:15:00,2024-12-27 00:00:00,Arsenal,Ipswich Town,1,0,H,1,0,H,13,3,5,0,5,1,1,1,0,0,D England,1.14,9.0,15.0,1.16,8.37,17.31,1.18,9.0,20.05
20241229-leicester-city-manchester-city,ENG Premier League,2024-2025,2024-12-29 14:30:00,2024-12-29 00:00:00,Leicester City,Manchester City,0,2,A,0,1,A,11,14,4,5,4,4,2,1,0,0,M Oliver,7.5,5.5,1.36,7.92,5.62,1.34,8.8,5.9,1.37
20241229-crystal-palace-southampton,ENG Premier League,2024-2025,2024-12-29 15:00:00,2024-12-29 00:00:00,Crystal Palace,Southampton,2,1,H,1,1,D,19,7,10,3,8,7,2,3,0,0,M Salisbury,1.57,3.9,5.5,1.61,4.11,5.42,1.66,4.25,5.8
20241229-everton-nottingham-forest,ENG Premier League,2024-2025,2024-12-29 15:00:00,2024-12-29 00:00:00,Everton,Nottingham Forest,0,2,A,0,1,A,13,11,2,7,5,4,4,1,0,0,T Harrington,2.6,3.2,2.8,2.64,3.16,2.83,2.71,3.24,2.9
20241229-fulham-bournemouth,ENG Premier League,2024-2025,2024-12-29 15:00:00,2024-12-29 00:00:00,Fulham,Bournemouth,2,2,D,1,0,H,11,16,6,9,1,7,1,3,0,0,R Jones,2.3,3.6,2.88,2.35,3.58,2.91,2.4,3.77,3.0
20241229-tottenham-hotspur-wolverhampton-wanderers,ENG Premier League,2024-2025,2024-12-29 15:00:00,2024-12-29 00:00:00,Tottenham Hotspur,Wolverhampton Wanderers,2,2,D,2,1,H,13,11,3,3,5,5,1,2,0,0,C Kavanagh,1.6,5.0,4.2,1.61,4.77,4.56,1.66,5.0,4.75
20241229-west-ham-united-liverpool,ENG Premier League,2024-2025,2024-12-29 17:15:00,2024-12-29 00:00:00,West Ham United,Liverpool,0,5,A,0,3,A,7,22,0,13,3,6,0,0,0,0,A Taylor,7.0,5.0,1.4,7.04,5.21,1.4,7.5,5.5,1.43
20241230-aston-villa-brighton-hove-albion,ENG Premier League,2024-2025,2024-12-30 19:45:00,2024-12-30 00:00:00,Aston Villa,Brighton & Hove Albion,2,2,D,1,1,D,20,13,4,4,12,3,2,3,0,0,C Pawson,1.9,3.8,3.6,1.94,3.86,3.61,1.99,4.02,3.8
20241230-ipswich-town-chelsea,ENG Premier League,2024-2025,2024-12-30 19:45:00,2024-12-30 00:00:00,Ipswich Town,Chelsea,2,0,H,1,0,H,9,20,6,5,4,7,4,4,0,0,J Brooks,6.5,4.75,1.42,6.87,5.02,1.41,7.83,5.4,1.46
20241230-manchester-united-newcastle-united,ENG Premier League,2024-2025,2024-12-30 20:00:00,2024-12-30 00:00:00,Manchester United,Newcastle United,0,2,A,0,2,A,10,12,0,4,2,3,1,1,0,0,S Hooper,2.75,3.5,2.55,2.7,3.61,2.49,2.8,3.81,2.55
20250101-brentford-arsenal,ENG Premier League,2024-2025,2025-01-01 17:30:00,2025-01-01 00:00:00,Brentford,Arsenal,1,3,A,1,1,D,5,14,2,5,4,3,1,2,0,0,P Bankes,6.5,4.75,1.44,6.67,4.8,1.44,7.2,5.0,1.49
20250104-tottenham-hotspur-newcastle-united,ENG Premier League,2024-2025,2025-01-04 12:30:00,2025-01-04 00:00:00,Tottenham Hotspur,Newcastle United,1,2,A,1,2,A,13,14,4,4,9,10,1,4,0,0,A Madley,2.88,3.8,2.25,2.88,3.94,2.24,3.0,4.06,2.31
20250104-aston-villa-leicester-city,ENG Premier League,2024-2025,2025-01-04 15:00:00,2025-01-04 00:00:00,Aston Villa,Leicester City,2,1,H,0,0,D,13,4,5,2,7,2,0,1,0,0,J Gillett,1.33,5.5,8.5,1.32,5.51,9.16,1.35,5.86,10.5
20250104-bournemouth-everton,ENG Premier League,2024-2025,2025-01-04 15:00:00,2025-01-04 00:00:00,Bournemouth,Everton,1,0,H,0,0,D,19,9,8,0,9,3,2,2,0,0,J Brooks,1.73,3.75,4.75,1.75,3.82,4.71,1.8,3.99,5.0
20250104-crystal-palace-chelsea,ENG Premier League,2024-2025,2025-01-04 15:00:00,2025-01-04 00:00:00,Crystal Palace,Chelsea,1,1,D,0,1,A,13,15,6,1,6,6,0,2,0,0,T Robinson,3.8,3.75,1.91,3.65,3.88,1.95,3.8,4.02,1.98
20250104-manchester-city-west-ham-united,ENG Premier League,2024-2025,2025-01-04 15:00:00,2025-01-04 00:00:00,Manchester City,West Ham United,4,1,H,2,0,H,10,17,7,4,7,1,2,1,0,0,M Salisbury,1.3,6.25,7.5,1.31,6.09,8.3,1.34,6.5,9.0
20250104-southampton-brentford,ENG Premier League,2024-2025,2025-01-04 15:00:00,2025-01-04 00:00:00,Southampton,Brentford,0,5,A,0,1,A,8,20,1,11,2,2,2,0,0,0,S Attwell,3.0,3.4,2.4,2.78,3.54,2.48,3.0,3.81,2.55
20250104-brighton-hove-albion-arsenal,ENG Premier League,2024-2025,2025-01-04 17:30:00,2025-01-04 00:00:00,Brighton & Hove Albion,Arsenal,1,1,D,0,1,A,11,9,4,3,2,5,2,3,0,0,A Taylor,4.33,3.75,1.8,4.36,3.83,1.8,4.7,4.01,1.84
20250105-fulham-ipswich-town,ENG Premier League,2024-2025,2025-01-05 14:00:00,2025-01-05 00:00:00,Fulham,Ipswich Town,2,2,D,0,1,A,15,7,4,3,9,2,1,5,0,0,D Bond,1.55,4.2,5.75,1.56,4.34,5.68,1.6,4.46,6.25
20250105-liverpool-manchester-united,ENG Premier League,2024-2025,2025-01-05 16:30:00,2025-01-05 00:00:00,Liverpool,Manchester United,2,2,D,0,0,D,19,13,6,4,6,9,2,4,0,0,M Oliver,1.29,6.25,8.0,1.29,6.05,9.49,1.3,6.5,11.0
20250106-wolverhampton-wanderers-nottingham-forest,ENG Premier League,2024-2025,2025-01-06 20:00:00,2025-01-06 00:00:00,Wolverhampton Wanderers,Nottingham Forest,0,3,A,0,2,A,13,11,6,3,5,3,1,2,0,0,P Bankes,3.3,3.2,2.3,3.22,3.22,2.33,3.44,3.35,2.42
20250114-brentford-manchester-city,ENG Premier League,2024-2025,2025-01-14 19:30:00,2025-01-14 00:00:00,Brentford,Manchester City,2,2,D,0,0,D,18,21,6,8,4,5,0,0,0,0,A Taylor,4.75,4.2,1.62,4.76,4.47,1.64,5.09,4.74,1.67
20250114-chelsea-bournemouth,ENG Premier League,2024-2025,2025-01-14 19:30:00,2025-01-14 00:00:00,Chelsea,Bournemouth,2,2,D,1,0,H,26,7,10,3,9,3,2,3,0,0,R Jones,1.48,4.75,6.0,1.5,4.81,5.92,1.61,4.99,6.4
20250114-west-ham-united-fulham,ENG Premier League,2024-2025,2025-01-14 19:30:00,2025-01-14 00:00:00,West Ham United,Fulham,3,2,H,2,0,H,4,21,3,5,0,3,3,3,0,0,C Pawson,3.0,3.4,2.38,2.97,3.43,2.41,3.05,3.54,2.49
20250114-nottingham-forest-liverpool,ENG Premier League,2024-2025,2025-01-14 20:00:00,2025-01-14 00:00:00,Nottingham Forest,Liverpool,1,1,D,1,0,H,6,23,3,7,0,9,2,1,0,0,C Kavanagh,5.25,4.1,1.62,5.14,4.16,1.64,5.4,4.38,1.67
20250115-everton-aston-villa,ENG Premier League,2024-2025,2025-01-15 19:30:00,2025-01-15 00:00:00,Everton,Aston Villa,0,1,A,0,0,D,10,11,3,3,8,5,2,1,0,0,S Barrott,3.25,3.2,2.3,3.2,3.24,2.35,3.3,3.35,2.39
20250115-leicester-city-crystal-palace,ENG Premier League,2024-2025,2025-01-15 19:30:00,2025-01-15 00:00:00,Leicester City,Crystal Palace,0,2,A,0,0,D,21,9,4,4,4,3,0,0,0,0,A Madley,3.9,3.6,1.91,3.88,3.73,1.92,4.01,3.94,1.96
20250115-newcastle-united-wolverhampton-wanderers,ENG Premier League,2024-2025,2025-01-15 19:30:00,2025-01-15 00:00:00,Newcastle United,Wolverhampton Wanderers,3,0,H,1,0,H,17,13,5,7,4,2,0,2,0,0,D England,1.36,5.5,8.0,1.35,5.54,8.08,1.38,5.9,9.0
20250115-arsenal-tottenham-hotspur,ENG Premier League,2024-2025,2025-01-15 20:00:00,2025-01-15 00:00:00,Arsenal,Tottenham Hotspur,2,1,H,2,1,H,14,10,4,2,10,4,3,1,0,0,S Hooper,1.4,5.25,7.0,1.4,5.29,6.86,1.43,5.6,7.23
20250116-ipswich-town-brighton-hove-albion,ENG Premier League,2024-2025,2025-01-16 19:30:00,2025-01-16 00:00:00,Ipswich Town,Brighton & Hove Albion,0,2,A,0,0,D,5,11,3,5,1,9,2,2,0,0,T Harrington,3.9,3.7,1.91,3.8,3.73,1.94,3.9,3.92,1.98
20250116-manchester-united-southampton,ENG Premier League,2024-2025,2025-01-16 20:00:00,2025-01-16 00:00:00,Manchester United,Southampton,3,1,H,0,1,A,23,13,9,5,5,4,1,3,0,0,J Brooks,1.29,6.0,9.5,1.3,5.79,9.4,1.33,6.0,10.5
20250118-newcastle-united-bournemouth,ENG Premier League,2024-2025,2025-01-18 12:30:00,2025-01-18 00:00:00,Newcastle United,Bournemouth,1,4,A,1,2,A,13,19,5,10,7,6,1,6,0,0,S Attwell,1.62,4.2,5.0,1.64,4.3,4.93,1.67,4.49,5.2
20250118-brentford-liverpool,ENG Premier League,2024-2025,2025-01-18 15:00:00,2025-01-18 00:00:00,Brentford,Liverpool,0,2,A,0,0,D,11,37,6,8,2,15,2,3,0,0,A Madley,6.5,5.0,1.42,6.43,5.15,1.43,7.0,5.35,1.49
20250118-leicester-city-fulham,ENG Premier League,2024-2025,2025-01-18 15:00:00,2025-01-18 00:00:00,Leicester City,Fulham,0,2,A,0,0,D,8,17,4,2,5,2,3,1,0,0,M Salisbury,4.33,3.7,1.8,4.17,3.81,1.84,4.4,4.05,1.9
20250118-west-ham-united-crystal-palace,ENG Premier League,2024-2025,2025-01-18 15:00:00,2025-01-18 00:00:00,West Ham United,Crystal Palace,0,2,A,0,0,D,7,12,0,7,2,4,1,0,1,0,T Bramall,2.6,3.5,2.63,2.62,3.41,2.69,2.71,3.53,2.75
20250118-arsenal-aston-villa,ENG Premier League,2024-2025,2025-01-18 17:30:00,2025-01-18 00:00:00,Arsenal,Aston Villa,2,2,D,1,0,H,18,8,6,4,10,1,2,3,0,0,C Kavanagh,1.5,4.1,7.0,1.51,4.35,6.45,1.55,4.5,7.0
20250119-everton-tottenham-hotspur,ENG Premier League,2024-2025,2025-01-19 14:00:00,2025-01-19 00:00:00,Everton,Tottenham Hotspur,3,2,H,3,0,H,12,11,6,6,3,8,2,1,0,0,D England,2.8,3.5,2.45,2.91,3.51,2.41,3.0,3.77,2.5
20250119-manchester-united-brighton-hove-albion,ENG Premier League,2024-2025,2025-01-19 14:00:00,2025-01-19 00:00:00,Manchester United,Brighton & Hove Albion,1,3,A,1,1,D,10,6,1,3,4,2,3,3,0,0,P Bankes,2.1,3.6,3.3,2.09,3.71,3.36,2.13,3.85,3.5
20250119-nottingham-forest-southampton,ENG Premier League,2024-2025,2025-01-19 14:00:00,2025-01-19 00:00:00,Nottingham Forest,Southampton,3,2,H,3,0,H,14,10,5,4,2,8,0,4,0,0,A Taylor,1.38,4.75,8.0,1.39,4.86,8.03,1.42,5.1,8.5
20250119-ipswich-town-manchester-city,ENG Premier League,2024-2025,2025-01-19 16:30:00,2025-01-19 00:00:00,Ipswich Town,Manchester City,0,6,A,0,3,A,8,17,4,9,4,7,0,1,0,0,S Barrott,7.5,5.25,1.36,7.72,5.36,1.36,9.0,5.6,1.41
20250120-chelsea-wolverhampton-wanderers,ENG Premier League,2024-2025,2025-01-20 20:00:00,2025-01-20 00:00:00,Chelsea,Wolverhampton Wanderers,3,1,H,1,1,D,19,9,7,4,3,6,4,2,0,0,S Hooper,1.36,5.75,6.5,1.37,5.51,7.3,1.41,5.8,8.5
20250125-bournemouth-nottingham-forest,ENG Premier League,2024-2025,2025-01-25 15:00:00,2025-01-25 00:00:00,Bournemouth,Nottingham Forest,5,0,H,1,0,H,16,18,10,4,3,9,2,3,0,0,C Pawson,2.05,3.7,3.4,2.09,3.64,3.42,2.14,3.75,3.5
20250125-brighton-hove-albion-everton,ENG Premier League,2024-2025,2025-01-25 15:00:00,2025-01-25 00:00:00,Brighton & Hove Albion,Everton,0,1,A,0,1,A,16,3,1,1,9,1,3,4,0,0,T Robinson,1.67,3.75,5.5,1.67,3.86,5.39,1.7,4.04,5.72
20250125-liverpool-ipswich-town,ENG Premier League,2024-2025,2025-01-25 15:00:00,2025-01-25 00:00:00,Liverpool,Ipswich Town,4,1,H,3,0,H,16,3,6,3,3,4,0,2,0,0,M Salisbury,1.08,12.0,15.0,1.1,11.04,20.87,1.13,13.0,27.0
20250125-southampton-newcastle-united,ENG Premier League,2024-2025,2025-01-25 15:00:00,2025-01-25 00:00:00,Southampton,Newcastle United,1,3,A,1,2,A,12,17,5,9,3,8,1,0,0,0,S Barrott,6.5,5.25,1.42,6.82,5.09,1.42,7.5,5.3,1.47
20250125-wolverhampton-wanderers-arsenal,ENG Premier League,2024-2025,2025-01-25 15:00:00,2025-01-25 00:00:00,Wolverhampton Wanderers,Arsenal,0,1,A,0,0,D,9,9,4,3,1,5,0,1,1,1,M Oliver,7.0,4.5,1.45,6.85,4.65,1.46,7.5,4.8,1.5
20250125-manchester-city-chelsea,ENG Premier League,2024-2025,2025-01-25 17:30:00,2025-01-25 00:00:00,Manchester City,Chelsea,3,1,H,1,1,D,15,10,6,4,2,4,3,2,0,0,J Brooks,2.05,4.0,3.3,2.03,4.03,3.29,2.08,4.22,3.4
20250126-crystal-palace-brentford,ENG Premier League,2024-2025,2025-01-26 14:00:00,2025-01-26 00:00:00,Crystal Palace,Brentford,1,2,A,0,0,D,16,13,5,6,4,7,2,2,0,0,T Harrington,2.05,3.75,3.3,2.06,3.68,3.47,2.09,3.82,3.62
20250126-tottenham-hotspur-leicester-city,ENG Premier League,2024-2025,2025-01-26 14:00:00,2025-01-26 00:00:00,Tottenham Hotspur,Leicester City,1,2,A,1,0,H,15,12,6,3,6,4,1,5,0,0,R Jones,1.45,5.5,5.5,1.46,5.21,5.89,1.49,5.5,6.25
20250126-aston-villa-west-ham-united,ENG Premier League,2024-2025,2025-01-26 16:30:00,2025-01-26 00:00:00,Aston Villa,West Ham United,1,1,D,1,0,H,14,14,4,4,4,3,2,3,0,0,P Bankes,1.53,4.33,5.75,1.55,4.39,5.81,1.58,4.6,6.0
20250126-fulham-manchester-united,ENG Premier League,2024-2025,2025-01-26 19:00:00,2025-01-26 00:00:00,Fulham,Manchester United,0,1,A,0,0,D,9,4,3,1,3,0,0,1,0,0,A Taylor,2.3,3.4,3.1,2.31,3.44,3.1,2.38,3.65,3.18
20250201-nottingham-forest-brighton-hove-albion,ENG Premier League,2024-2025,2025-02-01 12:30:00,2025-02-01 00:00:00,Nottingham Forest,Brighton & Hove Albion,7,0,H,3,0,H,14,10,9,5,4,6,1,3,0,0,S Hooper,2.38,3.5,2.8,2.44,3.46,2.89,2.48,3.57,2.99
20250201-bournemouth-liverpool,ENG Premier League,2024-2025,2025-02-01 15:00:00,2025-02-01 00:00:00,Bournemouth,Liverpool,0,2,A,0,1,A,14,19,3,7,3,3,2,3,0,0,D England,4.5,4.33,1.67,4.56,4.32,1.68,4.75,4.48,1.71
20250201-everton-leicester-city,ENG Premier League,2024-2025,2025-02-01 15:00:00,2025-02-01 00:00:00,Everton,Leicester City,4,0,H,3,0,H,13,9,7,1,5,6,0,0,0,0,D Bond,1.75,3.75,4.5,1.79,3.67,4.67,1.81,3.85,5.0
20250201-ipswich-town-southampton,ENG Premier League,2024-2025,2025-02-01 15:00:00,2025-02-01 00:00:00,Ipswich Town,Southampton,1,2,A,1,1,D,15,9,6,4,1,2,0,3,0,0,M Oliver,1.95,3.6,3.8,1.98,3.67,3.74,2.02,3.9,3.95
20250201-newcastle-united-fulham,ENG Premier League,2024-2025,2025-02-01 15:00:00,2025-02-01 00:00:00,Newcastle United,Fulham,1,2,A,1,0,H,11,15,4,4,4,7,4,4,0,0,C Kavanagh,1.7,4.0,4.75,1.71,4.07,4.66,1.73,4.25,5.1
20250201-wolverhampton-wanderers-aston-villa,ENG Premier League,2024-2025,2025-02-01 17:30:00,2025-02-01 00:00:00,Wolverhampton Wanderers,Aston Villa,2,0,H,1,0,H,8,10,5,3,5,8,2,3,0,0,A Madley,3.3,3.6,2.1,3.36,3.58,2.14,3.5,3.81,2.18
20250202-brentford-tottenham-hotspur,ENG Premier League,2024-2025,2025-02-02 14:00:00,2025-02-02 00:00:00,Brentford,Tottenham Hotspur,0,2,A,0,1,A,20,13,4,2,10,3,0,1,0,0,J Gillett,2.1,3.9,3.2,2.11,3.97,3.1,2.16,4.33,3.25
20250202-manchester-united-crystal-palace,ENG Premier League,2024-2025,2025-02-02 14:00:00,2025-02-02 00:00:00,Manchester United,Crystal Palace,0,2,A,0,0,D,17,11,2,3,11,0,3,1,0,0,J Brooks,2.0,3.5,3.8,2.04,3.48,3.71,2.08,3.59,3.85
20250202-arsenal-manchester-city,ENG Premier League,2024-2025,2025-02-02 16:30:00,2025-02-02 00:00:00,Arsenal,Manchester City,5,1,H,1,0,H,12,7,7,4,5,2,2,0,0,0,P Bankes,1.95,3.5,4.0,1.97,3.58,3.83,2.01,3.75,4.08
20250203-chelsea-west-ham-united,ENG Premier League,2024-2025,2025-02-03 20:00:00,2025-02-03 00:00:00,Chelsea,West Ham United,2,1,H,0,1,A,22,14,3,5,4,3,3,1,0,0,S Attwell,1.36,4.75,8.0,1.36,5.54,7.58,1.39,5.92,8.0
20250212-everton-liverpool,ENG Premier League,2024-2025,2025-02-12 19:30:00,2025-02-12 00:00:00,Everton,Liverpool,2,2,D,1,1,D,10,6,3,4,2,3,2,2,1,1,M Oliver,7.5,4.5,1.44,7.36,4.71,1.44,8.0,4.9,1.46
20250214-brighton-hove-albion-chelsea,ENG Premier League,2024-2025,2025-02-14 20:00:00,2025-02-14 00:00:00,Brighton & Hove Albion,Chelsea,3,0,H,2,0,H,13,8,5,0,2,9,1,2,0,0,K Kavanagh,2.7,3.6,2.45,2.85,3.6,2.43,3.0,3.83,2.51
20250215-leicester-city-arsenal,ENG Premier League,2024-2025,2025-02-15 12:30:00,2025-02-15 00:00:00,Leicester City,Arsenal,0,2,A,0,0,D,6,11,2,5,3,7,2,1,0,0,S Barrott,8.5,5.0,1.33,9.45,5.29,1.34,10.5,5.6,1.36
20250215-aston-villa-ipswich-town,ENG Premier League,2024-2025,2025-02-15 15:00:00,2025-02-15 00:00:00,Aston Villa,Ipswich Town,1,1,D,0,0,D,25,4,6,3,16,1,0,3,0,1,R Jones,1.4,4.75,7.0,1.41,4.96,7.45,1.43,5.2,8.2
20250215-fulham-nottingham-forest,ENG Premier League,2024-2025,2025-02-15 15:00:00,2025-02-15 00:00:00,Fulham,Nottingham Forest,2,1,H,1,1,D,24,8,10,2,8,4,0,0,0,0,T Bramall,2.2,3.4,3.3,2.22,3.35,3.39,2.28,3.48,3.52
20250215-manchester-city-newcastle-united,ENG Premier League,2024-2025,2025-02-15 15:00:00,2025-02-15 00:00:00,Manchester City,Newcastle United,4,0,H,3,0,H,11,3,7,1,7,4,0,1,0,0,A Madley,1.95,4.2,3.3,1.97,4.07,3.44,2.01,4.2,3.55
20250215-southampton-bournemouth,ENG Premier League,2024-2025,2025-02-15 15:00:00,2025-02-15 00:00:00,Southampton,Bournemouth,1,3,A,0,2,A,11,14,4,7,4,6,1,3,0,0,J Gillett,6.0,4.5,1.5,5.83,4.64,1.52,6.2,4.9,1.55
20250215-west-ham-united-brentford,ENG Premier League,2024-2025,2025-02-15 15:00:00,2025-02-15 00:00:00,West Ham United,Brentford,0,1,A,0,1,A,13,14,3,5,9,2,1,1,0,0,D England,2.35,3.6,2.88,2.41,3.64,2.82,2.49,3.77,2.9
20250215-crystal-palace-everton,ENG Premier League,2024-2025,2025-02-15 17:30:00,2025-02-15 00:00:00,Crystal Palace,Everton,1,2,A,0,1,A,17,11,6,6,6,2,0,1,0,0,A Taylor,1.8,3.4,5.0,1.81,3.45,4.94,1.87,3.57,5.3
20250216-liverpool-wolverhampton-wanderers,ENG Premier League,2024-2025,2025-02-16 14:00:00,2025-02-16 00:00:00,Liverpool,Wolverhampton Wanderers,2,1,H,2,0,H,10,16,3,4,4,3,2,2,0,0,S Hooper,1.15,8.0,12.0,1.19,7.85,12.84,1.21,8.5,15.0
20250216-tottenham-hotspur-manchester-united,ENG Premier League,2024-2025,2025-02-16 16:30:00,2025-02-16 00:00:00,Tottenham Hotspur,Manchester United,1,0,H,1,0,H,22,16,7,6,10,5,1,2,0,0,P Bankes,2.45,3.75,2.62,2.45,3.73,2.69,2.51,3.85,2.8
20250219-aston-villa-liverpool,ENG Premier League,2024-2025,2025-02-19 19:30:00,2025-02-19 00:00:00,Aston Villa,Liverpool,2,2,D,2,1,H,9,17,4,3,6,8,1,0,0,0,C Pawson,3.9,4.0,1.83,3.93,4.0,1.85,4.1,4.17,1.9
20250221-leicester-city-brentford,ENG Premier League,2024-2025,2025-02-21 20:00:00,2025-02-21 00:00:00,Leicester City,Brentford,0,4,A,0,3,A,8,14,3,6,5,6,4,0,0,0,T Harrington,3.6,3.8,1.91,3.7,3.86,1.96,3.81,4.01,2.0
20250222-everton-manchester-united,ENG Premier League,2024-2025,2025-02-22 12:30:00,2025-02-22 00:00:00,Everton,Manchester United,2,2,D,2,0,H,9,9,8,3,7,9,4,1,0,0,A Madley,2.5,3.2,2.9,2.55,3.2,2.96,2.61,3.3,3.05
20250222-arsenal-west-ham-united,ENG Premier League,2024-2025,2025-02-22 15:00:00,2025-02-22 00:00:00,Arsenal,West Ham United,0,1,A,0,1,A,20,5,2,2,2,0,1,3,1,0,C Pawson,1.27,6.0,10.0,1.25,6.2,11.63,1.27,6.7,13.0
20250222-bournemouth-wolverhampton-wanderers,ENG Premier League,2024-2025,2025-02-22 15:00:00,2025-02-22 00:00:00,Bournemouth,Wolverhampton Wanderers,0,1,A,0,1,A,8,13,3,5,6,7,3,3,1,0,M Salisbury,1.53,4.5,5.5,1.56,4.45,5.5,1.6,4.6,5.8
20250222-fulham-crystal-palace,ENG Premier League,2024-2025,2025-02-22 15:00:00,2025-02-22 00:00:00,Fulham,Crystal Palace,0,2,A,0,1,A,10,10,0,5,7,7,1,3,0,0,R Jones,2.05,3.4,3.7,2.05,3.48,3.74,2.08,3.61,3.89
20250222-ipswich-town-tottenham-hotspur,ENG Premier League,2024-2025,2025-02-22 15:00:00,2025-02-22 00:00:00,Ipswich Town,Tottenham Hotspur,1,4,A,1,2,A,17,10,5,6,4,4,2,1,0,0,T Robinson,4.1,3.6,1.9,3.87,3.89,1.89,4.1,4.05,1.93
20250222-southampton-brighton-hove-albion,ENG Premier League,2024-2025,2025-02-22 15:00:00,2025-02-22 00:00:00,Southampton,Brighton & Hove Albion,0,4,A,0,1,A,6,18,1,12,5,6,2,0,0,0,D Bond,6.0,4.1,1.55,5.52,4.38,1.57,6.0,4.6,1.61
20250222-aston-villa-chelsea,ENG Premier League,2024-2025,2025-02-22 17:30:00,2025-02-22 00:00:00,Aston Villa,Chelsea,2,1,H,0,1,A,12,15,6,7,2,3,1,3,0,0,M Oliver,2.63,3.4,2.6,2.62,3.7,2.56,2.67,3.84,2.63
20250223-newcastle-united-nottingham-forest,ENG Premier League,2024-2025,2025-02-23 14:00:00,2025-02-23 00:00:00,Newcastle United,Nottingham Forest,4,3,H,4,1,H,13,17,5,5,7,6,1,4,0,0,J Gillett,1.8,3.8,4.2,1.81,3.96,4.11,1.85,4.12,4.5
20250223-manchester-city-liverpool,ENG Premier League,2024-2025,2025-02-23 16:30:00,2025-02-23 00:00:00,Manchester City,Liverpool,0,2,A,0,2,A,16,8,5,4,7,5,0,0,0,0,A Taylor,2.88,3.8,2.25,2.9,3.86,2.26,3.0,3.97,2.3
20250225-brighton-hove-albion-bournemouth,ENG Premier League,2024-2025,2025-02-25 19:30:00,2025-02-25 00:00:00,Brighton & Hove Albion,Bournemouth,2,1,H,1,0,H,11,19,4,5,1,9,2,1,0,0,M Oliver,2.0,3.8,3.3,2.06,3.81,3.43,2.11,3.96,3.58
20250225-crystal-palace-aston-villa,ENG Premier League,2024-2025,2025-02-25 19:30:00,2025-02-25 00:00:00,Crystal Palace,Aston Villa,4,1,H,1,0,H,19,6,6,2,3,8,3,1,0,0,S Barrott,2.45,3.4,2.8,2.55,3.38,2.83,2.61,3.45,2.91
20250225-wolverhampton-wanderers-fulham,ENG Premier League,2024-2025,2025-02-25 19:30:00,2025-02-25 00:00:00,Wolverhampton Wanderers,Fulham,1,2,A,1,1,D,18,11,5,5,7,5,1,3,0,0,P Bankes,2.63,3.3,2.63,2.71,3.34,2.69,2.75,3.45,2.75
20250225-chelsea-southampton,ENG Premier League,2024-2025,2025-02-25 20:15:00,2025-02-25 00:00:00,Chelsea,Southampton,4,0,H,3,0,H,19,7,10,2,4,2,1,2,0,0,T Bramall,1.17,8.0,13.0,1.17,8.55,14.69,1.19,9.4,16.5
20250226-brentford-everton,ENG Premier League,2024-2025,2025-02-26 19:30:00,2025-02-26 00:00:00,Brentford,Everton,1,1,D,1,0,H,12,14,3,4,2,5,2,1,0,0,S Hooper,2.0,3.7,3.5,2.02,3.68,3.59,2.06,3.82,3.67
20250226-manchester-united-ipswich-town,ENG Premier League,2024-2025,2025-02-26 19:30:00,2025-02-26 00:00:00,Manchester United,Ipswich Town,3,2,H,2,2,D,10,12,6,3,5,6,4,4,1,0,D England,1.53,4.33,6.0,1.52,4.55,5.83,1.56,4.75,6.5
20250226-nottingham-forest-arsenal,ENG Premier League,2024-2025,2025-02-26 19:30:00,2025-02-26 00:00:00,Nottingham Forest,Arsenal,0,0,D,0,0,D,6,13,2,1,3,11,1,1,0,0,A Madley,3.9,3.6,1.95,3.94,3.48,1.98,4.1,3.6,2.02
20250226-tottenham-hotspur-manchester-city,ENG Premier League,2024-2025,2025-02-26 19:30:00,2025-02-26 00:00:00,Tottenham Hotspur,Manchester City,0,1,A,0,1,A,11,12,6,5,8,3,3,0,0,0,J Gillett,3.25,4.0,2.0,3.22,4.09,2.04,3.35,4.25,2.1
20250226-liverpool-newcastle-united,ENG Premier League,2024-2025,2025-02-26 20:15:00,2025-02-26 00:00:00,Liverpool,Newcastle United,2,0,H,1,0,H,12,3,3,0,4,2,0,1,0,0,C Kavanagh,1.5,4.5,5.75,1.52,4.77,5.64,1.54,5.0,6.1
20250227-west-ham-united-leicester-city,ENG Premier League,2024-2025,2025-02-27 20:00:00,2025-02-27 00:00:00,West Ham United,Leicester City,2,0,H,2,0,H,8,10,2,2,3,3,0,0,0,0,S Attwell,1.62,4.2,5.0,1.63,4.15,5.17,1.65,4.33,5.4
20250308-nottingham-forest-manchester-city,ENG Premier League,2024-2025,2025-03-08 12:30:00,2025-03-08 00:00:00,Nottingham Forest,Manchester City,1,0,H,0,0,D,9,14,4,3,3,2,3,2,0,0,C Kavanagh,4.0,3.75,1.85,3.88,3.89,1.89,4.02,4.02,1.92
20250308-brighton-hove-albion-fulham,ENG Premier League,2024-2025,2025-03-08 15:00:00,2025-03-08 00:00:00,Brighton & Hove Albion,Fulham,2,1,H,1,1,D,9,6,4,1,3,7,0,2,0,0,S Barrott,1.95,3.6,3.75,1.99,3.62,3.77,2.04,3.75,3.98
20250308-crystal-palace-ipswich-town,ENG Premier League,2024-2025,2025-03-08 15:00:00,2025-03-08 00:00:00,Crystal Palace,Ipswich Town,1,0,H,0,0,D,19,15,4,8,5,4,4,3,0,0,S Hooper,1.45,4.75,6.25,1.48,4.55,6.74,1.5,4.75,7.2
20250308-liverpool-southampton,ENG Premier League,2024-2025,2025-03-08 15:00:00,2025-03-08 00:00:00,Liverpool,Southampton,3,1,H,0,1,A,28,6,7,4,6,4,2,1,0,0,L Smith,1.1,9.0,19.0,1.12,9.97,19.5,1.14,11.3,25.0
20250308-brentford-aston-villa,ENG Premier League,2024-2025,2025-03-08 17:30:00,2025-03-08 00:00:00,Brentford,Aston Villa,0,1,A,0,0,D,13,12,3,4,6,5,2,2,0,0,J Gillett,2.2,3.8,2.9,2.26,3.8,2.95,2.29,3.99,3.08
20250308-wolverhampton-wanderers-everton,ENG Premier League,2024-2025,2025-03-08 20:00:00,2025-03-08 00:00:00,Wolverhampton Wanderers,Everton,1,1,D,1,1,D,11,12,3,4,5,5,2,2,0,0,S Attwell,2.6,3.1,2.88,2.63,3.14,2.87,2.71,3.31,2.95
20250309-chelsea-leicester-city,ENG Premier League,2024-2025,2025-03-09 14:00:00,2025-03-09 00:00:00,Chelsea,Leicester City,1,0,H,0,0,D,20,3,7,3,12,2,1,0,0,0,T Robinson,1.18,8.0,12.0,1.2,7.67,12.34,1.22,8.4,15.5
20250309-tottenham-hotspur-bournemouth,ENG Premier League,2024-2025,2025-03-09 14:00:00,2025-03-09 00:00:00,Tottenham Hotspur,Bournemouth,2,2,D,0,1,A,12,17,4,8,3,6,3,3,0,0,J Brooks,2.7,3.9,2.35,2.71,3.88,2.4,2.79,3.98,2.45
20250309-manchester-united-arsenal,ENG Premier League,2024-2025,2025-03-09 16:30:00,2025-03-09 00:00:00,Manchester United,Arsenal,1,1,D,1,0,H,10,17,6,6,2,9,0,1,0,0,A Taylor,5.75,3.5,1.7,5.41,3.58,1.72,6.0,3.81,1.75
20250310-west-ham-united-newcastle-united,ENG Premier League,2024-2025,2025-03-10 20:00:00,2025-03-10 00:00:00,West Ham United,Newcastle United,0,1,A,0,0,D,9,9,2,3,3,4,0,1,0,0,M Salisbury,3.25,3.4,2.2,3.21,3.57,2.19,3.34,3.83,2.23
20250315-everton-west-ham-united,ENG Premier League,2024-2025,2025-03-15 15:00:00,2025-03-15 00:00:00,Everton,West Ham United,1,1,D,0,0,D,13,10,5,5,6,5,1,2,0,0,D Bond,2.05,3.2,3.9,2.11,3.27,3.81,2.17,3.35,3.97
20250315-ipswich-town-nottingham-forest,ENG Premier League,2024-2025,2025-03-15 15:00:00,2025-03-15 00:00:00,Ipswich Town,Nottingham Forest,2,4,A,0,3,A,11,11,4,6,6,3,1,1,0,0,M Salisbury,3.75,3.5,2.0,3.8,3.59,1.99,3.93,3.71,2.05
20250315-manchester-city-brighton-hove-albion,ENG Premier League,2024-2025,2025-03-15 15:00:00,2025-03-15 00:00:00,Manchester City,Brighton & Hove Albion,2,2,D,2,1,H,11,15,3,3,4,5,2,5,0,0,S Hooper,1.67,4.33,4.5,1.66,4.45,4.63,1.7,4.7,4.89
20250315-southampton-wolverhampton-wanderers,ENG Premier League,2024-2025,2025-03-15 15:00:00,2025-03-15 00:00:00,Southampton,Wolverhampton Wanderers,1,2,A,0,1,A,10,5,3,3,5,1,0,0,0,0,R Jones,3.7,3.4,2.0,3.63,3.51,2.06,3.85,3.65,2.11
20250315-bournemouth-brentford,ENG Premier League,2024-2025,2025-03-15 17:30:00,2025-03-15 00:00:00,Bournemouth,Brentford,1,2,A,1,1,D,17,10,5,4,4,3,3,0,0,0,C Pawson,1.73,4.2,4.2,1.76,4.16,4.25,1.8,4.3,4.4
20250316-arsenal-chelsea,ENG Premier League,2024-2025,2025-03-16 13:30:00,2025-03-16 00:00:00,Arsenal,Chelsea,1,0,H,1,0,H,12,8,4,2,5,4,3,3,0,0,C Kavanagh,1.8,3.6,4.5,1.81,3.74,4.44,1.85,3.91,4.6
20250316-fulham-tottenham-hotspur,ENG Premier League,2024-2025,2025-03-16 13:30:00,2025-03-16 00:00:00,Fulham,Tottenham Hotspur,2,0,H,0,0,D,13,12,4,4,6,5,0,0,0,0,A Madley,2.0,3.75,3.6,2.01,3.84,3.48,2.1,4.04,3.65
20250316-leicester-city-manchester-united,ENG Premier League,2024-2025,2025-03-16 19:00:00,2025-03-16 00:00:00,Leicester City,Manchester United,0,3,A,0,1,A,11,18,3,5,6,4,2,0,0,0,T Bramall,4.5,3.5,1.83,4.21,3.76,1.84,4.5,3.91,1.87
20250401-arsenal-fulham,ENG Premier League,2024-2025,2025-04-01 19:45:00,2025-04-01 00:00:00,Arsenal,Fulham,2,1,H,1,0,H,17,9,4,3,5,4,1,2,0,0,J Brooks,1.48,4.33,7.0,1.48,4.2,7.73,1.52,4.5,9.0
20250401-wolverhampton-wanderers-west-ham-united,ENG Premier League,2024-2025,2025-04-01 19:45:00,2025-04-01 00:00:00,Wolverhampton Wanderers,West Ham United,1,0,H,1,0,H,9,10,2,1,1,2,4,2,0,0,T Harrington,2.5,3.2,2.9,2.57,3.2,2.92,2.63,3.3,3.1
20250401-nottingham-forest-manchester-united,ENG Premier League,2024-2025,2025-04-01 20:00:00,2025-04-01 00:00:00,Nottingham Forest,Manchester United,1,0,H,1,0,H,8,23,2,6,3,10,1,3,0,0,J Gillett,2.3,3.4,3.1,2.32,3.42,3.13,2.45,3.59,3.28
20250402-bournemouth-ipswich-town,ENG Premier League,2024-2025,2025-04-02 19:45:00,2025-04-02 00:00:00,Bournemouth,Ipswich Town,1,2,A,0,1,A,24,10,7,2,8,3,1,2,0,0,R Jones,1.36,5.25,7.5,1.38,5.23,7.72,1.41,5.5,8.0
20250402-brighton-hove-albion-aston-villa,ENG Premier League,2024-2025,2025-04-02 19:45:00,2025-04-02 00:00:00,Brighton & Hove Albion,Aston Villa,0,3,A,0,0,D,11,8,4,5,4,0,1,3,0,0,S Attwell,2.05,3.8,3.25,2.09,3.81,3.27,2.15,3.97,3.35
20250402-manchester-city-leicester-city,ENG Premier League,2024-2025,2025-04-02 19:45:00,2025-04-02 00:00:00,Manchester City,Leicester City,2,0,H,2,0,H,18,2,5,0,5,0,1,4,0,0,D England,1.2,8.0,10.0,1.2,7.61,12.4,1.22,8.2,15.0
20250402-newcastle-united-brentford,ENG Premier League,2024-2025,2025-04-02 19:45:00,2025-04-02 00:00:00,Newcastle United,Brentford,2,1,H,1,0,H,21,12,4,3,4,5,1,1,0,0,P Bankes,1.73,4.5,4.0,1.73,4.31,4.21,1.75,4.5,4.4
20250402-southampton-crystal-palace,ENG Premier League,2024-2025,2025-04-02 19:45:00,2025-04-02 00:00:00,Southampton,Crystal Palace,1,1,D,1,0,H,8,9,2,3,2,2,2,1,0,0,A Madley,5.75,3.8,1.62,5.5,4.01,1.62,5.8,4.28,1.65
20250402-liverpool-everton,ENG Premier League,2024-2025,2025-04-02 20:00:00,2025-04-02 00:00:00,Liverpool,Everton,1,0,H,0,0,D,17,5,3,0,11,5,2,2,0,0,S Barrott,1.36,5.0,8.0,1.36,5.02,8.78,1.4,5.3,9.5
20250403-chelsea-tottenham-hotspur,ENG Premier League,2024-2025,2025-04-03 20:00:00,2025-04-03 00:00:00,Chelsea,Tottenham Hotspur,1,0,H,0,0,D,11,8,5,2,4,6,5,5,0,0,C Pawson,1.65,4.5,4.5,1.64,4.5,4.57,1.67,4.69,4.75
20250405-everton-arsenal,ENG Premier League,2024-2025,2025-04-05 12:30:00,2025-04-05 00:00:00,Everton,Arsenal,1,1,D,0,1,A,5,14,2,5,3,8,3,1,0,0,D England,5.25,3.25,1.75,5.15,3.44,1.78,5.6,3.6,1.81
20250405-crystal-palace-brighton-hove-albion,ENG Premier League,2024-2025,2025-04-05 15:00:00,2025-04-05 00:00:00,Crystal Palace,Brighton & Hove Albion,2,1,H,1,1,D,8,11,3,5,2,4,0,1,2,1,A Taylor,2.35,3.6,2.8,2.43,3.46,2.87,2.5,3.6,2.97
20250405-ipswich-town-wolverhampton-wanderers,ENG Premier League,2024-2025,2025-04-05 15:00:00,2025-04-05 00:00:00,Ipswich Town,Wolverhampton Wanderers,1,2,A,1,0,H,6,22,2,7,4,8,2,2,0,0,P Bankes,2.7,3.25,2.63,2.74,3.28,2.65,2.8,3.45,2.72
20250405-west-ham-united-bournemouth,ENG Premier League,2024-2025,2025-04-05 15:00:00,2025-04-05 00:00:00,West Ham United,Bournemouth,2,2,D,0,1,A,9,11,3,4,4,7,2,2,0,0,T Robinson,3.0,3.5,2.3,3.04,3.47,2.34,3.2,3.53,2.41
20250405-aston-villa-nottingham-forest,ENG Premier League,2024-2025,2025-04-05 17:30:00,2025-04-05 00:00:00,Aston Villa,Nottingham Forest,2,1,H,2,0,H,17,19,8,3,4,4,2,2,0,0,S Hooper,1.95,3.6,3.7,1.99,3.63,3.72,2.05,3.75,3.9
20250406-brentford-chelsea,ENG Premier League,2024-2025,2025-04-06 14:00:00,2025-04-06 00:00:00,Brentford,Chelsea,0,0,D,0,0,D,9,21,2,5,3,6,1,3,0,0,M Oliver,3.2,3.6,2.15,3.2,3.73,2.15,3.4,3.85,2.2
20250406-fulham-liverpool,ENG Premier League,2024-2025,2025-04-06 14:00:00,2025-04-06 00:00:00,Fulham,Liverpool,3,2,H,3,1,H,12,14,6,6,4,4,3,0,0,0,C Kavanagh,4.5,3.5,1.83,4.24,3.7,1.86,4.5,3.8,1.9
20250406-tottenham-hotspur-southampton,ENG Premier League,2024-2025,2025-04-06 14:00:00,2025-04-06 00:00:00,Tottenham Hotspur,Southampton,3,1,H,2,0,H,13,12,8,4,4,1,1,1,0,0,M Salisbury,1.38,5.5,6.5,1.39,5.32,7.12,1.43,5.6,7.75
20250406-manchester-united-manchester-city,ENG Premier League,2024-2025,2025-04-06 16:30:00,2025-04-06 00:00:00,Manchester United,Manchester City,0,0,D,0,0,D,13,9,2,5,5,3,3,2,0,0,J Brooks,3.4,3.6,2.1,3.33,3.61,2.13,3.45,3.75,2.2
20250407-leicester-city-newcastle-united,ENG Premier League,2024-2025,2025-04-07 20:00:00,2025-04-07 00:00:00,Leicester City,Newcastle United,0,3,A,0,3,A,7,16,2,5,12,2,2,0,0,0,R Jones,6.5,4.2,1.48,6.4,4.44,1.5,6.75,4.7,1.53
20250412-manchester-city-crystal-palace,ENG Premier League,2024-2025,2025-04-12 12:30:00,2025-04-12 00:00:00,Manchester City,Crystal Palace,5,2,H,2,2,D,21,8,9,3,1,4,2,3,0,0,J Gillett,1.5,4.75,5.75,1.5,4.7,5.95,1.52,4.9,6.21
20250412-brighton-hove-albion-leicester-city,ENG Premier League,2024-2025,2025-04-12 15:00:00,2025-04-12 00:00:00,Brighton & Hove Albion,Leicester City,2,2,D,1,1,D,21,15,7,6,3,6,2,5,0,0,D Bond,1.29,6.0,10.0,1.27,5.89,10.98,1.29,6.2,12.0
20250412-nottingham-forest-everton,ENG Premier League,2024-2025,2025-04-12 15:00:00,2025-04-12 00:00:00,Nottingham Forest,Everton,0,1,A,0,0,D,10,13,5,5,1,7,0,3,0,0,C Pawson,2.1,3.3,3.7,2.11,3.33,3.67,2.15,3.48,3.9
20250412-southampton-aston-villa,ENG Premier League,2024-2025,2025-04-12 15:00:00,2025-04-12 00:00:00,Southampton,Aston Villa,0,3,A,0,0,D,7,25,2,10,2,14,3,1,0,0,T Bramall,6.0,4.2,1.55,5.65,4.42,1.55,6.0,5.6,1.57
20250412-arsenal-brentford,ENG Premier League,2024-2025,2025-04-12 17:30:00,2025-04-12 00:00:00,Arsenal,Brentford,1,1,D,0,0,D,14,3,3,2,13,5,1,3,0,0,S Hooper,1.6,4.33,5.0,1.61,4.16,5.35,1.65,4.33,5.5
20250413-chelsea-ipswich-town,ENG Premier League,2024-2025,2025-04-13 14:00:00,2025-04-13 00:00:00,Chelsea,Ipswich Town,2,2,D,0,2,A,34,13,9,4,15,4,2,2,0,0,S Attwell,1.27,7.0,8.5,1.25,6.57,9.7,1.28,7.0,12.0
20250413-liverpool-west-ham-united,ENG Premier League,2024-2025,2025-04-13 14:00:00,2025-04-13 00:00:00,Liverpool,West Ham United,2,1,H,1,0,H,15,11,6,4,10,3,0,2,0,0,A Madley,1.3,6.0,8.0,1.3,5.89,9.45,1.31,6.2,10.4
20250413-wolverhampton-wanderers-tottenham-hotspur,ENG Premier League,2024-2025,2025-04-13 14:00:00,2025-04-13 00:00:00,Wolverhampton Wanderers,Tottenham Hotspur,4,2,H,2,0,H,13,11,5,4,1,4,1,2,0,0,A Taylor,2.2,3.6,3.1,2.23,3.55,3.14,2.28,3.65,3.23
20250413-newcastle-united-manchester-united,ENG Premier League,2024-2025,2025-04-13 16:30:00,2025-04-13 00:00:00,Newcastle United,Manchester United,4,1,H,1,1,D,13,9,6,5,7,2,0,2,0,0,C Kavanagh,1.65,4.2,4.75,1.65,4.21,4.73,1.69,4.35,5.3
20250414-bournemouth-fulham,ENG Premier League,2024-2025,2025-04-14 20:00:00,2025-04-14 00:00:00,Bournemouth,Fulham,1,0,H,1,0,H,12,12,3,7,6,9,3,2,0,0,O Oliver,2.15,3.5,3.3,2.15,3.58,3.3,2.18,3.79,3.4
20250416-newcastle-united-crystal-palace,ENG Premier League,2024-2025,2025-04-16 19:30:00,2025-04-16 00:00:00,Newcastle United,Crystal Palace,5,0,H,4,0,H,14,11,7,4,5,4,2,3,0,0,D England,1.67,3.9,5.0,1.71,3.96,4.75,1.75,4.15,5.0
20250419-brentford-brighton-hove-albion,ENG Premier League,2024-2025,2025-04-19 15:00:00,2025-04-19 00:00:00,Brentford,Brighton & Hove Albion,4,2,H,1,1,D,16,12,8,3,4,8,3,3,0,1,T Robinson,2.4,3.75,2.63,2.5,3.61,2.7,2.56,3.85,2.75
20250419-crystal-palace-bournemouth,ENG Premier League,2024-2025,2025-04-19 15:00:00,2025-04-19 00:00:00,Crystal Palace,Bournemouth,0,0,D,0,0,D,5,15,0,4,5,4,3,4,1,0,S Barrott,2.45,3.6,2.63,2.54,3.54,2.69,2.6,3.65,2.78
20250419-everton-manchester-city,ENG Premier League,2024-2025,2025-04-19 15:00:00,2025-04-19 00:00:00,Everton,Manchester City,0,2,A,0,0,D,8,12,3,7,2,5,4,0,0,0,S Hooper,3.7,3.6,1.91,3.8,3.65,1.96,4.0,3.75,2.0
20250419-west-ham-united-southampton,ENG Premier League,2024-2025,2025-04-19 15:00:00,2025-04-19 00:00:00,West Ham United,Southampton,1,1,D,0,0,D,12,15,4,4,2,5,2,1,0,0,A Kitchen,1.48,4.33,6.5,1.49,4.49,6.44,1.52,4.65,6.72
20250419-aston-villa-newcastle-united,ENG Premier League,2024-2025,2025-04-19 17:30:00,2025-04-19 00:00:00,Aston Villa,Newcastle United,4,1,H,1,1,D,23,10,9,3,7,7,1,3,0,0,J Gillett,2.3,3.6,2.75,2.36,3.63,2.85,2.42,3.75,2.95
20250420-fulham-chelsea,ENG Premier League,2024-2025,2025-04-20 14:00:00,2025-04-20 00:00:00,Fulham,Chelsea,1,2,A,1,0,H,6,13,1,8,6,4,1,3,0,0,A Taylor,2.7,3.7,2.35,2.82,3.52,2.43,2.9,3.7,2.54
20250420-ipswich-town-arsenal,ENG Premier League,2024-2025,2025-04-20 14:00:00,2025-04-20 00:00:00,Ipswich Town,Arsenal,0,4,A,0,2,A,4,24,0,7,0,12,0,0,1,0,C Kavanagh,8.0,4.5,1.4,7.83,4.81,1.4,8.35,5.0,1.42
20250420-manchester-united-wolverhampton-wanderers,ENG Premier League,2024-2025,2025-04-20 14:00:00,2025-04-20 00:00:00,Manchester United,Wolverhampton Wanderers,0,1,A,0,0,D,12,4,2,2,9,2,2,3,0,0,R Jones,2.0,3.6,3.6,2.0,3.58,3.72,2.03,3.67,3.85
20250420-leicester-city-liverpool,ENG Premier League,2024-2025,2025-04-20 16:30:00,2025-04-20 00:00:00,Leicester City,Liverpool,0,1,A,0,0,D,5,28,0,10,1,13,1,2,0,0,S Attwell,11.0,6.25,1.22,11.76,6.63,1.23,14.0,7.0,1.26
20250421-tottenham-hotspur-nottingham-forest,ENG Premier League,2024-2025,2025-04-21 20:00:00,2025-04-21 00:00:00,Tottenham Hotspur,Nottingham Forest,1,2,A,0,2,A,22,4,6,3,7,1,1,4,0,0,P Bankes,2.45,3.6,2.63,2.47,3.71,2.66,2.55,3.85,2.78
20250422-manchester-city-aston-villa,ENG Premier League,2024-2025,2025-04-22 20:00:00,2025-04-22 00:00:00,Manchester City,Aston Villa,2,1,H,1,1,D,14,7,6,3,10,2,3,3,0,0,C Pawson,1.8,4.1,3.9,1.85,4.06,3.93,1.88,4.23,4.1
20250423-arsenal-crystal-palace,ENG Premier League,2024-2025,2025-04-23 20:00:00,2025-04-23 00:00:00,Arsenal,Crystal Palace,2,2,D,2,1,H,12,15,6,4,3,6,1,1,0,0,M Salisbury,1.4,4.75,7.5,1.41,4.66,8.13,1.45,4.8,9.0
20250426-chelsea-everton,ENG Premier League,2024-2025,2025-04-26 12:30:00,2025-04-26 00:00:00,Chelsea,Everton,1,0,H,1,0,H,10,6,7,3,10,2,0,0,0,0,C Kavanagh,1.55,4.0,6.0,1.58,4.08,5.91,1.62,4.18,6.1
20250426-brighton-hove-albion-west-ham-united,ENG Premier League,2024-2025,2025-04-26 15:00:00,2025-04-26 00:00:00,Brighton & Hove Albion,West Ham United,3,2,H,1,0,H,16,12,9,4,8,1,1,1,0,0,D England,1.67,4.2,4.75,1.67,4.14,4.76,1.7,4.28,5.0
20250426-newcastle-united-ipswich-town,ENG Premier League,2024-2025,2025-04-26 15:00:00,2025-04-26 00:00:00,Newcastle United,Ipswich Town,3,0,H,1,0,H,25,4,5,0,11,2,1,2,0,1,M Salisbury,1.18,7.5,13.0,1.18,7.72,14.89,1.19,8.2,17.0
20250426-southampton-fulham,ENG Premier League,2024-2025,2025-04-26 15:00:00,2025-04-26 00:00:00,Southampton,Fulham,1,2,A,1,0,H,7,26,3,5,0,13,1,1,0,0,T Harrington,5.25,4.0,1.6,5.17,4.11,1.64,5.44,4.3,1.67
20250426-wolverhampton-wanderers-leicester-city,ENG Premier League,2024-2025,2025-04-26 15:00:00,2025-04-26 00:00:00,Wolverhampton Wanderers,Leicester City,3,0,H,1,0,H,20,8,6,2,4,2,1,4,0,0,S Barrott,1.5,4.2,6.25,1.51,4.38,6.24,1.54,4.55,6.5
20250427-bournemouth-manchester-united,ENG Premier League,2024-2025,2025-04-27 14:00:00,2025-04-27 00:00:00,Bournemouth,Manchester United,1,1,D,1,0,H,8,25,1,6,5,10,4,2,1,0,P Bankes,1.67,4.0,4.5,1.67,4.13,4.77,1.71,4.25,4.95
20250427-liverpool-tottenham-hotspur,ENG Premier League,2024-2025,2025-04-27 16:30:00,2025-04-27 00:00:00,Liverpool,Tottenham Hotspur,5,1,H,3,1,H,25,8,8,3,8,2,2,1,0,0,T Bramall,1.25,6.0,11.0,1.25,6.57,9.98,1.27,6.89,11.0
20250501-nottingham-forest-brentford,ENG Premier League,2024-2025,2025-05-01 19:30:00,2025-05-01 00:00:00,Nottingham Forest,Brentford,0,2,A,0,1,A,14,11,5,3,4,5,3,5,0,0,D England,2.15,3.5,3.25,2.17,3.55,3.27,2.22,3.72,3.34
20250502-manchester-city-wolverhampton-wanderers,ENG Premier League,2024-2025,2025-05-02 20:00:00,2025-05-02 00:00:00,Manchester City,Wolverhampton Wanderers,1,0,H,1,0,H,9,6,2,1,4,5,0,0,0,0,P Bankes,1.4,4.75,7.5,1.4,5.14,7.49,1.43,5.3,8.0
20250503-aston-villa-fulham,ENG Premier League,2024-2025,2025-05-03 12:30:00,2025-05-03 00:00:00,Aston Villa,Fulham,1,0,H,1,0,H,10,11,3,3,5,3,0,5,0,0,R Jones,1.77,3.75,4.5,1.79,3.88,4.32,1.85,4.0,4.6
20250503-everton-ipswich-town,ENG Premier League,2024-2025,2025-05-03 15:00:00,2025-05-03 00:00:00,Everton,Ipswich Town,2,2,D,2,1,H,8,12,3,5,3,3,4,4,0,0,L Smith,1.45,4.33,6.5,1.47,4.4,7.07,1.49,4.55,7.6
20250503-leicester-city-southampton,ENG Premier League,2024-2025,2025-05-03 15:00:00,2025-05-03 00:00:00,Leicester City,Southampton,2,0,H,2,0,H,14,8,4,2,7,7,1,3,0,0,D Webb,2.3,3.6,2.88,2.33,3.62,2.93,2.4,3.75,3.1
20250503-arsenal-bournemouth,ENG Premier League,2024-2025,2025-05-03 17:30:00,2025-05-03 00:00:00,Arsenal,Bournemouth,1,2,A,1,0,H,13,9,4,2,2,3,0,2,0,0,J Gillett,2.05,3.7,3.4,2.08,3.6,3.47,2.14,3.7,3.62
20250504-brentford-manchester-united,ENG Premier League,2024-2025,2025-05-04 14:00:00,2025-05-04 00:00:00,Brentford,Manchester United,4,3,H,2,1,H,12,14,6,5,7,4,0,2,0,0,A Taylor,1.65,4.1,4.75,1.67,4.14,4.74,1.71,4.25,4.95
20250504-brighton-hove-albion-newcastle-united,ENG Premier League,2024-2025,2025-05-04 14:00:00,2025-05-04 00:00:00,Brighton & Hove Albion,Newcastle United,1,1,D,1,0,H,5,13,2,5,1,4,2,1,0,0,C Pawson,2.88,3.7,2.3,2.86,3.77,2.31,2.93,3.91,2.38
20250504-west-ham-united-tottenham-hotspur,ENG Premier League,2024-2025,2025-05-04 14:00:00,2025-05-04 00:00:00,West Ham United,Tottenham Hotspur,1,1,D,1,1,D,11,7,2,2,1,3,2,2,0,0,M Oliver,2.1,3.7,3.25,2.1,3.73,3.31,2.15,3.85,3.5
20250504-chelsea-liverpool,ENG Premier League,2024-2025,2025-05-04 16:30:00,2025-05-04 00:00:00,Chelsea,Liverpool,3,1,H,1,0,H,17,11,7,2,3,6,2,2,0,0,S Hooper,2.15,3.7,3.1,2.18,3.71,3.14,2.21,3.8,3.24
20250505-crystal-palace-nottingham-forest,ENG Premier League,2024-2025,2025-05-05 20:00:00,2025-05-05 00:00:00,Crystal Palace,Nottingham Forest,1,1,D,0,0,D,20,12,3,4,7,4,3,8,0,0,A Madley,2.25,3.4,3.2,2.29,3.38,3.15,2.35,3.47,3.24
20250510-fulham-everton,ENG Premier League,2024-2025,2025-05-10 15:00:00,2025-05-10 00:00:00,Fulham,Everton,1,3,A,1,1,D,18,11,6,7,5,5,1,0,0,0,M Salisbury,1.82,3.4,4.5,1.87,3.55,4.32,1.92,3.71,4.5
20250510-ipswich-town-brentford,ENG Premier League,2024-2025,2025-05-10 15:00:00,2025-05-10 00:00:00,Ipswich Town,Brentford,0,1,A,0,1,A,11,15,4,5,5,6,2,4,0,0,S Barrott,5.0,4.0,1.65,4.94,4.2,1.65,5.1,4.53,1.68
20250510-southampton-manchester-city,ENG Premier League,2024-2025,2025-05-10 15:00:00,2025-05-10 00:00:00,Southampton,Manchester City,0,0,D,0,0,D,2,26,0,5,1,15,2,0,0,0,T Robinson,11.0,7.5,1.2,13.37,7.58,1.19,15.0,8.0,1.2
20250510-wolverhampton-wanderers-brighton-hove-albion,ENG Premier League,2024-2025,2025-05-10 15:00:00,2025-05-10 00:00:00,Wolverhampton Wanderers,Brighton & Hove Albion,0,2,A,0,1,A,10,7,3,2,7,4,1,1,0,0,M Oliver,2.7,3.5,2.5,2.73,3.47,2.54,2.8,3.53,2.61
20250510-bournemouth-aston-villa,ENG Premier League,2024-2025,2025-05-10 17:30:00,2025-05-10 00:00:00,Bournemouth,Aston Villa,0,1,A,0,1,A,10,6,4,3,10,0,4,3,0,1,S Attwell,2.4,3.6,2.75,2.45,3.68,2.71,2.52,3.8,2.78
20250511-newcastle-united-chelsea,ENG Premier League,2024-2025,2025-05-11 12:00:00,2025-05-11 00:00:00,Newcastle United,Chelsea,2,0,H,1,0,H,15,10,6,3,2,8,4,2,0,1,J Brooks,2.1,3.75,3.1,2.13,3.76,3.18,2.16,4.0,3.28
20250511-manchester-united-west-ham-united,ENG Premier League,2024-2025,2025-05-11 14:15:00,2025-05-11 00:00:00,Manchester United,West Ham United,0,2,A,0,1,A,20,9,5,4,8,5,0,1,0,0,J Gillett,1.9,3.6,4.0,1.92,3.72,3.83,2.0,3.92,4.0
20250511-nottingham-forest-leicester-city,ENG Premier League,2024-2025,2025-05-11 14:15:00,2025-05-11 00:00:00,Nottingham Forest,Leicester City,2,2,D,1,1,D,15,10,4,6,4,4,3,3,0,0,T Harrington,1.33,5.25,8.0,1.33,5.34,8.83,1.36,5.7,9.8
20250511-tottenham-hotspur-crystal-palace,ENG Premier League,2024-2025,2025-05-11 14:15:00,2025-05-11 00:00:00,Tottenham Hotspur,Crystal Palace,0,2,A,0,1,A,8,23,1,10,4,8,1,1,0,0,C Kavanagh,2.63,3.6,2.5,2.65,3.68,2.5,2.71,3.77,2.56
20250511-liverpool-arsenal,ENG Premier League,2024-2025,2025-05-11 16:30:00,2025-05-11 00:00:00,Liverpool,Arsenal,2,2,D,2,0,H,14,15,5,7,3,1,1,1,0,1,A Taylor,2.0,3.6,3.6,2.06,3.54,3.57,2.1,3.65,3.71
20250516-aston-villa-tottenham-hotspur,ENG Premier League,2024-2025,2025-05-16 19:30:00,2025-05-16 00:00:00,Aston Villa,Tottenham Hotspur,2,0,H,0,0,D,18,3,7,1,9,1,1,2,0,0,P Bankes,1.3,6.0,8.5,1.32,5.95,8.45,1.36,6.2,9.0
20250516-chelsea-manchester-united,ENG Premier League,2024-2025,2025-05-16 20:15:00,2025-05-16 00:00:00,Chelsea,Manchester United,1,0,H,0,0,D,11,4,3,1,7,2,1,6,0,0,C Kavanagh,1.44,5.0,6.25,1.46,4.9,6.51,1.5,5.1,7.0
20250518-everton-southampton,ENG Premier League,2024-2025,2025-05-18 12:00:00,2025-05-18 00:00:00,Everton,Southampton,2,0,H,2,0,H,13,6,5,2,4,5,1,1,0,0,M Oliver,1.4,4.75,7.5,1.4,4.79,7.93,1.43,5.0,8.6
20250518-west-ham-united-nottingham-forest,ENG Premier League,2024-2025,2025-05-18 14:15:00,2025-05-18 00:00:00,West Ham United,Nottingham Forest,1,2,A,0,1,A,16,10,5,5,8,7,6,3,0,0,S Barrott,2.75,3.3,2.55,2.8,3.4,2.53,2.88,3.56,2.63
20250518-brentford-fulham,ENG Premier League,2024-2025,2025-05-18 15:00:00,2025-05-18 00:00:00,Brentford,Fulham,2,3,A,2,1,H,11,16,6,7,5,3,4,4,0,0,J Gillett,1.91,3.9,3.6,1.93,3.9,3.64,1.99,4.0,3.7
20250518-leicester-city-ipswich-town,ENG Premier League,2024-2025,2025-05-18 15:00:00,2025-05-18 00:00:00,Leicester City,Ipswich Town,2,0,H,1,0,H,9,20,3,2,2,2,1,0,0,0,A Kitchen,2.3,3.6,2.9,2.33,3.59,2.94,2.4,3.69,3.0
20250518-arsenal-newcastle-united,ENG Premier League,2024-2025,2025-05-18 16:30:00,2025-05-18 00:00:00,Arsenal,Newcastle United,1,0,H,0,0,D,12,14,4,5,10,7,3,3,0,0,S Hooper,1.95,3.7,3.7,2.01,3.59,3.7,2.08,3.7,3.83
20250519-brighton-hove-albion-liverpool,ENG Premier League,2024-2025,2025-05-19 20:00:00,2025-05-19 00:00:00,Brighton & Hove Albion,Liverpool,3,2,H,1,2,A,25,18,12,5,3,3,1,0,0,0,J Brooks,2.6,3.75,2.45,2.63,3.82,2.46,2.69,4.04,2.5
20250520-crystal-palace-wolverhampton-wanderers,ENG Premier League,2024-2025,2025-05-20 20:00:00,2025-05-20 00:00:00,Crystal Palace,Wolverhampton Wanderers,4,2,H,2,1,H,14,12,10,3,0,10,1,2,0,0,D Webb,2.25,3.3,3.2,2.27,3.32,3.26,2.31,3.4,3.36
20250520-manchester-city-bournemouth,ENG Premier League,2024-2025,2025-05-20 20:00:00,2025-05-20 00:00:00,Manchester City,Bournemouth,3,1,H,2,0,H,12,8,5,2,3,1,1,3,1,1,T Bramall,1.55,4.33,5.75,1.55,4.51,5.49,1.58,4.8,5.8
20250525-bournemouth-leicester-city,ENG Premier League,2024-2025,2025-05-25 16:00:00,2025-05-25 00:00:00,Bournemouth,Leicester City,2,0,H,0,0,D,20,3,7,0,6,1,0,2,0,0,L Smith,1.33,5.25,8.5,1.33,5.61,8.35,1.38,6.0,9.0
20250525-fulham-manchester-city,ENG Premier League,2024-2025,2025-05-25 16:00:00,2025-05-25 00:00:00,Fulham,Manchester City,0,2,A,0,1,A,13,20,3,5,1,6,0,0,0,0,A Madley,5.0,4.2,1.6,5.15,4.28,1.61,5.54,4.59,1.65
20250525-ipswich-town-west-ham-united,ENG Premier League,2024-2025,2025-05-25 16:00:00,2025-05-25 00:00:00,Ipswich Town,West Ham United,1,3,A,0,1,A,14,10,4,6,4,0,1,1,0,0,T Robinson,3.0,3.8,2.2,2.99,3.85,2.21,3.1,4.01,2.28
20250525-liverpool-crystal-palace,ENG Premier League,2024-2025,2025-05-25 16:00:00,2025-05-25 00:00:00,Liverpool,Crystal Palace,1,1,D,0,1,A,14,8,3,5,11,0,1,0,1,0,D England,1.4,6.0,5.75,1.4,5.65,6.27,1.43,6.1,6.62
20250525-manchester-united-aston-villa,ENG Premier League,2024-2025,2025-05-25 16:00:00,2025-05-25 00:00:00,Manchester United,Aston Villa,2,0,H,0,0,D,25,6,10,1,4,3,2,2,0,1,T Bramall,4.33,4.2,1.7,4.37,4.16,1.73,4.5,4.33,1.76
20250525-newcastle-united-everton,ENG Premier League,2024-2025,2025-05-25 16:00:00,2025-05-25 00:00:00,Newcastle United,Everton,0,1,A,0,0,D,17,14,6,6,12,3,1,4,0,0,T Harrington,1.33,5.5,8.5,1.32,5.6,8.77,1.36,5.85,9.5
20250525-nottingham-forest-chelsea,ENG Premier League,2024-2025,2025-05-25 16:00:00,2025-05-25 00:00:00,Nottingham Forest,Chelsea,0,1,A,0,0,D,10,6,2,2,7,4,2,2,0,0,A Taylor,3.0,3.75,2.2,3.09,3.72,2.2,3.2,3.85,2.25
20250525-southampton-arsenal,ENG Premier League,2024-2025,2025-05-25 16:00:00,2025-05-25 00:00:00,Southampton,Arsenal,1,2,A,0,1,A,7,23,2,8,5,8,0,0,0,0,D Bond,8.5,6.0,1.3,9.45,5.83,1.29,11.0,6.11,1.31
20250525-tottenham-hotspur-brighton-hove-albion,ENG Premier League,2024-2025,2025-05-25 16:00:00,2025-05-25 00:00:00,Tottenham Hotspur,Brighton & Hove Albion,1,4,A,1,0,H,4,23,2,8,2,11,3,1,0,0,R Jones,4.2,4.33,1.7,4.23,4.43,1.71,4.38,4.55,1.73
20250525-wolverhampton-wanderers-brentford,ENG Premier League,2024-2025,2025-05-25 16:00:00,2025-05-25 00:00:00,Wolverhampton Wanderers,Brentford,1,1,D,0,1,A,18,13,6,7,8,3,2,1,0,0,C Pawson,2.7,3.7,2.45,2.71,3.76,2.43,2.77,3.85,2.48
20250815-liverpool-bournemouth,ENG Premier League,2025-2026,2025-08-15 20:00:00,2025-08-15 00:00:00,Liverpool,Bournemouth,4,2,H,1,0,H,19,10,10,3,6,7,1,2,0,0,A Taylor,1.3,6.0,8.5,1.31,5.96,8.31,1.34,6.5,9.5
20250816-aston-villa-newcastle-united,ENG Premier League,2025-2026,2025-08-16 12:30:00,2025-08-16 00:00:00,Aston Villa,Newcastle United,0,0,D,0,0,D,3,16,3,3,3,6,1,1,1,0,C Pawson,2.25,3.5,2.9,2.3,3.56,2.94,2.38,3.75,3.1
20250816-brighton-hove-albion-fulham,ENG Premier League,2025-2026,2025-08-16 15:00:00,2025-08-16 00:00:00,Brighton & Hove Albion,Fulham,1,1,D,0,0,D,10,7,4,2,4,3,3,3,0,0,S Barrott,1.91,3.6,4.0,1.92,3.62,3.91,1.95,3.75,4.0
20250816-sunderland-west-ham-united,ENG Premier League,2025-2026,2025-08-16 15:00:00,2025-08-16 00:00:00,Sunderland,West Ham United,3,0,H,0,0,D,10,12,5,4,5,7,0,1,0,0,R Jones,3.25,3.4,2.25,3.17,3.38,2.26,3.25,3.5,2.3
20250816-tottenham-hotspur-burnley,ENG Premier League,2025-2026,2025-08-16 15:00:00,2025-08-16 00:00:00,Tottenham Hotspur,Burnley,3,0,H,1,0,H,16,14,6,4,6,5,0,0,0,0,M Oliver,1.38,4.75,8.5,1.37,4.8,8.3,1.4,5.0,9.5
20250816-wolverhampton-wanderers-manchester-city,ENG Premier League,2025-2026,2025-08-16 17:30:00,2025-08-16 00:00:00,Wolverhampton Wanderers,Manchester City,0,4,A,0,2,A,9,15,3,4,4,6,1,2,0,0,J Gillett,6.25,4.75,1.45,6.73,4.73,1.44,7.5,5.0,1.48
20250817-chelsea-crystal-palace,ENG Premier League,2025-2026,2025-08-17 14:00:00,2025-08-17 00:00:00,Chelsea,Crystal Palace,0,0,D,0,0,D,19,12,3,4,11,2,2,3,0,0,D England,1.62,4.33,4.5,1.61,4.21,5.08,1.64,4.35,5.5
20250817-nottingham-forest-brentford,ENG Premier League,2025-2026,2025-08-17 14:00:00,2025-08-17 00:00:00,Nottingham Forest,Brentford,3,1,H,3,0,H,11,10,5,3,5,5,1,2,0,0,P Bankes,2.2,3.3,3.5,2.15,3.36,3.43,2.2,3.5,3.55
20250817-manchester-united-arsenal,ENG Premier League,2025-2026,2025-08-17 16:30:00,2025-08-17 00:00:00,Manchester United,Arsenal,0,1,A,0,1,A,22,9,7,3,3,4,1,4,0,0,S Hooper,3.6,3.6,1.95,3.57,3.56,2.01,3.75,3.66,2.1
20250818-leeds-united-everton,ENG Premier League,2025-2026,2025-08-18 20:00:00,2025-08-18 00:00:00,Leeds United,Everton,1,0,H,0,0,D,21,7,3,1,7,2,0,2,0,0,C Kavanagh,2.38,3.3,3.0,2.39,3.29,2.96,2.5,3.5,3.05
20250822-west-ham-united-chelsea,ENG Premier League,2025-2026,2025-08-22 20:00:00,2025-08-22 00:00:00,West Ham United,Chelsea,1,5,A,1,3,A,12,12,4,7,7,5,0,1,0,0,M Oliver,4.75,3.8,1.73,4.68,3.88,1.71,5.0,4.0,1.76
20250823-manchester-city-tottenham-hotspur,ENG Premier League,2025-2026,2025-08-23 12:30:00,2025-08-23 00:00:00,Manchester City,Tottenham Hotspur,0,2,A,0,2,A,10,12,4,5,7,2,1,4,0,0,P Bankes,1.48,4.5,6.25,1.48,4.7,6.08,1.5,5.0,6.5
20250823-bournemouth-wolverhampton-wanderers,ENG Premier League,2025-2026,2025-08-23 15:00:00,2025-08-23 00:00:00,Bournemouth,Wolverhampton Wanderers,1,0,H,1,0,H,14,6,4,1,8,3,2,4,0,1,T Bramall,1.8,3.8,4.2,1.79,3.88,4.24,1.82,4.0,4.5
20250823-brentford-aston-villa,ENG Premier League,2025-2026,2025-08-23 15:00:00,2025-08-23 00:00:00,Brentford,Aston Villa,1,0,H,1,0,H,9,17,2,2,2,9,1,2,0,0,T Harrington,3.1,3.6,2.2,3.11,3.53,2.21,3.2,3.66,2.3
20250823-burnley-sunderland,ENG Premier League,2025-2026,2025-08-23 15:00:00,2025-08-23 00:00:00,Burnley,Sunderland,2,0,H,0,0,D,7,9,2,1,4,3,0,1,0,0,M Salisbury,2.2,3.2,3.5,2.25,3.16,3.42,2.3,3.25,3.6
20250823-arsenal-leeds-united,ENG Premier League,2025-2026,2025-08-23 17:30:00,2025-08-23 00:00:00,Arsenal,Leeds United,5,0,H,2,0,H,18,3,5,1,2,2,0,2,0,0,J Gillett,1.27,6.25,9.5,1.27,5.93,10.61,1.29,6.25,12.0
20250824-crystal-palace-nottingham-forest,ENG Premier League,2025-2026,2025-08-24 14:00:00,2025-08-24 00:00:00,Crystal Palace,Nottingham Forest,1,1,D,1,0,H,8,9,4,1,1,3,3,3,0,0,A Taylor,2.35,3.3,3.1,2.35,3.26,3.07,2.4,3.3,3.2
20250824-everton-brighton-hove-albion,ENG Premier League,2025-2026,2025-08-24 14:00:00,2025-08-24 00:00:00,Everton,Brighton & Hove Albion,2,0,H,1,0,H,11,13,3,4,2,2,4,3,0,0,S Attwell,3.1,3.3,2.3,3.08,3.3,2.32,3.25,3.4,2.4
20250824-fulham-manchester-united,ENG Premier League,2025-2026,2025-08-24 16:30:00,2025-08-24 00:00:00,Fulham,Manchester United,1,1,D,0,0,D,13,10,4,3,9,6,1,1,0,0,C Kavanagh,3.25,3.5,2.15,3.27,3.53,2.13,3.35,3.65,2.2
20250825-newcastle-united-liverpool,ENG Premier League,2025-2026,2025-08-25 20:00:00,2025-08-25 00:00:00,Newcastle United,Liverpool,2,3,A,0,1,A,10,5,3,4,7,1,2,3,1,0,S Hooper,3.25,3.8,2.05,3.3,3.83,2.02,3.45,4.0,2.1
20250830-chelsea-fulham,ENG Premier League,2025-2026,2025-08-30 12:30:00,2025-08-30 00:00:00,Chelsea,Fulham,2,0,H,1,0,H,13,11,6,3,6,4,2,2,0,0,R Jones,1.55,4.33,5.25,1.55,4.35,5.6,1.57,4.5,6.0
20250830-manchester-united-burnley,ENG Premier League,2025-2026,2025-08-30 15:00:00,2025-08-30 00:00:00,Manchester United,Burnley,3,2,H,1,0,H,26,6,6,3,7,1,1,5,0,0,S Barrott,1.33,5.25,8.0,1.35,5.15,8.28,1.4,5.5,9.0
20250830-sunderland-brentford,ENG Premier League,2025-2026,2025-08-30 15:00:00,2025-08-30 00:00:00,Sunderland,Brentford,2,1,H,0,0,D,12,7,3,4,3,4,3,2,0,0,A Taylor,3.0,3.3,2.4,2.92,3.27,2.46,3.0,3.35,2.54
20250830-tottenham-hotspur-bournemouth,ENG Premier League,2025-2026,2025-08-30 15:00:00,2025-08-30 00:00:00,Tottenham Hotspur,Bournemouth,0,1,A,0,1,A,5,20,1,6,0,8,2,4,0,0,S Hooper,1.73,4.2,4.2,1.73,4.06,4.29,1.76,4.25,4.5
20250830-wolverhampton-wanderers-everton,ENG Premier League,2025-2026,2025-08-30 15:00:00,2025-08-30 00:00:00,Wolverhampton Wanderers,Everton,2,3,A,1,2,A,12,10,4,4,2,2,0,1,0,0,M Oliver,2.7,3.2,2.75,2.66,3.19,2.74,2.75,3.3,2.8
20250830-leeds-united-newcastle-united,ENG Premier League,2025-2026,2025-08-30 17:30:00,2025-08-30 00:00:00,Leeds United,Newcastle United,0,0,D,0,0,D,10,8,1,2,5,5,1,1,0,0,P Bankes,3.5,3.4,2.1,3.37,3.49,2.12,3.5,3.6,2.2
20250831-brighton-hove-albion-manchester-city,ENG Premier League,2025-2026,2025-08-31 14:00:00,2025-08-31 00:00:00,Brighton & Hove Albion,Manchester City,2,1,H,0,1,A,12,12,7,3,3,2,2,2,0,0,D England,3.8,3.9,1.9,3.78,3.84,1.85,4.0,4.0,1.91
20250831-nottingham-forest-west-ham-united,ENG Premier League,2025-2026,2025-08-31 14:00:00,2025-08-31 00:00:00,Nottingham Forest,West Ham United,0,3,A,0,0,D,11,12,3,8,9,7,0,0,0,0,C Pawson,1.67,3.75,5.25,1.69,3.74,5.03,1.73,3.85,5.5
20250831-liverpool-arsenal,ENG Premier League,2025-2026,2025-08-31 16:30:00,2025-08-31 00:00:00,Liverpool,Arsenal,1,0,H,0,0,D,9,11,3,1,3,8,2,2,0,0,C Kavanagh,2.2,3.5,3.2,2.2,3.49,3.17,2.25,3.6,3.25
20250831-aston-villa-crystal-palace,ENG Premier League,2025-2026,2025-08-31 19:00:00,2025-08-31 00:00:00,Aston Villa,Crystal Palace,0,3,A,0,1,A,13,6,4,4,10,1,2,3,0,0,S Attwell,1.85,3.7,4.0,1.88,3.56,4.07,1.95,3.75,4.2
20250913-arsenal-nottingham-forest,ENG Premier League,2025-2026,2025-09-13 12:30:00,2025-09-13 00:00:00,Arsenal,Nottingham Forest,3,0,H,1,0,H,16,5,5,1,8,4,1,1,0,0,D England,1.38,5.0,8.0,1.38,4.85,8.16,1.42,5.0,9.0
20250913-bournemouth-brighton-hove-albion,ENG Premier League,2025-2026,2025-09-13 15:00:00,2025-09-13 00:00:00,Bournemouth,Brighton & Hove Albion,2,1,H,1,0,H,13,6,5,2,4,4,4,4,0,0,P Bankes,2.35,3.5,2.9,2.38,3.5,2.87,2.43,3.65,3.0
20250913-crystal-palace-sunderland,ENG Premier League,2025-2026,2025-09-13 15:00:00,2025-09-13 00:00:00,Crystal Palace,Sunderland,0,0,D,0,0,D,14,6,6,0,5,3,1,1,0,0,T Bramall,1.65,3.75,5.75,1.66,3.76,5.42,1.71,4.1,6.0
20250913-everton-aston-villa,ENG Premier League,2025-2026,2025-09-13 15:00:00,2025-09-13 00:00:00,Everton,Aston Villa,0,0,D,0,0,D,20,7,2,1,10,3,3,3,0,0,S Hooper,2.45,3.3,2.9,2.44,3.27,2.95,2.5,3.4,3.05
20250913-fulham-leeds-united,ENG Premier League,2025-2026,2025-09-13 15:00:00,2025-09-13 00:00:00,Fulham,Leeds United,1,0,H,0,0,D,5,10,3,3,3,3,1,2,0,0,C Pawson,1.91,3.5,4.0,1.96,3.51,3.89,2.0,3.65,4.1
20250913-newcastle-united-wolverhampton-wanderers,ENG Premier League,2025-2026,2025-09-13 15:00:00,2025-09-13 00:00:00,Newcastle United,Wolverhampton Wanderers,1,0,H,1,0,H,16,8,4,3,10,4,1,4,0,0,C Kavanagh,1.42,4.75,7.0,1.43,4.62,7.45,1.44,4.8,8.5
20250913-west-ham-united-tottenham-hotspur,ENG Premier League,2025-2026,2025-09-13 17:30:00,2025-09-13 00:00:00,West Ham United,Tottenham Hotspur,0,3,A,0,0,D,7,14,4,5,2,13,0,1,1,0,J Gillett,3.4,3.6,2.1,3.36,3.56,2.1,3.5,3.75,2.12
20250913-brentford-chelsea,ENG Premier League,2025-2026,2025-09-13 20:00:00,2025-09-13 00:00:00,Brentford,Chelsea,2,2,D,1,0,H,7,16,4,6,5,6,3,2,0,0,S Attwell,4.5,3.9,1.73,4.54,3.92,1.73,4.8,4.1,1.75
20250914-burnley-liverpool,ENG Premier League,2025-2026,2025-09-14 14:00:00,2025-09-14 00:00:00,Burnley,Liverpool,0,1,A,0,0,D,3,27,0,4,1,13,0,2,0,0,M Oliver,8.0,5.5,1.33,8.6,5.43,1.33,9.5,5.6,1.35
20250914-manchester-city-manchester-united,ENG Premier League,2025-2026,2025-09-14 16:30:00,2025-09-14 00:00:00,Manchester City,Manchester United,3,0,H,1,0,H,13,12,6,2,2,4,0,0,0,0,A Taylor,1.75,4.0,4.2,1.76,3.99,4.19,1.8,4.3,4.5
20250920-liverpool-everton,ENG Premier League,2025-2026,2025-09-20 12:30:00,2025-09-20 00:00:00,Liverpool,Everton,2,1,H,2,0,H,11,9,3,2,5,4,2,3,0,0,D England,1.45,4.75,6.5,1.45,4.65,6.7,1.48,4.8,7.5
20250920-brighton-hove-albion-tottenham-hotspur,ENG Premier League,2025-2026,2025-09-20 15:00:00,2025-09-20 00:00:00,Brighton & Hove Albion,Tottenham Hotspur,2,2,D,2,1,H,12,11,4,3,2,10,1,2,0,0,C Kavanagh,2.25,3.7,3.0,2.25,3.61,3.0,2.28,3.75,3.1
20250920-burnley-nottingham-forest,ENG Premier League,2025-2026,2025-09-20 15:00:00,2025-09-20 00:00:00,Burnley,Nottingham Forest,1,1,D,1,1,D,12,17,5,8,4,5,1,1,0,0,T Bramall,3.4,3.3,2.2,3.36,3.37,2.18,3.5,3.5,2.2
20250920-west-ham-united-crystal-palace,ENG Premier League,2025-2026,2025-09-20 15:00:00,2025-09-20 00:00:00,West Ham United,Crystal Palace,1,2,A,0,1,A,8,18,3,3,8,8,3,3,0,0,T Harrington,2.88,3.5,2.38,2.98,3.36,2.37,3.1,3.5,2.4
20250920-wolverhampton-wanderers-leeds-united,ENG Premier League,2025-2026,2025-09-20 15:00:00,2025-09-20 00:00:00,Wolverhampton Wanderers,Leeds United,1,3,A,1,3,A,16,6,6,4,4,0,1,1,0,0,A Taylor,2.7,3.2,2.75,2.67,3.16,2.74,2.71,3.25,2.8
20250920-manchester-united-chelsea,ENG Premier League,2025-2026,2025-09-20 17:30:00,2025-09-20 00:00:00,Manchester United,Chelsea,2,1,H,2,0,H,11,5,4,1,5,5,0,5,1,1,P Bankes,2.6,3.8,2.45,2.68,3.69,2.44,2.8,3.8,2.5
20250920-fulham-brentford,ENG Premier League,2025-2026,2025-09-20 20:00:00,2025-09-20 00:00:00,Fulham,Brentford,3,1,H,2,1,H,14,8,3,3,2,10,4,1,0,0,M Oliver,2.0,3.4,3.8,2.02,3.48,3.69,2.05,3.6,4.0
20250921-bournemouth-newcastle-united,ENG Premier League,2025-2026,2025-09-21 14:00:00,2025-09-21 00:00:00,Bournemouth,Newcastle United,0,0,D,0,0,D,11,4,2,1,5,2,2,1,0,0,R Jones,2.5,3.5,2.7,2.44,3.45,2.78,2.54,3.6,2.88
20250921-sunderland-aston-villa,ENG Premier League,2025-2026,2025-09-21 14:00:00,2025-09-21 00:00:00,Sunderland,Aston Villa,1,1,D,0,0,D,14,12,4,2,6,5,2,1,1,0,S Barrott,3.4,3.5,2.1,3.56,3.34,2.1,3.75,3.5,2.12
20250921-arsenal-manchester-city,ENG Premier League,2025-2026,2025-09-21 16:30:00,2025-09-21 00:00:00,Arsenal,Manchester City,1,1,D,0,1,A,12,5,3,3,11,2,1,2,0,0,S Attwell,1.85,3.9,3.8,1.9,3.7,3.85,1.95,3.9,4.0
20250927-brentford-manchester-united,ENG Premier League,2025-2026,2025-09-27 12:30:00,2025-09-27 00:00:00,Brentford,Manchester United,3,1,H,2,1,H,10,14,8,6,4,2,2,2,0,0,C Pawson,3.4,3.8,2.0,3.4,3.77,2.02,3.5,4.0,2.1
20250927-chelsea-brighton-hove-albion,ENG Premier League,2025-2026,2025-09-27 15:00:00,2025-09-27 00:00:00,Chelsea,Brighton & Hove Albion,1,3,A,1,0,H,13,12,3,3,5,7,3,5,1,0,S Hooper,1.85,3.8,3.8,1.86,3.86,3.86,1.91,4.0,4.1
20250927-crystal-palace-liverpool,ENG Premier League,2025-2026,2025-09-27 15:00:00,2025-09-27 00:00:00,Crystal Palace,Liverpool,2,1,H,1,0,H,16,20,7,4,2,6,1,3,0,0,C Kavanagh,3.8,3.8,1.9,3.82,3.72,1.91,4.0,3.8,1.95
20250927-leeds-united-bournemouth,ENG Premier League,2025-2026,2025-09-27 15:00:00,2025-09-27 00:00:00,Leeds United,Bournemouth,2,2,D,1,1,D,19,12,8,5,7,4,2,2,0,0,M Oliver,3.1,3.25,2.38,2.98,3.29,2.41,3.1,3.4,2.5
20250927-manchester-city-burnley,ENG Premier League,2025-2026,2025-09-27 15:00:00,2025-09-27 00:00:00,Manchester City,Burnley,5,1,H,1,1,D,21,9,8,2,10,2,1,3,0,0,R Jones,1.17,7.5,15.0,1.17,7.48,15.54,1.19,8.0,17.0
20250927-nottingham-forest-sunderland,ENG Premier League,2025-2026,2025-09-27 17:30:00,2025-09-27 00:00:00,Nottingham Forest,Sunderland,0,1,A,0,1,A,22,11,6,3,7,4,4,2,0,0,T Harrington,1.75,3.75,4.5,1.77,3.67,4.64,1.8,3.75,5.0
20250927-tottenham-hotspur-wolverhampton-wanderers,ENG Premier League,2025-2026,2025-09-27 20:00:00,2025-09-27 00:00:00,Tottenham Hotspur,Wolverhampton Wanderers,1,1,D,0,0,D,10,9,3,3,10,9,3,2,0,0,M Salisbury,1.5,4.5,6.0,1.47,4.57,6.38,1.5,4.9,7.0
20250928-aston-villa-fulham,ENG Premier League,2025-2026,2025-09-28 14:00:00,2025-09-28 00:00:00,Aston Villa,Fulham,3,1,H,1,1,D,9,11,4,4,2,8,1,4,0,0,A Madley,2.3,3.1,3.4,2.29,3.19,3.3,2.35,3.3,3.4
20250928-newcastle-united-arsenal,ENG Premier League,2025-2026,2025-09-28 16:30:00,2025-09-28 00:00:00,Newcastle United,Arsenal,1,2,A,1,0,H,8,20,3,7,7,12,2,1,0,0,J Gillett,3.6,3.4,2.1,3.51,3.32,2.12,3.66,3.4,2.2
20250929-everton-west-ham-united,ENG Premier League,2025-2026,2025-09-29 20:00:00,2025-09-29 00:00:00,Everton,West Ham United,1,1,D,1,0,H,12,14,6,3,3,5,3,4,0,0,S Barrott,1.7,3.75,5.0,1.72,3.69,4.83,1.76,3.75,5.0
20251003-bournemouth-fulham,ENG Premier League,2025-2026,2025-10-03 20:00:00,2025-10-03 00:00:00,Bournemouth,Fulham,3,1,H,0,0,D,11,12,6,4,4,3,0,1,0,0,S Hooper,1.95,3.5,3.9,1.97,3.5,3.85,2.0,3.6,4.0
20251004-leeds-united-tottenham-hotspur,ENG Premier League,2025-2026,2025-10-04 12:30:00,2025-10-04 00:00:00,Leeds United,Tottenham Hotspur,1,2,A,1,1,D,16,9,4,3,4,1,2,3,0,0,T Bramall,2.7,3.5,2.5,2.75,3.46,2.49,2.88,3.55,2.55
20251004-arsenal-west-ham-united,ENG Premier League,2025-2026,2025-10-04 15:00:00,2025-10-04 00:00:00,Arsenal,West Ham United,2,0,H,1,0,H,21,4,5,0,8,3,0,2,0,0,J Brooks,1.18,6.5,17.0,1.19,6.83,15.25,1.2,7.5,17.0
20251004-manchester-united-sunderland,ENG Premier League,2025-2026,2025-10-04 15:00:00,2025-10-04 00:00:00,Manchester United,Sunderland,2,0,H,2,0,H,15,8,6,3,2,3,1,4,0,0,S Attwell,1.5,4.75,5.75,1.5,4.55,5.98,1.53,4.75,6.5
20251004-chelsea-liverpool,ENG Premier League,2025-2026,2025-10-04 17:30:00,2025-10-04 00:00:00,Chelsea,Liverpool,2,1,H,1,0,H,12,12,6,2,7,2,0,2,0,0,A Taylor,2.8,3.75,2.3,2.87,3.7,2.28,2.95,3.8,2.38
20251005-aston-villa-burnley,ENG Premier League,2025-2026,2025-10-05 14:00:00,2025-10-05 00:00:00,Aston Villa,Burnley,2,1,H,1,0,H,15,5,7,2,6,4,3,1,0,0,A Kitchen,1.6,4.0,5.75,1.59,4.0,5.76,1.62,4.2,6.0
20251005-everton-crystal-palace,ENG Premier League,2025-2026,2025-10-05 14:00:00,2025-10-05 00:00:00,Everton,Crystal Palace,2,1,H,0,1,A,14,15,7,8,2,4,2,3,0,0,M Salisbury,2.45,3.25,3.0,2.53,3.21,2.89,2.65,3.25,3.0
20251005-newcastle-united-nottingham-forest,ENG Premier League,2025-2026,2025-10-05 14:00:00,2025-10-05 00:00:00,Newcastle United,Nottingham Forest,2,0,H,0,0,D,18,5,9,4,8,1,0,4,0,0,P Bankes,1.57,4.2,5.5,1.58,4.21,5.46,1.61,4.4,5.75
20251005-wolverhampton-wanderers-brighton-hove-albion,ENG Premier League,2025-2026,2025-10-05 14:00:00,2025-10-05 00:00:00,Wolverhampton Wanderers,Brighton & Hove Albion,1,1,D,1,0,H,6,17,3,6,2,8,2,4,0,0,J Gillett,3.6,3.7,2.0,3.67,3.6,1.99,3.85,3.7,2.0
20251005-brentford-manchester-city,ENG Premier League,2025-2026,2025-10-05 16:30:00,2025-10-05 00:00:00,Brentford,Manchester City,0,1,A,0,1,A,6,10,1,4,3,2,3,2,0,0,D England,4.75,4.5,1.62,4.73,4.27,1.64,5.0,4.5,1.67
20251018-nottingham-forest-chelsea,ENG Premier League,2025-2026,2025-10-18 12:30:00,2025-10-18 00:00:00,Nottingham Forest,Chelsea,0,3,A,0,0,D,12,17,2,6,5,2,2,2,0,1,C Kavanagh,3.7,3.8,1.95,3.75,3.74,1.93,3.85,3.85,1.95
20251018-brighton-hove-albion-newcastle-united,ENG Premier League,2025-2026,2025-10-18 15:00:00,2025-10-18 00:00:00,Brighton & Hove Albion,Newcastle United,2,1,H,1,0,H,13,16,5,3,8,4,0,1,0,0,C Pawson,2.63,3.4,2.6,2.61,3.48,2.62,2.75,3.66,2.65
20251018-burnley-leeds-united,ENG Premier League,2025-2026,2025-10-18 15:00:00,2025-10-18 00:00:00,Burnley,Leeds United,2,0,H,1,0,H,4,19,3,4,1,5,2,1,0,0,T Robinson,3.25,3.25,2.25,3.3,3.25,2.26,3.45,3.33,2.3
20251018-crystal-palace-bournemouth,ENG Premier League,2025-2026,2025-10-18 15:00:00,2025-10-18 00:00:00,Crystal Palace,Bournemouth,3,3,D,0,2,A,20,8,7,5,6,5,1,4,0,0,J Gillett,2.2,3.4,3.25,2.25,3.35,3.22,2.3,3.4,3.35
20251018-manchester-city-everton,ENG Premier League,2025-2026,2025-10-18 15:00:00,2025-10-18 00:00:00,Manchester City,Everton,2,0,H,0,0,D,19,5,7,1,11,3,0,2,0,0,T Harrington,1.4,5.0,7.0,1.38,4.92,7.91,1.41,5.25,9.0
20251018-sunderland-wolverhampton-wanderers,ENG Premier League,2025-2026,2025-10-18 15:00:00,2025-10-18 00:00:00,Sunderland,Wolverhampton Wanderers,2,0,H,1,0,H,8,16,2,3,3,2,0,0,0,0,R Jones,2.5,3.0,3.1,2.46,3.07,3.13,2.5,3.15,3.25
20251018-fulham-arsenal,ENG Premier League,2025-2026,2025-10-18 17:30:00,2025-10-18 00:00:00,Fulham,Arsenal,0,1,A,0,0,D,9,16,0,5,6,10,0,0,0,0,A Taylor,5.75,4.1,1.55,6.14,4.13,1.54,6.5,4.4,1.57
20251019-tottenham-hotspur-aston-villa,ENG Premier League,2025-2026,2025-10-19 14:00:00,2025-10-19 00:00:00,Tottenham Hotspur,Aston Villa,1,2,A,1,1,D,9,8,3,2,6,6,2,0,0,0,S Hooper,2.05,3.5,3.5,2.06,3.56,3.42,2.15,3.7,3.5
20251019-liverpool-manchester-united,ENG Premier League,2025-2026,2025-10-19 16:30:00,2025-10-19 00:00:00,Liverpool,Manchester United,1,2,A,0,1,A,19,12,6,4,9,4,0,2,0,0,M Oliver,1.6,4.5,5.0,1.6,4.4,4.89,1.62,4.7,5.1
20251020-west-ham-united-brentford,ENG Premier League,2025-2026,2025-10-20 20:00:00,2025-10-20 00:00:00,West Ham United,Brentford,0,2,A,0,1,A,7,22,1,7,6,10,1,1,0,0,A Madley,2.5,3.25,2.88,2.46,3.37,2.82,2.5,3.55,2.95
20251024-leeds-united-west-ham-united,ENG Premier League,2025-2026,2025-10-24 20:00:00,2025-10-24 00:00:00,Leeds United,West Ham United,2,1,H,2,0,H,13,9,5,3,3,4,3,3,0,0,S Attwell,1.8,3.5,4.75,1.81,3.57,4.59,1.83,3.65,5.0
20251025-chelsea-sunderland,ENG Premier League,2025-2026,2025-10-25 15:00:00,2025-10-25 00:00:00,Chelsea,Sunderland,1,2,A,1,1,D,16,10,7,4,9,1,1,1,0,0,A Madley,1.36,4.75,9.0,1.37,4.99,8.31,1.42,5.25,9.5
20251025-newcastle-united-fulham,ENG Premier League,2025-2026,2025-10-25 15:00:00,2025-10-25 00:00:00,Newcastle United,Fulham,2,1,H,1,0,H,18,12,7,5,4,3,0,2,0,0,P Bankes,1.62,3.9,5.5,1.62,3.97,5.44,1.64,4.1,6.0
20251025-manchester-united-brighton-hove-albion,ENG Premier League,2025-2026,2025-10-25 17:30:00,2025-10-25 00:00:00,Manchester United,Brighton & Hove Albion,4,2,H,2,0,H,13,17,9,5,1,6,2,2,0,0,A Taylor,1.95,3.8,3.5,2.0,3.83,3.45,2.05,4.0,3.6
20251025-brentford-liverpool,ENG Premier League,2025-2026,2025-10-25 20:00:00,2025-10-25 00:00:00,Brentford,Liverpool,3,2,H,2,1,H,17,18,8,5,5,4,3,2,0,0,S Hooper,4.1,4.2,1.75,4.28,4.13,1.73,4.5,4.2,1.78
20251026-arsenal-crystal-palace,ENG Premier League,2025-2026,2025-10-26 14:00:00,2025-10-26 00:00:00,Arsenal,Crystal Palace,1,0,H,1,0,H,10,7,3,1,4,3,0,0,0,0,T Bramall,1.4,4.75,7.5,1.41,4.6,7.76,1.44,4.75,8.7
20251026-aston-villa-manchester-city,ENG Premier League,2025-2026,2025-10-26 14:00:00,2025-10-26 00:00:00,Aston Villa,Manchester City,1,0,H,1,0,H,9,18,3,4,5,6,1,4,0,0,M Oliver,4.33,3.8,1.8,4.08,3.8,1.83,4.33,4.0,1.89
20251026-bournemouth-nottingham-forest,ENG Premier League,2025-2026,2025-10-26 14:00:00,2025-10-26 00:00:00,Bournemouth,Nottingham Forest,2,0,H,2,0,H,13,8,5,4,6,4,3,1,0,0,S Barrott,1.8,3.8,4.33,1.79,3.79,4.29,1.81,3.95,4.6
20251026-wolverhampton-wanderers-burnley,ENG Premier League,2025-2026,2025-10-26 14:00:00,2025-10-26 00:00:00,Wolverhampton Wanderers,Burnley,2,3,A,2,2,D,15,11,7,7,5,3,1,0,0,0,T Harrington,1.95,3.3,4.2,1.97,3.3,4.06,2.0,3.4,4.25
20251026-everton-tottenham-hotspur,ENG Premier League,2025-2026,2025-10-26 16:30:00,2025-10-26 00:00:00,Everton,Tottenham Hotspur,0,3,A,0,2,A,12,7,2,4,9,8,2,0,0,0,C Pawson,2.35,3.4,3.0,2.35,3.38,2.99,2.4,3.4,3.15
20251101-brighton-hove-albion-leeds-united,ENG Premier League,2025-2026,2025-11-01 15:00:00,2025-11-01 00:00:00,Brighton & Hove Albion,Leeds United,3,0,H,1,0,H,14,5,7,2,4,7,0,1,0,0,M Oliver,1.85,3.75,4.0,1.85,3.74,4.11,1.91,3.9,4.33
20251101-burnley-arsenal,ENG Premier League,2025-2026,2025-11-01 15:00:00,2025-11-01 00:00:00,Burnley,Arsenal,0,2,A,0,2,A,3,12,0,8,1,6,2,1,0,0,C Kavanagh,10.0,6.0,1.27,10.97,5.65,1.28,13.0,6.0,1.29
20251101-crystal-palace-brentford,ENG Premier League,2025-2026,2025-11-01 15:00:00,2025-11-01 00:00:00,Crystal Palace,Brentford,2,0,H,1,0,H,9,6,2,2,6,5,0,3,0,0,P Bankes,1.91,3.6,3.9,1.92,3.65,3.85,1.95,3.75,4.1
20251101-fulham-wolverhampton-wanderers,ENG Premier League,2025-2026,2025-11-01 15:00:00,2025-11-01 00:00:00,Fulham,Wolverhampton Wanderers,3,0,H,1,0,H,19,5,6,2,10,1,1,3,0,1,J Brooks,1.83,3.5,4.5,1.84,3.46,4.51,1.87,3.65,4.8
20251101-nottingham-forest-manchester-united,ENG Premier League,2025-2026,2025-11-01 15:00:00,2025-11-01 00:00:00,Nottingham Forest,Manchester United,2,2,D,0,1,A,17,18,3,7,8,5,1,1,0,0,D England,3.3,3.75,2.05,3.41,3.67,2.05,3.6,3.8,2.1
20251101-tottenham-hotspur-chelsea,ENG Premier League,2025-2026,2025-11-01 17:30:00,2025-11-01 00:00:00,Tottenham Hotspur,Chelsea,0,1,A,0,1,A,3,15,1,9,6,5,4,2,0,0,J Gillett,2.7,3.5,2.5,2.71,3.52,2.5,2.8,3.6,2.6
20251101-liverpool-aston-villa,ENG Premier League,2025-2026,2025-11-01 20:00:00,2025-11-01 00:00:00,Liverpool,Aston Villa,2,0,H,1,0,H,16,10,4,3,1,4,2,3,0,0,S Attwell,1.65,4.33,4.5,1.63,4.32,4.81,1.67,4.5,5.0
20251102-west-ham-united-newcastle-united,ENG Premier League,2025-2026,2025-11-02 14:00:00,2025-11-02 00:00:00,West Ham United,Newcastle United,3,1,H,2,1,H,15,12,9,4,7,6,1,2,0,0,R Jones,5.25,4.0,1.62,4.99,4.08,1.64,5.5,4.4,1.67
20251102-manchester-city-bournemouth,ENG Premier League,2025-2026,2025-11-02 16:30:00,2025-11-02 00:00:00,Manchester City,Bournemouth,3,1,H,2,1,H,15,8,8,5,10,4,2,2,0,0,A Taylor,1.5,4.75,5.75,1.49,4.64,5.9,1.5,4.9,6.5
20251103-sunderland-everton,ENG Premier League,2025-2026,2025-11-03 20:00:00,2025-11-03 00:00:00,Sunderland,Everton,1,1,D,0,1,A,17,8,3,2,4,1,3,2,0,0,T Bramall,2.7,3.2,2.7,2.74,3.12,2.67,2.8,3.2,2.8
20251108-tottenham-hotspur-manchester-united,ENG Premier League,2025-2026,2025-11-08 12:30:00,2025-11-08 00:00:00,Tottenham Hotspur,Manchester United,2,2,D,0,1,A,10,5,4,2,5,3,5,1,0,0,S Barrott,2.63,3.6,2.5,2.65,3.58,2.52,2.75,3.7,2.6
20251108-everton-fulham,ENG Premier League,2025-2026,2025-11-08 15:00:00,2025-11-08 00:00:00,Everton,Fulham,2,0,H,1,0,H,14,8,5,4,7,5,2,2,0,0,A Madley,2.2,3.3,3.4,2.2,3.28,3.4,2.25,3.35,3.5
20251108-west-ham-united-burnley,ENG Premier League,2025-2026,2025-11-08 15:00:00,2025-11-08 00:00:00,West Ham United,Burnley,3,2,H,1,1,D,15,16,6,7,7,4,2,2,0,0,M Salisbury,1.91,3.5,4.0,1.94,3.5,3.98,2.0,3.6,4.1
20251108-sunderland-arsenal,ENG Premier League,2025-2026,2025-11-08 17:30:00,2025-11-08 00:00:00,Sunderland,Arsenal,2,2,D,1,0,H,6,17,2,7,2,2,2,1,0,0,C Pawson,7.5,5.0,1.38,8.39,4.67,1.39,9.5,5.0,1.4
20251108-chelsea-wolverhampton-wanderers,ENG Premier League,2025-2026,2025-11-08 20:00:00,2025-11-08 00:00:00,Chelsea,Wolverhampton Wanderers,3,0,H,0,0,D,20,3,8,0,10,1,1,2,0,0,A Kitchen,1.36,4.75,8.5,1.36,5.06,8.27,1.37,5.3,9.0
20251109-aston-villa-bournemouth,ENG Premier League,2025-2026,2025-11-09 14:00:00,2025-11-09 00:00:00,Aston Villa,Bournemouth,4,0,H,2,0,H,16,13,8,4,6,9,2,2,0,0,J Brooks,2.2,3.4,3.25,2.19,3.45,3.25,2.28,3.5,3.4
20251109-brentford-newcastle-united,ENG Premier League,2025-2026,2025-11-09 14:00:00,2025-11-09 00:00:00,Brentford,Newcastle United,3,1,H,0,1,A,15,5,7,1,6,2,2,1,0,0,S Attwell,2.8,3.5,2.45,2.84,3.4,2.45,2.95,3.5,2.5
20251109-crystal-palace-brighton-hove-albion,ENG Premier League,2025-2026,2025-11-09 14:00:00,2025-11-09 00:00:00,Crystal Palace,Brighton & Hove Albion,0,0,D,0,0,D,10,7,2,3,4,8,1,4,0,0,T Robinson,2.25,3.5,3.1,2.27,3.52,3.04,2.33,3.6,3.15
20251109-nottingham-forest-leeds-united,ENG Premier League,2025-2026,2025-11-09 14:00:00,2025-11-09 00:00:00,Nottingham Forest,Leeds United,3,1,H,1,1,D,14,10,6,3,6,4,2,1,0,0,J Gillett,2.25,3.25,3.3,2.22,3.32,3.29,2.25,3.4,3.45
20251109-manchester-city-liverpool,ENG Premier League,2025-2026,2025-11-09 16:30:00,2025-11-09 00:00:00,Manchester City,Liverpool,3,0,H,2,0,H,14,7,6,1,7,7,2,4,0,0,C Kavanagh,1.9,3.9,3.7,1.88,3.92,3.72,1.91,4.0,4.0
20251122-burnley-chelsea,ENG Premier League,2025-2026,2025-11-22 12:30:00,2025-11-22 00:00:00,Burnley,Chelsea,0,2,A,0,1,A,8,15,2,5,1,9,2,3,0,0,P Bankes,6.25,4.5,1.48,6.56,4.45,1.48,7.0,4.75,1.52
20251122-bournemouth-west-ham-united,ENG Premier League,2025-2026,2025-11-22 15:00:00,2025-11-22 00:00:00,Bournemouth,West Ham United,2,2,D,0,2,A,28,5,10,2,9,2,3,2,0,0,T Bramall,1.62,4.2,4.75,1.62,4.09,5.14,1.64,4.2,5.5
20251122-brighton-hove-albion-brentford,ENG Premier League,2025-2026,2025-11-22 15:00:00,2025-11-22 00:00:00,Brighton & Hove Albion,Brentford,2,1,H,0,1,A,14,10,5,4,7,4,4,2,0,0,C Kavanagh,1.91,3.6,4.0,1.93,3.66,3.82,1.96,3.75,4.0
20251122-fulham-sunderland,ENG Premier League,2025-2026,2025-11-22 15:00:00,2025-11-22 00:00:00,Fulham,Sunderland,1,0,H,0,0,D,24,4,6,2,7,4,3,3,0,0,D England,2.1,3.25,3.75,2.1,3.24,3.74,2.15,3.3,3.9
20251122-liverpool-nottingham-forest,ENG Premier League,2025-2026,2025-11-22 15:00:00,2025-11-22 00:00:00,Liverpool,Nottingham Forest,0,3,A,0,1,A,21,15,4,7,8,6,2,0,0,0,A Madley,1.44,5.0,6.25,1.42,4.86,6.97,1.44,5.0,7.5
20251122-wolverhampton-wanderers-crystal-palace,ENG Premier League,2025-2026,2025-11-22 15:00:00,2025-11-22 00:00:00,Wolverhampton Wanderers,Crystal Palace,0,2,A,0,0,D,8,10,1,4,1,4,2,3,0,0,A Taylor,3.8,3.6,1.95,3.86,3.5,1.97,4.1,3.6,2.0
20251122-newcastle-united-manchester-city,ENG Premier League,2025-2026,2025-11-22 17:30:00,2025-11-22 00:00:00,Newcastle United,Manchester City,2,1,H,0,0,D,9,17,5,4,5,9,1,3,0,0,S Barrott,3.6,3.8,1.95,3.54,3.75,1.98,3.65,3.8,2.0
20251123-leeds-united-aston-villa,ENG Premier League,2025-2026,2025-11-23 14:00:00,2025-11-23 00:00:00,Leeds United,Aston Villa,1,2,A,1,0,H,14,14,5,3,3,3,5,1,0,0,R Jones,3.0,3.3,2.4,3.04,3.25,2.37,3.15,3.35,2.45
20251123-arsenal-tottenham-hotspur,ENG Premier League,2025-2026,2025-11-23 16:30:00,2025-11-23 00:00:00,Arsenal,Tottenham Hotspur,4,1,H,2,0,H,17,3,8,2,4,1,1,3,0,0,M Oliver,1.42,4.75,7.5,1.39,4.66,8.03,1.42,4.9,8.5
20251124-manchester-united-everton,ENG Premier League,2025-2026,2025-11-24 20:00:00,2025-11-24 00:00:00,Manchester United,Everton,0,1,A,0,1,A,25,3,6,1,9,1,2,0,0,1,T Harrington,1.75,4.0,4.33,1.74,3.83,4.49,1.78,4.1,4.6
20251129-brentford-burnley,ENG Premier League,2025-2026,2025-11-29 15:00:00,2025-11-29 00:00:00,Brentford,Burnley,3,1,H,0,0,D,14,6,4,2,5,6,0,2,0,0,S Barrott,1.45,4.5,7.0,1.45,4.54,6.96,1.49,4.8,7.5
20251129-manchester-city-leeds-united,ENG Premier League,2025-2026,2025-11-29 15:00:00,2025-11-29 00:00:00,Manchester City,Leeds United,3,2,H,2,0,H,18,9,9,4,8,1,4,1,0,0,P Bankes,1.22,6.5,12.0,1.23,6.42,11.78,1.25,6.5,13.0
20251129-sunderland-bournemouth,ENG Premier League,2025-2026,2025-11-29 15:00:00,2025-11-29 00:00:00,Sunderland,Bournemouth,3,2,H,1,2,A,12,18,6,6,6,3,5,5,0,1,T Robinson,3.2,3.3,2.3,3.04,3.3,2.35,3.2,3.4,2.43
20251129-everton-newcastle-united,ENG Premier League,2025-2026,2025-11-29 17:30:00,2025-11-29 00:00:00,Everton,Newcastle United,1,4,A,0,3,A,10,13,2,8,8,7,0,0,0,0,C Pawson,2.8,3.25,2.63,2.79,3.31,2.55,2.95,3.4,2.63
20251129-tottenham-hotspur-fulham,ENG Premier League,2025-2026,2025-11-29 20:00:00,2025-11-29 00:00:00,Tottenham Hotspur,Fulham,1,2,A,0,2,A,14,7,2,3,8,2,3,2,0,0,S Attwell,2.2,3.3,3.3,2.18,3.39,3.33,2.25,3.55,3.6
20251130-crystal-palace-manchester-united,ENG Premier League,2025-2026,2025-11-30 12:00:00,2025-11-30 00:00:00,Crystal Palace,Manchester United,1,2,A,1,0,H,14,14,3,6,4,4,3,2,0,0,R Jones,2.3,3.4,3.1,2.32,3.51,2.93,2.38,3.75,3.1
20251130-aston-villa-wolverhampton-wanderers,ENG Premier League,2025-2026,2025-11-30 14:05:00,2025-11-30 00:00:00,Aston Villa,Wolverhampton Wanderers,1,0,H,0,0,D,16,9,6,4,7,3,0,4,0,0,C Kavanagh,1.5,4.33,6.5,1.48,4.39,6.57,1.5,4.6,7.5
20251130-nottingham-forest-brighton-hove-albion,ENG Premier League,2025-2026,2025-11-30 14:05:00,2025-11-30 00:00:00,Nottingham Forest,Brighton & Hove Albion,0,2,A,0,1,A,19,17,3,6,9,2,0,1,0,0,M Oliver,2.75,3.3,2.63,2.72,3.36,2.54,2.8,3.4,2.63
20251130-west-ham-united-liverpool,ENG Premier League,2025-2026,2025-11-30 14:05:00,2025-11-30 00:00:00,West Ham United,Liverpool,0,2,A,0,0,D,7,9,0,5,7,2,1,0,1,0,D England,4.33,4.33,1.67,4.28,4.06,1.74,4.45,4.33,1.8
20251130-chelsea-arsenal,ENG Premier League,2025-2026,2025-11-30 16:30:00,2025-11-30 00:00:00,Chelsea,Arsenal,1,1,D,0,0,D,11,8,4,4,3,3,1,6,1,0,A Taylor,3.4,3.3,2.2,3.33,3.35,2.18,3.45,3.45,2.25
20251202-bournemouth-everton,ENG Premier League,2025-2026,2025-12-02 19:30:00,2025-12-02 00:00:00,Bournemouth,Everton,0,1,A,0,0,D,5,13,2,3,1,6,3,3,0,0,M Salisbury,2.2,3.25,3.3,2.2,3.29,3.38,2.25,3.4,3.45
20251202-fulham-manchester-city,ENG Premier League,2025-2026,2025-12-02 19:30:00,2025-12-02 00:00:00,Fulham,Manchester City,4,5,A,1,3,A,12,11,6,4,7,2,0,1,0,0,C Pawson,4.33,4.1,1.73,4.66,4.04,1.69,5.0,4.2,1.73
20251202-newcastle-united-tottenham-hotspur,ENG Premier League,2025-2026,2025-12-02 20:15:00,2025-12-02 00:00:00,Newcastle United,Tottenham Hotspur,2,2,D,0,0,D,19,8,7,2,11,8,0,3,0,0,T Bramall,1.83,3.8,4.1,1.8,3.78,4.24,1.83,3.9,4.5
20251203-arsenal-brentford,ENG Premier League,2025-2026,2025-12-03 19:30:00,2025-12-03 00:00:00,Arsenal,Brentford,2,0,H,1,0,H,15,6,7,1,4,8,0,1,0,0,T Harrington,1.36,5.0,8.5,1.35,4.97,8.94,1.37,5.25,10.5
20251203-brighton-hove-albion-aston-villa,ENG Premier League,2025-2026,2025-12-03 19:30:00,2025-12-03 00:00:00,Brighton & Hove Albion,Aston Villa,3,4,A,2,2,D,16,14,7,10,5,6,2,2,0,0,A Madley,2.15,3.5,3.4,2.15,3.48,3.33,2.17,3.65,3.4
20251203-burnley-crystal-palace,ENG Premier League,2025-2026,2025-12-03 19:30:00,2025-12-03 00:00:00,Burnley,Crystal Palace,0,1,A,0,1,A,11,3,4,3,3,4,0,0,0,0,T Kirk,4.5,3.8,1.75,4.57,3.71,1.77,4.75,3.8,1.8
20251203-wolverhampton-wanderers-nottingham-forest,ENG Premier League,2025-2026,2025-12-03 19:30:00,2025-12-03 00:00:00,Wolverhampton Wanderers,Nottingham Forest,0,1,A,0,0,D,5,10,1,3,3,9,2,2,0,0,T Robinson,3.25,3.4,2.25,3.28,3.3,2.24,3.45,3.4,2.3
20251203-leeds-united-chelsea,ENG Premier League,2025-2026,2025-12-03 20:15:00,2025-12-03 00:00:00,Leeds United,Chelsea,3,1,H,2,0,H,17,14,5,2,4,2,1,1,0,0,D England,4.1,4.1,1.8,4.31,3.87,1.78,4.5,4.1,1.8
20251203-liverpool-sunderland,ENG Premier League,2025-2026,2025-12-03 20:15:00,2025-12-03 00:00:00,Liverpool,Sunderland,1,1,D,0,0,D,23,9,4,6,7,3,1,1,0,0,S Attwell,1.36,5.25,7.0,1.35,5.29,8.05,1.37,5.5,8.5
20251204-manchester-united-west-ham-united,ENG Premier League,2025-2026,2025-12-04 20:00:00,2025-12-04 00:00:00,Manchester United,West Ham United,1,1,D,0,0,D,17,11,4,3,6,6,2,2,0,0,A Kitchen,1.45,5.0,6.0,1.43,4.81,6.59,1.46,5.1,7.0
20251206-aston-villa-arsenal,ENG Premier League,2025-2026,2025-12-06 12:30:00,2025-12-06 00:00:00,Aston Villa,Arsenal,2,1,H,1,0,H,15,15,6,9,3,3,0,2,0,0,P Bankes,4.2,3.5,1.9,4.13,3.45,1.91,4.2,3.5,1.95
20251206-bournemouth-chelsea,ENG Premier League,2025-2026,2025-12-06 15:00:00,2025-12-06 00:00:00,Bournemouth,Chelsea,0,0,D,0,0,D,13,11,5,4,5,0,0,2,0,0,M Oliver,3.1,3.75,2.15,3.14,3.67,2.16,3.25,3.75,2.2
20251206-everton-nottingham-forest,ENG Premier League,2025-2026,2025-12-06 15:00:00,2025-12-06 00:00:00,Everton,Nottingham Forest,3,0,H,2,0,H,11,7,5,3,6,3,4,3,0,0,C Kavanagh,2.2,3.2,3.5,2.17,3.25,3.52,2.2,3.35,3.65
20251206-manchester-city-sunderland,ENG Premier League,2025-2026,2025-12-06 15:00:00,2025-12-06 00:00:00,Manchester City,Sunderland,3,0,H,2,0,H,18,8,6,1,6,5,1,0,0,1,A Madley,1.25,6.5,10.0,1.24,6.22,11.38,1.26,6.5,13.0
20251206-newcastle-united-burnley,ENG Premier League,2025-2026,2025-12-06 15:00:00,2025-12-06 00:00:00,Newcastle United,Burnley,2,1,H,2,0,H,17,9,7,3,9,9,2,2,0,1,S Attwell,1.27,6.0,9.5,1.28,5.72,10.39,1.3,6.0,11.5
20251206-tottenham-hotspur-brentford,ENG Premier League,2025-2026,2025-12-06 15:00:00,2025-12-06 00:00:00,Tottenham Hotspur,Brentford,2,0,H,2,0,H,15,4,7,1,7,6,3,4,0,0,R Jones,2.3,3.5,3.0,2.31,3.44,3.03,2.38,3.5,3.2
20251206-leeds-united-liverpool,ENG Premier League,2025-2026,2025-12-06 17:30:00,2025-12-06 00:00:00,Leeds United,Liverpool,3,3,D,0,0,D,12,16,5,7,5,4,3,3,0,0,A Taylor,3.8,4.0,1.85,3.95,3.9,1.84,4.2,4.2,1.91
20251207-brighton-hove-albion-west-ham-united,ENG Premier League,2025-2026,2025-12-07 14:00:00,2025-12-07 00:00:00,Brighton & Hove Albion,West Ham United,1,1,D,0,0,D,22,14,4,5,10,6,2,2,0,0,S Hooper,1.55,4.33,5.75,1.55,4.32,5.63,1.57,4.5,6.0
20251207-fulham-crystal-palace,ENG Premier League,2025-2026,2025-12-07 16:30:00,2025-12-07 00:00:00,Fulham,Crystal Palace,1,2,A,1,1,D,12,11,4,5,6,4,0,0,0,0,S Barrott,2.55,3.3,2.8,2.57,3.27,2.77,2.63,3.4,2.88
20251208-wolverhampton-wanderers-manchester-united,ENG Premier League,2025-2026,2025-12-08 20:00:00,2025-12-08 00:00:00,Wolverhampton Wanderers,Manchester United,1,4,A,1,1,D,8,27,2,10,1,9,3,2,0,0,M Salisbury,4.2,4.0,1.75,4.22,3.9,1.77,4.4,4.1,1.8
20251213-chelsea-everton,ENG Premier League,2025-2026,2025-12-13 15:00:00,2025-12-13 00:00:00,Chelsea,Everton,2,0,H,2,0,H,17,11,5,2,4,7,1,0,0,0,T Bramall,1.67,3.8,5.25,1.66,3.9,5.09,1.7,4.0,5.5
20251213-liverpool-brighton-hove-albion,ENG Premier League,2025-2026,2025-12-13 15:00:00,2025-12-13 00:00:00,Liverpool,Brighton & Hove Albion,2,0,H,1,0,H,18,14,4,1,2,2,1,2,0,0,C Pawson,1.67,4.0,4.75,1.67,4.17,4.62,1.7,4.3,5.0
20251213-burnley-fulham,ENG Premier League,2025-2026,2025-12-13 17:30:00,2025-12-13 00:00:00,Burnley,Fulham,2,3,A,1,2,A,16,6,8,4,10,4,1,2,0,0,M Oliver,4.0,3.5,1.91,3.93,3.48,1.95,4.0,3.6,2.0
20251213-arsenal-wolverhampton-wanderers,ENG Premier League,2025-2026,2025-12-13 20:00:00,2025-12-13 00:00:00,Arsenal,Wolverhampton Wanderers,2,1,H,0,0,D,16,3,2,2,8,0,0,4,0,0,R Jones,1.13,8.5,21.0,1.12,8.62,22.31,1.14,9.5,26.0
20251214-crystal-palace-manchester-city,ENG Premier League,2025-2026,2025-12-14 14:00:00,2025-12-14 00:00:00,Crystal Palace,Manchester City,0,3,A,0,1,A,16,7,4,6,2,2,2,0,0,0,D England,3.9,3.9,1.85,3.98,3.81,1.83,4.2,4.0,1.88
20251214-nottingham-forest-tottenham-hotspur,ENG Premier League,2025-2026,2025-12-14 14:00:00,2025-12-14 00:00:00,Nottingham Forest,Tottenham Hotspur,3,0,H,1,0,H,15,6,6,1,3,3,1,3,0,0,S Barrott,2.55,3.3,2.8,2.55,3.28,2.76,2.63,3.35,2.88
20251214-sunderland-newcastle-united,ENG Premier League,2025-2026,2025-12-14 14:00:00,2025-12-14 00:00:00,Sunderland,Newcastle United,1,0,H,0,0,D,5,6,1,2,3,6,5,4,0,0,P Bankes,3.3,3.3,2.25,3.26,3.33,2.22,3.35,3.4,2.28
20251214-west-ham-united-aston-villa,ENG Premier League,2025-2026,2025-12-14 14:00:00,2025-12-14 00:00:00,West Ham United,Aston Villa,2,3,A,2,1,H,10,7,3,4,5,3,1,2,0,0,A Taylor,3.75,3.5,2.0,3.63,3.51,2.0,3.9,3.65,2.05
20251214-brentford-leeds-united,ENG Premier League,2025-2026,2025-12-14 16:30:00,2025-12-14 00:00:00,Brentford,Leeds United,1,1,D,0,0,D,7,18,2,4,0,3,0,0,0,0,J Brooks,1.91,3.6,4.0,1.94,3.54,3.85,2.0,3.7,4.0
20251215-manchester-united-bournemouth,ENG Premier League,2025-2026,2025-12-15 20:00:00,2025-12-15 00:00:00,Manchester United,Bournemouth,4,4,D,2,1,H,25,14,9,9,5,4,2,3,0,0,S Hooper,1.83,4.0,3.8,1.82,3.98,3.84,1.85,4.25,4.0
20251220-newcastle-united-chelsea,ENG Premier League,2025-2026,2025-12-20 12:30:00,2025-12-20 00:00:00,Newcastle United,Chelsea,2,2,D,2,0,H,11,13,5,4,6,4,3,6,0,0,A Madley,2.75,3.6,2.45,2.73,3.51,2.47,2.85,3.65,2.6
20251220-bournemouth-burnley,ENG Premier League,2025-2026,2025-12-20 15:00:00,2025-12-20 00:00:00,Bournemouth,Burnley,1,1,D,0,0,D,16,4,1,1,5,3,1,1,0,0,C Kavanagh,1.48,4.33,6.5,1.47,4.44,6.59,1.5,4.75,7.0
20251220-brighton-hove-albion-sunderland,ENG Premier League,2025-2026,2025-12-20 15:00:00,2025-12-20 00:00:00,Brighton & Hove Albion,Sunderland,0,0,D,0,0,D,16,14,4,6,3,4,2,2,0,0,D England,1.67,4.0,5.25,1.65,3.95,5.16,1.7,4.2,5.5
20251220-manchester-city-west-ham-united,ENG Premier League,2025-2026,2025-12-20 15:00:00,2025-12-20 00:00:00,Manchester City,West Ham United,3,0,H,2,0,H,17,7,8,3,6,0,1,1,0,0,P Tierney,1.22,8.0,10.0,1.2,7.36,11.88,1.22,8.0,13.0
20251220-wolverhampton-wanderers-brentford,ENG Premier League,2025-2026,2025-12-20 15:00:00,2025-12-20 00:00:00,Wolverhampton Wanderers,Brentford,0,2,A,0,0,D,9,7,2,6,3,4,2,4,0,0,M Donohue,3.5,3.6,2.05,3.59,3.48,2.05,3.75,3.6,2.1
20251220-tottenham-hotspur-liverpool,ENG Premier League,2025-2026,2025-12-20 17:30:00,2025-12-20 00:00:00,Tottenham Hotspur,Liverpool,1,2,A,0,0,D,15,8,4,4,2,6,3,3,2,0,J Brooks,3.5,3.75,2.0,3.36,3.71,2.02,3.5,3.85,2.1
20251220-everton-arsenal,ENG Premier League,2025-2026,2025-12-20 20:00:00,2025-12-20 00:00:00,Everton,Arsenal,0,1,A,0,1,A,5,13,1,2,2,3,2,2,0,0,S Barrott,5.75,4.1,1.57,6.03,3.89,1.57,6.5,4.1,1.62
20251220-leeds-united-crystal-palace,ENG Premier League,2025-2026,2025-12-20 20:00:00,2025-12-20 00:00:00,Leeds United,Crystal Palace,4,1,H,2,0,H,20,9,8,3,9,5,1,3,0,0,T Bramall,2.6,3.3,2.75,2.6,3.25,2.76,2.7,3.3,2.88
20251221-aston-villa-manchester-united,ENG Premier League,2025-2026,2025-12-21 16:30:00,2025-12-21 00:00:00,Aston Villa,Manchester United,2,1,H,1,1,D,12,15,4,6,5,5,1,2,0,0,M Oliver,2.1,3.6,3.3,2.1,3.64,3.26,2.15,3.75,3.4
20251222-fulham-nottingham-forest,ENG Premier League,2025-2026,2025-12-22 20:00:00,2025-12-22 00:00:00,Fulham,Nottingham Forest,1,0,H,1,0,H,11,12,1,2,1,5,5,4,0,0,A Taylor,2.4,3.25,3.0,2.42,3.27,2.93,2.5,3.4,3.1
20251226-manchester-united-newcastle-united,ENG Premier League,2025-2026,2025-12-26 20:00:00,2025-12-26 00:00:00,Manchester United,Newcastle United,1,0,H,1,0,H,10,16,4,3,2,11,2,1,0,0,A Taylor,2.55,3.6,2.6,2.47,3.58,2.67,2.55,3.75,2.8
20251227-nottingham-forest-manchester-city,ENG Premier League,2025-2026,2025-12-27 12:30:00,2025-12-27 00:00:00,Nottingham Forest,Manchester City,1,2,A,0,0,D,7,16,2,5,5,5,1,2,0,0,R Jones,5.0,4.33,1.6,5.21,4.24,1.59,5.6,4.4,1.6
20251227-arsenal-brighton-hove-albion,ENG Premier League,2025-2026,2025-12-27 15:00:00,2025-12-27 00:00:00,Arsenal,Brighton & Hove Albion,2,1,H,1,0,H,24,8,6,3,7,2,2,3,0,0,J Brooks,1.42,4.75,7.0,1.41,4.73,7.34,1.44,5.0,8.0
20251227-brentford-bournemouth,ENG Premier League,2025-2026,2025-12-27 15:00:00,2025-12-27 00:00:00,Brentford,Bournemouth,4,1,H,2,0,H,15,20,7,10,2,15,2,2,0,0,P Bankes,2.25,3.6,3.0,2.25,3.57,2.98,2.32,3.75,3.1
20251227-burnley-everton,ENG Premier League,2025-2026,2025-12-27 15:00:00,2025-12-27 00:00:00,Burnley,Everton,0,0,D,0,0,D,16,15,0,6,6,5,0,2,0,0,C Pawson,4.1,3.4,1.95,4.03,3.33,1.96,4.25,3.5,2.0
20251227-liverpool-wolverhampton-wanderers,ENG Premier League,2025-2026,2025-12-27 15:00:00,2025-12-27 00:00:00,Liverpool,Wolverhampton Wanderers,2,1,H,2,0,H,14,9,4,4,6,4,0,1,0,0,S Hooper,1.25,6.5,10.0,1.24,6.31,11.25,1.25,6.75,13.0
20251227-west-ham-united-fulham,ENG Premier League,2025-2026,2025-12-27 15:00:00,2025-12-27 00:00:00,West Ham United,Fulham,0,1,A,0,0,D,11,15,2,4,5,4,1,3,0,0,C Kavanagh,2.63,3.4,2.6,2.65,3.38,2.59,2.8,3.5,2.75
20251227-chelsea-aston-villa,ENG Premier League,2025-2026,2025-12-27 17:30:00,2025-12-27 00:00:00,Chelsea,Aston Villa,1,2,A,1,0,H,14,11,3,8,6,7,5,3,0,0,S Attwell,1.83,3.9,4.0,1.84,3.82,3.97,1.89,4.0,4.2
20251228-sunderland-leeds-united,ENG Premier League,2025-2026,2025-12-28 14:00:00,2025-12-28 00:00:00,Sunderland,Leeds United,1,1,D,1,0,H,8,17,3,6,3,9,1,0,0,0,T Harrington,2.5,3.1,2.88,2.56,3.18,2.8,2.7,3.25,2.88
20251228-crystal-palace-tottenham-hotspur,ENG Premier League,2025-2026,2025-12-28 16:30:00,2025-12-28 00:00:00,Crystal Palace,Tottenham Hotspur,0,1,A,0,1,A,15,8,2,4,3,2,3,2,0,0,J Gillett,2.25,3.25,3.2,2.25,3.33,3.19,2.3,3.45,3.35
20251230-burnley-newcastle-united,ENG Premier League,2025-2026,2025-12-30 19:30:00,2025-12-30 00:00:00,Burnley,Newcastle United,1,3,A,1,2,A,15,20,4,9,3,4,2,1,0,0,R Jones,5.25,4.2,1.6,5.5,4.11,1.59,5.75,4.35,1.62
20251230-chelsea-bournemouth,ENG Premier League,2025-2026,2025-12-30 19:30:00,2025-12-30 00:00:00,Chelsea,Bournemouth,2,2,D,2,2,D,17,17,3,6,12,3,1,1,0,0,S Barrott,1.5,4.75,5.75,1.51,4.56,5.81,1.53,4.75,6.5
20251230-nottingham-forest-everton,ENG Premier League,2025-2026,2025-12-30 19:30:00,2025-12-30 00:00:00,Nottingham Forest,Everton,0,2,A,0,1,A,21,11,6,3,9,2,1,0,0,0,M Oliver,2.1,3.25,3.7,2.12,3.21,3.7,2.2,3.25,3.8
20251230-west-ham-united-brighton-hove-albion,ENG Premier League,2025-2026,2025-12-30 19:30:00,2025-12-30 00:00:00,West Ham United,Brighton & Hove Albion,2,2,D,2,1,H,10,16,4,6,5,5,3,5,0,0,M Salisbury,3.4,3.75,2.0,3.41,3.67,2.04,3.6,3.75,2.1
20251230-arsenal-aston-villa,ENG Premier League,2025-2026,2025-12-30 20:15:00,2025-12-30 00:00:00,Arsenal,Aston Villa,4,1,H,0,0,D,22,11,7,3,3,3,2,3,0,0,D England,1.42,4.75,7.0,1.43,4.68,7.02,1.45,5.0,7.5
20251230-manchester-united-wolverhampton-wanderers,ENG Premier League,2025-2026,2025-12-30 20:15:00,2025-12-30 00:00:00,Manchester United,Wolverhampton Wanderers,1,1,D,1,1,D,15,11,6,4,8,4,0,2,0,0,T Bramall,1.36,5.25,8.0,1.37,5.06,8.09,1.4,5.25,9.0
20260101-crystal-palace-fulham,ENG Premier League,2025-2026,2026-01-01 17:30:00,2026-01-01 00:00:00,Crystal Palace,Fulham,1,1,D,1,0,H,11,17,2,5,6,3,0,5,0,0,T Harrington,2.15,3.3,3.4,2.17,3.34,3.4,2.2,3.4,3.5
20260101-liverpool-leeds-united,ENG Premier League,2025-2026,2026-01-01 17:30:00,2026-01-01 00:00:00,Liverpool,Leeds United,0,0,D,0,0,D,19,4,4,2,8,3,0,2,0,0,C Kavanagh,1.55,4.5,5.5,1.53,4.41,5.83,1.55,4.6,6.4
20260101-brentford-tottenham-hotspur,ENG Premier League,2025-2026,2026-01-01 20:00:00,2026-01-01 00:00:00,Brentford,Tottenham Hotspur,0,0,D,0,0,D,7,9,2,3,3,1,1,2,0,0,A Madley,2.1,3.6,3.2,2.11,3.49,3.35,2.15,3.6,3.5
20260101-sunderland-manchester-city,ENG Premier League,2025-2026,2026-01-01 20:00:00,2026-01-01 00:00:00,Sunderland,Manchester City,0,0,D,0,0,D,10,14,4,4,3,5,1,1,0,0,J Gillett,7.5,4.75,1.38,7.81,4.82,1.39,8.5,5.0,1.44
20260103-aston-villa-nottingham-forest,ENG Premier League,2025-2026,2026-01-03 12:30:00,2026-01-03 00:00:00,Aston Villa,Nottingham Forest,3,1,H,1,0,H,11,10,4,5,4,4,1,2,0,0,S Hooper,1.75,3.9,4.5,1.76,3.74,4.54,1.8,3.9,4.75
20260103-brighton-hove-albion-burnley,ENG Premier League,2025-2026,2026-01-03 15:00:00,2026-01-03 00:00:00,Brighton & Hove Albion,Burnley,2,0,H,1,0,H,15,5,4,3,4,4,0,4,0,0,T Robinson,1.48,4.33,7.0,1.49,4.35,6.56,1.5,4.5,7.0
20260103-wolverhampton-wanderers-west-ham-united,ENG Premier League,2025-2026,2026-01-03 15:00:00,2026-01-03 00:00:00,Wolverhampton Wanderers,West Ham United,3,0,H,3,0,H,11,6,8,0,6,7,1,0,0,0,P Bankes,2.5,3.3,2.88,2.48,3.37,2.82,2.52,3.5,2.95
20260103-bournemouth-arsenal,ENG Premier League,2025-2026,2026-01-03 17:30:00,2026-01-03 00:00:00,Bournemouth,Arsenal,2,3,A,1,1,D,15,12,3,5,7,5,3,1,0,0,C Kavanagh,6.5,4.75,1.44,6.13,4.57,1.48,6.5,5.0,1.53
20260104-leeds-united-manchester-united,ENG Premier League,2025-2026,2026-01-04 12:30:00,2026-01-04 00:00:00,Leeds United,Manchester United,1,1,D,0,0,D,11,15,3,2,6,4,0,1,0,0,J Gillett,2.7,3.3,2.63,2.68,3.44,2.56,2.8,3.5,2.63
20260104-everton-brentford,ENG Premier League,2025-2026,2026-01-04 15:00:00,2026-01-04 00:00:00,Everton,Brentford,2,4,A,0,1,A,14,11,6,7,4,5,0,2,0,0,A Taylor,2.35,3.25,3.1,2.36,3.19,3.1,2.4,3.25,3.25
20260104-newcastle-united-crystal-palace,ENG Premier League,2025-2026,2026-01-04 15:00:00,2026-01-04 00:00:00,Newcastle United,Crystal Palace,2,0,H,0,0,D,12,11,7,1,8,6,1,3,0,0,J Brooks,1.7,3.9,4.75,1.67,3.92,4.89,1.7,4.1,5.3
20260104-tottenham-hotspur-sunderland,ENG Premier League,2025-2026,2026-01-04 15:00:00,2026-01-04 00:00:00,Tottenham Hotspur,Sunderland,1,1,D,1,0,H,13,10,5,3,3,5,2,3,0,0,S Attwell,1.8,3.6,4.5,1.8,3.65,4.37,1.84,3.8,4.7
20260104-fulham-liverpool,ENG Premier League,2025-2026,2026-01-04 15:15:00,2026-01-04 00:00:00,Fulham,Liverpool,2,2,D,1,0,H,8,10,2,2,3,8,1,1,0,0,C Pawson,3.8,3.75,1.91,3.74,3.68,1.92,3.95,3.8,1.96
20260104-manchester-city-chelsea,ENG Premier League,2025-2026,2026-01-04 17:30:00,2026-01-04 00:00:00,Manchester City,Chelsea,1,1,D,1,0,H,14,8,3,3,8,2,3,3,0,0,M Oliver,1.6,4.75,4.5,1.63,4.39,4.66,1.67,4.75,5.1
20260106-west-ham-united-nottingham-forest,ENG Premier League,2025-2026,2026-01-06 20:00:00,2026-01-06 00:00:00,West Ham United,Nottingham Forest,1,2,A,1,0,H,14,13,3,5,6,5,3,0,0,0,T Harrington,2.88,3.25,2.2,3.1,3.33,2.3,3.25,3.4,2.38
20260107-bournemouth-tottenham-hotspur,ENG Premier League,2025-2026,2026-01-07 19:30:00,2026-01-07 00:00:00,Bournemouth,Tottenham Hotspur,3,2,H,2,1,H,11,16,3,4,3,7,3,3,0,0,D England,2.1,3.6,3.3,2.11,3.62,3.27,2.18,3.75,3.4
20260107-brentford-sunderland,ENG Premier League,2025-2026,2026-01-07 19:30:00,2026-01-07 00:00:00,Brentford,Sunderland,3,0,H,1,0,H,18,11,6,3,7,4,2,1,0,0,M Donohue,1.85,3.5,4.33,1.83,3.56,4.36,1.88,3.6,4.5
20260107-crystal-palace-aston-villa,ENG Premier League,2025-2026,2026-01-07 19:30:00,2026-01-07 00:00:00,Crystal Palace,Aston Villa,0,0,D,0,0,D,11,15,5,3,3,5,2,0,0,0,A Madley,3.1,3.3,2.3,3.08,3.36,2.31,3.2,3.5,2.38
20260107-everton-wolverhampton-wanderers,ENG Premier League,2025-2026,2026-01-07 19:30:00,2026-01-07 00:00:00,Everton,Wolverhampton Wanderers,1,1,D,1,0,H,13,13,2,4,2,7,1,3,2,0,T Kirk,1.75,3.5,5.0,1.76,3.55,4.85,1.8,3.65,5.25
20260107-fulham-chelsea,ENG Premier League,2025-2026,2026-01-07 19:30:00,2026-01-07 00:00:00,Fulham,Chelsea,2,1,H,0,0,D,16,14,5,6,2,11,3,3,0,1,P Bankes,3.4,3.6,2.05,3.38,3.59,2.07,3.5,3.7,2.12
20260107-manchester-city-brighton-hove-albion,ENG Premier League,2025-2026,2026-01-07 19:30:00,2026-01-07 00:00:00,Manchester City,Brighton & Hove Albion,1,1,D,1,0,H,22,6,6,3,6,2,1,6,0,0,T Bramall,1.4,5.25,6.5,1.37,5.23,7.27,1.4,5.5,8.5
20260107-burnley-manchester-united,ENG Premier League,2025-2026,2026-01-07 20:15:00,2026-01-07 00:00:00,Burnley,Manchester United,2,2,D,1,0,H,7,30,1,10,2,6,2,0,0,0,S Attwell,4.75,4.0,1.7,4.68,3.95,1.7,5.0,4.0,1.75
20260107-newcastle-united-leeds-united,ENG Premier League,2025-2026,2026-01-07 20:15:00,2026-01-07 00:00:00,Newcastle United,Leeds United,4,3,H,1,2,A,18,14,8,6,8,4,3,2,0,0,M Salisbury,1.67,3.8,5.0,1.67,3.87,5.02,1.73,4.1,5.5
20260108-arsenal-liverpool,ENG Premier League,2025-2026,2026-01-08 20:00:00,2026-01-08 00:00:00,Arsenal,Liverpool,0,0,D,0,0,D,9,8,4,0,3,0,2,2,0,0,A Taylor,1.6,4.1,5.0,1.6,4.11,5.25,1.64,4.33,5.6
20260117-manchester-united-manchester-city,ENG Premier League,2025-2026,2026-01-17 12:30:00,2026-01-17 00:00:00,Manchester United,Manchester City,2,0,H,0,0,D,11,7,7,1,1,6,2,3,0,0,A Taylor,3.7,3.8,1.91,3.55,3.87,1.94,3.7,4.0,2.0
20260117-chelsea-brentford,ENG Premier League,2025-2026,2026-01-17 15:00:00,2026-01-17 00:00:00,Chelsea,Brentford,2,0,H,1,0,H,6,15,2,5,3,9,3,2,0,0,J Brooks,1.73,4.0,4.75,1.69,3.97,4.75,1.73,4.1,5.1
20260117-leeds-united-fulham,ENG Premier League,2025-2026,2026-01-17 15:00:00,2026-01-17 00:00:00,Leeds United,Fulham,1,0,H,0,0,D,14,8,5,1,7,3,1,5,0,0,C Kavanagh,2.15,3.3,3.5,2.17,3.33,3.41,2.23,3.4,3.5
20260117-liverpool-burnley,ENG Premier League,2025-2026,2026-01-17 15:00:00,2026-01-17 00:00:00,Liverpool,Burnley,1,1,D,1,0,H,32,7,11,1,9,1,1,2,0,0,A Madley,1.22,6.5,11.0,1.22,6.4,12.44,1.25,6.75,16.0
20260117-sunderland-crystal-palace,ENG Premier League,2025-2026,2026-01-17 15:00:00,2026-01-17 00:00:00,Sunderland,Crystal Palace,2,1,H,1,1,D,13,6,7,2,3,4,3,3,0,0,R Jones,2.75,3.1,2.75,2.69,3.15,2.74,2.75,3.2,2.85
20260117-tottenham-hotspur-west-ham-united,ENG Premier League,2025-2026,2026-01-17 15:00:00,2026-01-17 00:00:00,Tottenham Hotspur,West Ham United,1,2,A,0,1,A,21,17,6,4,11,5,5,3,0,0,J Gillett,1.73,4.0,4.5,1.71,3.91,4.63,1.75,4.0,4.9
20260117-nottingham-forest-arsenal,ENG Premier League,2025-2026,2026-01-17 17:30:00,2026-01-17 00:00:00,Nottingham Forest,Arsenal,0,0,D,0,0,D,6,15,0,3,4,9,1,1,0,0,M Oliver,6.0,4.33,1.53,6.1,4.16,1.54,6.5,4.4,1.57
20260118-wolverhampton-wanderers-newcastle-united,ENG Premier League,2025-2026,2026-01-18 14:00:00,2026-01-18 00:00:00,Wolverhampton Wanderers,Newcastle United,0,0,D,0,0,D,6,12,2,2,4,7,2,2,0,0,S Barrott,4.75,4.0,1.7,4.6,3.98,1.7,5.0,4.2,1.73
20260118-aston-villa-everton,ENG Premier League,2025-2026,2026-01-18 16:30:00,2026-01-18 00:00:00,Aston Villa,Everton,0,1,A,0,0,D,18,9,5,3,6,4,1,2,0,0,T Harrington,1.67,3.9,5.25,1.66,3.87,5.09,1.7,4.0,5.5
20260119-brighton-hove-albion-bournemouth,ENG Premier League,2025-2026,2026-01-19 20:00:00,2026-01-19 00:00:00,Brighton & Hove Albion,Bournemouth,1,1,D,0,1,A,17,11,5,2,11,6,2,3,0,0,P Tierney,1.85,3.9,3.8,1.85,3.92,3.75,1.91,4.1,4.1
20260124-west-ham-united-sunderland,ENG Premier League,2025-2026,2026-01-24 12:30:00,2026-01-24 00:00:00,West Ham United,Sunderland,3,1,H,3,0,H,13,7,5,2,3,3,2,4,0,0,T Bramall,2.5,3.2,2.88,2.51,3.24,2.85,2.6,3.4,2.9
20260124-burnley-tottenham-hotspur,ENG Premier League,2025-2026,2026-01-24 15:00:00,2026-01-24 00:00:00,Burnley,Tottenham Hotspur,2,2,D,1,1,D,9,18,4,11,1,3,1,0,0,0,P Bankes,3.7,3.5,2.05,3.64,3.39,2.05,3.8,3.5,2.1
20260124-fulham-brighton-hove-albion,ENG Premier League,2025-2026,2026-01-24 15:00:00,2026-01-24 00:00:00,Fulham,Brighton & Hove Albion,2,1,H,0,1,A,12,13,4,5,6,6,1,1,0,0,M Oliver,2.6,3.4,2.7,2.54,3.42,2.71,2.6,3.5,2.75
20260124-manchester-city-wolverhampton-wanderers,ENG Premier League,2025-2026,2026-01-24 15:00:00,2026-01-24 00:00:00,Manchester City,Wolverhampton Wanderers,2,0,H,2,0,H,11,11,4,1,4,6,1,3,0,0,F Hallam,1.2,7.0,11.0,1.21,6.68,12.0,1.24,7.5,15.0
20260124-bournemouth-liverpool,ENG Premier League,2025-2026,2026-01-24 17:30:00,2026-01-24 00:00:00,Bournemouth,Liverpool,3,2,H,2,1,H,12,14,5,4,3,11,1,1,0,0,M Salisbury,3.75,3.8,1.9,3.73,3.87,1.89,3.85,4.0,1.92
20260125-brentford-nottingham-forest,ENG Premier League,2025-2026,2026-01-25 14:00:00,2026-01-25 00:00:00,Brentford,Nottingham Forest,0,2,A,0,1,A,10,7,1,2,6,5,1,0,0,0,S Barrott,1.91,3.5,4.1,1.9,3.49,4.02,1.95,3.6,4.35
20260125-crystal-palace-chelsea,ENG Premier League,2025-2026,2026-01-25 14:00:00,2026-01-25 00:00:00,Crystal Palace,Chelsea,1,3,A,0,1,A,13,10,7,6,4,5,2,2,1,0,D England,3.5,3.8,2.0,3.5,3.66,2.0,3.65,3.8,2.05
20260125-newcastle-united-aston-villa,ENG Premier League,2025-2026,2026-01-25 14:00:00,2026-01-25 00:00:00,Newcastle United,Aston Villa,0,2,A,0,1,A,15,14,4,8,6,5,1,2,0,0,J Gillett,1.95,3.7,3.7,1.98,3.66,3.54,2.02,3.8,3.7
20260125-arsenal-manchester-united,ENG Premier League,2025-2026,2026-01-25 16:30:00,2026-01-25 00:00:00,Arsenal,Manchester United,2,3,A,1,1,D,15,10,4,3,9,2,2,0,0,0,C Pawson,1.55,4.2,6.0,1.55,4.08,5.89,1.6,4.2,6.4
20260126-everton-leeds-united,ENG Premier League,2025-2026,2026-01-26 20:00:00,2026-01-26 00:00:00,Everton,Leeds United,1,1,D,0,1,A,10,14,3,4,4,4,0,3,0,0,S Hooper,2.5,3.25,2.9,2.48,3.15,2.92,2.6,3.25,3.0
20260131-brighton-hove-albion-everton,ENG Premier League,2025-2026,2026-01-31 15:00:00,2026-01-31 00:00:00,Brighton & Hove Albion,Everton,1,1,D,0,0,D,11,7,2,4,5,2,1,2,0,0,C Kavanagh,1.85,3.6,4.1,1.86,3.6,4.13,1.91,3.75,4.3
20260131-leeds-united-arsenal,ENG Premier League,2025-2026,2026-01-31 15:00:00,2026-01-31 00:00:00,Leeds United,Arsenal,0,4,A,0,2,A,3,14,1,8,4,12,1,1,0,0,S Attwell,5.75,4.2,1.55,6.16,4.1,1.54,6.75,4.25,1.57
20260131-wolverhampton-wanderers-bournemouth,ENG Premier League,2025-2026,2026-01-31 15:00:00,2026-01-31 00:00:00,Wolverhampton Wanderers,Bournemouth,0,2,A,0,1,A,17,9,7,4,5,6,3,3,0,0,M Oliver,2.9,3.5,2.3,2.95,3.5,2.31,3.1,3.6,2.38
20260131-chelsea-west-ham-united,ENG Premier League,2025-2026,2026-01-31 17:30:00,2026-01-31 00:00:00,Chelsea,West Ham United,3,2,H,0,2,A,14,11,6,6,9,3,3,2,0,1,A Taylor,1.5,4.5,6.0,1.49,4.53,6.05,1.51,4.75,6.5
20260131-liverpool-newcastle-united,ENG Premier League,2025-2026,2026-01-31 20:00:00,2026-01-31 00:00:00,Liverpool,Newcastle United,4,1,H,2,1,H,17,8,7,2,7,11,1,3,0,0,S Hooper,1.8,3.9,4.1,1.77,3.99,4.12,1.83,4.2,4.2
20260201-aston-villa-brentford,ENG Premier League,2025-2026,2026-02-01 14:00:00,2026-02-01 00:00:00,Aston Villa,Brentford,0,1,A,0,1,A,27,6,5,2,12,1,0,3,0,0,T Robinson,2.1,3.5,3.4,2.08,3.47,3.46,2.12,3.6,3.6
20260201-manchester-united-fulham,ENG Premier League,2025-2026,2026-02-01 14:00:00,2026-02-01 00:00:00,Manchester United,Fulham,3,2,H,1,0,H,13,14,6,6,3,7,2,1,0,0,J Brooks,1.57,4.5,5.0,1.58,4.32,5.2,1.61,4.6,5.5
20260201-nottingham-forest-crystal-palace,ENG Premier League,2025-2026,2026-02-01 14:00:00,2026-02-01 00:00:00,Nottingham Forest,Crystal Palace,1,1,D,1,1,D,9,14,1,3,5,7,1,3,0,0,M Salisbury,1.95,3.5,3.9,1.95,3.48,3.88,1.98,3.6,4.0
20260201-tottenham-hotspur-manchester-city,ENG Premier League,2025-2026,2026-02-01 16:30:00,2026-02-01 00:00:00,Tottenham Hotspur,Manchester City,2,2,D,0,2,A,12,15,6,3,3,4,3,3,0,0,R Jones,4.5,4.1,1.73,4.41,4.06,1.71,4.6,4.4,1.75
20260202-sunderland-burnley,ENG Premier League,2025-2026,2026-02-02 20:00:00,2026-02-02 00:00:00,Sunderland,Burnley,3,0,H,2,0,H,14,5,5,0,1,2,1,4,0,0,P Tierney,1.8,3.5,4.75,1.8,3.42,4.73,1.83,3.6,5.0
20260206-leeds-united-nottingham-forest,ENG Premier League,2025-2026,2026-02-06 20:00:00,2026-02-06 00:00:00,Leeds United,Nottingham Forest,3,1,H,2,0,H,14,16,5,6,5,10,1,1,0,0,P Bankes,2.2,3.3,3.4,2.21,3.26,3.37,2.33,3.4,3.5
20260207-manchester-united-tottenham-hotspur,ENG Premier League,2025-2026,2026-02-07 12:30:00,2026-02-07 00:00:00,Manchester United,Tottenham Hotspur,2,0,H,1,0,H,23,7,10,1,7,0,1,2,0,1,M Oliver,1.57,4.5,5.0,1.57,4.54,4.97,1.61,4.75,5.4
20260207-arsenal-sunderland,ENG Premier League,2025-2026,2026-02-07 15:00:00,2026-02-07 00:00:00,Arsenal,Sunderland,3,0,H,1,0,H,16,5,5,3,5,2,1,2,0,0,S Barrott,1.22,6.25,12.0,1.21,6.23,14.08,1.23,6.75,16.0
20260207-bournemouth-aston-villa,ENG Premier League,2025-2026,2026-02-07 15:00:00,2026-02-07 00:00:00,Bournemouth,Aston Villa,1,1,D,0,1,A,20,7,9,4,11,4,1,1,0,0,A Taylor,2.7,3.5,2.5,2.68,3.6,2.46,2.8,3.75,2.5
20260207-burnley-west-ham-united,ENG Premier League,2025-2026,2026-02-07 15:00:00,2026-02-07 00:00:00,Burnley,West Ham United,0,2,A,0,2,A,18,6,5,4,5,2,3,1,0,0,D England,3.3,3.5,2.15,3.28,3.5,2.14,3.4,3.6,2.2
20260207-fulham-everton,ENG Premier League,2025-2026,2026-02-07 15:00:00,2026-02-07 00:00:00,Fulham,Everton,1,2,A,1,0,H,13,16,3,3,6,6,1,5,0,0,S Attwell,2.1,3.25,3.75,2.1,3.27,3.64,2.15,3.4,3.8
20260207-wolverhampton-wanderers-chelsea,ENG Premier League,2025-2026,2026-02-07 15:00:00,2026-02-07 00:00:00,Wolverhampton Wanderers,Chelsea,1,3,A,0,3,A,11,15,3,6,3,4,1,1,0,0,J Gillett,5.0,4.0,1.67,4.9,4.05,1.65,5.4,4.2,1.7
20260207-newcastle-united-brentford,ENG Premier League,2025-2026,2026-02-07 17:30:00,2026-02-07 00:00:00,Newcastle United,Brentford,2,3,A,1,2,A,16,11,4,5,9,3,2,2,0,0,A Madley,2.1,3.5,3.5,2.05,3.53,3.51,2.1,3.75,3.75
20260208-brighton-hove-albion-crystal-palace,ENG Premier League,2025-2026,2026-02-08 14:00:00,2026-02-08 00:00:00,Brighton & Hove Albion,Crystal Palace,0,1,A,0,0,D,7,7,2,4,3,4,1,3,0,0,T Bramall,1.95,3.5,3.9,1.96,3.57,3.68,2.0,3.75,3.9
20260208-liverpool-manchester-city,ENG Premier League,2025-2026,2026-02-08 16:30:00,2026-02-08 00:00:00,Liverpool,Manchester City,1,2,A,0,0,D,15,17,4,7,5,4,2,4,1,0,C Pawson,2.38,3.7,2.75,2.34,3.68,2.76,2.42,3.75,2.88
20260210-chelsea-leeds-united,ENG Premier League,2025-2026,2026-02-10 19:30:00,2026-02-10 00:00:00,Chelsea,Leeds United,2,2,D,1,0,H,19,4,4,2,4,1,4,4,0,0,R Jones,1.55,4.33,5.5,1.55,4.28,5.66,1.57,4.4,6.0
20260210-everton-bournemouth,ENG Premier League,2025-2026,2026-02-10 19:30:00,2026-02-10 00:00:00,Everton,Bournemouth,1,2,A,1,0,H,16,11,6,4,7,2,1,3,1,0,A Madley,2.38,3.4,3.0,2.41,3.35,2.91,2.5,3.45,3.0
20260210-tottenham-hotspur-newcastle-united,ENG Premier League,2025-2026,2026-02-10 19:30:00,2026-02-10 00:00:00,Tottenham Hotspur,Newcastle United,1,2,A,0,1,A,16,21,2,5,2,12,3,2,0,0,A Taylor,3.2,3.6,2.2,3.18,3.48,2.2,3.25,3.6,2.3
20260210-west-ham-united-manchester-united,ENG Premier League,2025-2026,2026-02-10 20:15:00,2026-02-10 00:00:00,West Ham United,Manchester United,1,1,D,0,0,D,7,9,3,3,5,3,1,1,0,0,S Hooper,4.5,4.2,1.7,4.36,4.23,1.7,4.5,4.4,1.73
20260211-aston-villa-brighton-hove-albion,ENG Premier League,2025-2026,2026-02-11 19:30:00,2026-02-11 00:00:00,Aston Villa,Brighton & Hove Albion,1,0,H,0,0,D,15,9,1,3,7,5,2,3,0,0,P Bankes,1.91,3.7,3.8,1.92,3.67,3.79,1.95,3.8,3.85
20260211-crystal-palace-burnley,ENG Premier League,2025-2026,2026-02-11 19:30:00,2026-02-11 00:00:00,Crystal Palace,Burnley,2,3,A,2,3,A,21,8,3,3,8,2,2,1,0,0,F Hallam,1.57,4.0,6.25,1.55,3.98,6.18,1.58,4.2,6.5
20260211-manchester-city-fulham,ENG Premier League,2025-2026,2026-02-11 19:30:00,2026-02-11 00:00:00,Manchester City,Fulham,3,0,H,3,0,H,13,14,5,3,4,4,3,1,0,0,P Tierney,1.36,5.5,7.0,1.34,5.33,8.08,1.38,5.5,9.0
20260211-nottingham-forest-wolverhampton-wanderers,ENG Premier League,2025-2026,2026-02-11 19:30:00,2026-02-11 00:00:00,Nottingham Forest,Wolverhampton Wanderers,0,0,D,0,0,D,35,7,10,3,8,2,0,2,0,0,T Robinson,1.7,3.8,5.0,1.69,3.72,5.09,1.75,3.8,5.5
20260211-sunderland-liverpool,ENG Premier League,2025-2026,2026-02-11 20:15:00,2026-02-11 00:00:00,Sunderland,Liverpool,0,1,A,0,0,D,11,23,2,3,3,11,1,0,0,0,C Kavanagh,4.75,3.8,1.73,4.65,3.83,1.72,5.0,4.0,1.77
20260212-brentford-arsenal,ENG Premier League,2025-2026,2026-02-12 20:00:00,2026-02-12 00:00:00,Brentford,Arsenal,1,1,D,0,0,D,12,7,3,2,6,4,3,2,0,0,J Brooks,4.75,3.9,1.7,4.83,3.86,1.69,5.1,4.0,1.7
20260218-wolverhampton-wanderers-arsenal,ENG Premier League,2025-2026,2026-02-18 20:00:00,2026-02-18 00:00:00,Wolverhampton Wanderers,Arsenal,2,2,D,0,1,A,5,10,2,4,1,3,2,1,0,0,P Tierney,11.0,5.25,1.29,10.94,5.48,1.28,12.0,5.8,1.3
20260221-aston-villa-leeds-united,ENG Premier League,2025-2026,2026-02-21 15:00:00,2026-02-21 00:00:00,Aston Villa,Leeds United,1,1,D,0,1,A,16,14,4,4,7,2,1,4,0,0,M Oliver,1.85,3.6,4.33,1.84,3.62,4.24,1.9,3.8,4.5
20260221-brentford-brighton-hove-albion,ENG Premier League,2025-2026,2026-02-21 15:00:00,2026-02-21 00:00:00,Brentford,Brighton & Hove Albion,0,2,A,0,2,A,13,11,3,7,6,4,1,2,0,0,J Gillett,2.0,3.7,3.5,2.01,3.7,3.45,2.05,3.8,3.6
20260221-chelsea-burnley,ENG Premier League,2025-2026,2026-02-21 15:00:00,2026-02-21 00:00:00,Chelsea,Burnley,1,1,D,1,0,H,12,12,2,4,9,5,2,2,1,0,L Smith,1.22,6.5,12.0,1.2,6.7,12.88,1.23,7.0,15.0
20260221-west-ham-united-bournemouth,ENG Premier League,2025-2026,2026-02-21 17:30:00,2026-02-21 00:00:00,West Ham United,Bournemouth,0,0,D,0,0,D,20,10,3,5,9,5,1,1,0,0,S Barrott,2.5,3.7,2.63,2.41,3.65,2.71,2.5,3.75,2.8
20260221-manchester-city-newcastle-united,ENG Premier League,2025-2026,2026-02-21 20:00:00,2026-02-21 00:00:00,Manchester City,Newcastle United,2,1,H,2,1,H,15,13,7,7,5,5,2,5,0,0,T Bramall,1.45,5.0,5.5,1.46,4.92,5.82,1.48,5.0,6.1
20260222-crystal-palace-wolverhampton-wanderers,ENG Premier League,2025-2026,2026-02-22 14:00:00,2026-02-22 00:00:00,Crystal Palace,Wolverhampton Wanderers,1,0,H,0,0,D,14,12,3,7,7,3,5,1,0,1,T Kirk,1.65,4.0,5.0,1.62,3.99,5.26,1.65,4.2,5.5
20260222-nottingham-forest-liverpool,ENG Premier League,2025-2026,2026-02-22 14:00:00,2026-02-22 00:00:00,Nottingham Forest,Liverpool,0,1,A,0,0,D,18,10,2,4,7,2,2,0,0,0,A Taylor,4.1,3.9,1.8,4.08,3.88,1.8,4.4,4.0,1.83
20260222-sunderland-fulham,ENG Premier League,2025-2026,2026-02-22 14:00:00,2026-02-22 00:00:00,Sunderland,Fulham,1,3,A,0,0,D,12,12,2,4,6,4,1,1,0,0,C Pawson,2.7,3.25,2.7,2.65,3.27,2.67,2.7,3.4,2.75
20260222-tottenham-hotspur-arsenal,ENG Premier League,2025-2026,2026-02-22 16:30:00,2026-02-22 00:00:00,Tottenham Hotspur,Arsenal,1,4,A,1,1,D,6,20,5,7,2,5,2,1,0,0,P Bankes,6.0,4.0,1.57,5.83,3.98,1.56,6.1,4.2,1.6
20260223-everton-manchester-united,ENG Premier League,2025-2026,2026-02-23 20:00:00,2026-02-23 00:00:00,Everton,Manchester United,0,1,A,0,0,D,12,11,4,3,10,1,2,3,0,0,D England,3.7,3.75,1.91,3.57,3.73,1.94,3.7,3.9,2.0
20260227-wolverhampton-wanderers-aston-villa,ENG Premier League,2025-2026,2026-02-27 20:00:00,2026-02-27 00:00:00,Wolverhampton Wanderers,Aston Villa,2,0,H,0,0,D,9,14,2,5,0,5,3,3,0,0,C Pawson,4.1,3.7,1.85,4.17,3.64,1.84,4.35,3.7,1.9
20260228-bournemouth-sunderland,ENG Premier League,2025-2026,2026-02-28 12:30:00,2026-02-28 00:00:00,Bournemouth,Sunderland,1,1,D,0,1,A,21,8,5,4,7,3,4,2,0,0,J Gillett,1.8,3.75,4.33,1.77,3.8,4.34,1.8,4.0,4.5
20260228-burnley-brentford,ENG Premier League,2025-2026,2026-02-28 15:00:00,2026-02-28 00:00:00,Burnley,Brentford,3,4,A,1,3,A,12,16,3,7,4,8,2,2,0,0,S Barrott,4.5,3.9,1.73,4.58,3.81,1.73,4.9,4.0,1.76
20260228-liverpool-west-ham-united,ENG Premier League,2025-2026,2026-02-28 15:00:00,2026-02-28 00:00:00,Liverpool,West Ham United,5,2,H,3,0,H,18,11,7,4,10,5,2,2,0,0,T Robinson,1.42,4.75,6.5,1.41,5.02,6.68,1.44,5.5,7.0
20260228-newcastle-united-everton,ENG Premier League,2025-2026,2026-02-28 15:00:00,2026-02-28 00:00:00,Newcastle United,Everton,2,3,A,1,2,A,17,9,7,5,7,2,2,3,0,0,S Attwell,1.7,4.0,4.75,1.69,3.92,4.67,1.73,4.0,4.8
20260228-leeds-united-manchester-city,ENG Premier League,2025-2026,2026-02-28 17:30:00,2026-02-28 00:00:00,Leeds United,Manchester City,0,1,A,0,1,A,14,14,2,5,5,3,0,3,0,0,P Bankes,4.75,4.33,1.62,5.0,4.25,1.6,5.25,4.75,1.63
20260301-brighton-hove-albion-nottingham-forest,ENG Premier League,2025-2026,2026-03-01 14:00:00,2026-03-01 00:00:00,Brighton & Hove Albion,Nottingham Forest,2,1,H,2,1,H,14,13,7,4,4,4,3,1,0,0,A Madley,2.0,3.6,3.5,2.05,3.54,3.42,2.1,3.65,3.6
20260301-fulham-tottenham-hotspur,ENG Premier League,2025-2026,2026-03-01 14:00:00,2026-03-01 00:00:00,Fulham,Tottenham Hotspur,2,1,H,2,0,H,18,13,4,1,5,8,3,3,0,0,T Bramall,2.1,3.6,3.3,2.08,3.57,3.3,2.1,3.75,3.5
20260301-manchester-united-crystal-palace,ENG Premier League,2025-2026,2026-03-01 14:00:00,2026-03-01 00:00:00,Manchester United,Crystal Palace,2,1,H,0,1,A,20,8,11,3,7,1,2,2,0,1,C Kavanagh,1.53,4.5,5.5,1.53,4.31,5.61,1.57,4.5,6.0
20260301-arsenal-chelsea,ENG Premier League,2025-2026,2026-03-01 16:30:00,2026-03-01 00:00:00,Arsenal,Chelsea,2,1,H,1,1,D,12,9,5,3,5,10,1,3,0,1,D England,1.6,3.8,5.5,1.6,3.98,5.28,1.63,4.0,5.5
20260303-bournemouth-brentford,ENG Premier League,2025-2026,2026-03-03 19:30:00,2026-03-03 00:00:00,Bournemouth,Brentford,0,0,D,0,0,D,13,5,2,2,4,3,2,1,0,0,C Pawson,2.5,3.6,2.63,2.48,3.59,2.65,2.5,3.75,2.7
20260303-everton-burnley,ENG Premier League,2025-2026,2026-03-03 19:30:00,2026-03-03 00:00:00,Everton,Burnley,2,0,H,1,0,H,14,5,5,2,6,3,0,1,0,0,T Robinson,1.57,4.0,6.0,1.56,3.96,6.06,1.57,4.1,6.5
20260303-leeds-united-sunderland,ENG Premier League,2025-2026,2026-03-03 19:30:00,2026-03-03 00:00:00,Leeds United,Sunderland,0,1,A,0,0,D,18,3,4,1,9,2,1,3,0,0,S Attwell,1.85,3.4,4.33,1.86,3.43,4.31,1.91,3.5,4.6
20260303-wolverhampton-wanderers-liverpool,ENG Premier League,2025-2026,2026-03-03 20:15:00,2026-03-03 00:00:00,Wolverhampton Wanderers,Liverpool,2,1,H,0,0,D,4,19,3,7,2,11,2,1,0,0,T Bramall,5.5,4.5,1.5,6.08,4.61,1.48,6.5,4.75,1.52
20260304-aston-villa-chelsea,ENG Premier League,2025-2026,2026-03-04 19:30:00,2026-03-04 00:00:00,Aston Villa,Chelsea,1,4,A,1,2,A,9,15,4,8,3,8,3,2,0,0,J Gillett,2.7,3.4,2.55,2.67,3.57,2.46,2.75,3.7,2.55
20260304-brighton-hove-albion-arsenal,ENG Premier League,2025-2026,2026-03-04 19:30:00,2026-03-04 00:00:00,Brighton & Hove Albion,Arsenal,0,1,A,0,1,A,11,7,3,2,4,3,4,1,0,0,C Kavanagh,4.75,4.1,1.65,5.03,3.92,1.64,5.4,4.1,1.67
20260304-fulham-west-ham-united,ENG Premier League,2025-2026,2026-03-04 19:30:00,2026-03-04 00:00:00,Fulham,West Ham United,0,1,A,0,0,D,13,9,5,3,7,5,2,4,0,0,M Donohue,2.0,3.5,3.7,2.03,3.56,3.52,2.08,3.75,3.75
20260304-manchester-city-nottingham-forest,ENG Premier League,2025-2026,2026-03-04 19:30:00,2026-03-04 00:00:00,Manchester City,Nottingham Forest,2,2,D,1,0,H,21,9,7,4,6,1,0,4,0,0,D England,1.38,5.0,7.5,1.37,4.95,7.65,1.41,5.33,8.0
20260304-newcastle-united-manchester-united,ENG Premier League,2025-2026,2026-03-04 20:15:00,2026-03-04 00:00:00,Newcastle United,Manchester United,2,1,H,1,1,D,12,14,5,5,2,4,2,3,1,0,P Bankes,2.63,3.5,2.6,2.56,3.66,2.53,2.63,3.8,2.6
20260305-tottenham-hotspur-crystal-palace,ENG Premier League,2025-2026,2026-03-05 20:00:00,2026-03-05 00:00:00,Tottenham Hotspur,Crystal Palace,1,3,A,1,3,A,12,9,4,4,6,3,3,2,0,0,A Madley,2.35,3.25,3.1,2.34,3.32,2.97,2.38,3.4,3.1
20260314-burnley-bournemouth,ENG Premier League,2025-2026,2026-03-14 15:00:00,2026-03-14 00:00:00,Burnley,Bournemouth,0,0,D,0,0,D,15,22,2,3,5,8,1,0,0,0,P Bankes,4.1,3.8,1.83,4.02,3.83,1.82,4.2,4.0,1.87
20260314-sunderland-brighton-hove-albion,ENG Premier League,2025-2026,2026-03-14 15:00:00,2026-03-14 00:00:00,Sunderland,Brighton & Hove Albion,0,1,A,0,0,D,14,12,4,4,7,3,1,2,0,0,T Kirk,3.3,3.3,2.25,3.26,3.27,2.23,3.33,3.4,2.28
20260314-arsenal-everton,ENG Premier League,2025-2026,2026-03-14 17:30:00,2026-03-14 00:00:00,Arsenal,Everton,2,0,H,0,0,D,25,9,7,3,8,3,0,0,0,0,A Madley,1.38,4.75,8.5,1.37,4.56,8.83,1.4,4.8,9.5
20260314-chelsea-newcastle-united,ENG Premier League,2025-2026,2026-03-14 17:30:00,2026-03-14 00:00:00,Chelsea,Newcastle United,0,1,A,0,1,A,22,7,3,5,8,1,2,2,0,0,P Tierney,1.8,4.2,3.8,1.79,4.12,3.86,1.81,4.2,4.0
20260314-west-ham-united-manchester-city,ENG Premier League,2025-2026,2026-03-14 20:00:00,2026-03-14 00:00:00,West Ham United,Manchester City,1,1,D,1,1,D,1,24,1,6,1,15,2,2,0,0,M Oliver,4.33,4.33,1.7,4.43,4.15,1.69,4.6,4.33,1.73
20260315-crystal-palace-leeds-united,ENG Premier League,2025-2026,2026-03-15 14:00:00,2026-03-15 00:00:00,Crystal Palace,Leeds United,0,0,D,0,0,D,12,10,0,3,8,3,2,1,0,1,T Bramall,2.55,3.3,2.88,2.49,3.24,2.85,2.6,3.4,3.0
20260315-manchester-united-aston-villa,ENG Premier League,2025-2026,2026-03-15 14:00:00,2026-03-15 00:00:00,Manchester United,Aston Villa,3,1,H,0,0,D,16,9,6,2,6,6,3,2,0,0,A Taylor,1.73,4.0,4.5,1.71,4.02,4.38,1.73,4.2,4.6
20260315-nottingham-forest-fulham,ENG Premier League,2025-2026,2026-03-15 14:00:00,2026-03-15 00:00:00,Nottingham Forest,Fulham,0,0,D,0,0,D,11,5,2,0,5,4,2,3,0,0,S Barrott,2.2,3.4,3.3,2.19,3.4,3.24,2.25,3.5,3.4
20260315-liverpool-tottenham-hotspur,ENG Premier League,2025-2026,2026-03-15 16:30:00,2026-03-15 00:00:00,Liverpool,Tottenham Hotspur,1,1,D,1,0,H,17,13,4,7,3,4,0,0,0,0,C Kavanagh,1.3,6.25,8.0,1.29,5.79,8.72,1.33,6.25,9.5
20260316-brentford-wolverhampton-wanderers,ENG Premier League,2025-2026,2026-03-16 20:00:00,2026-03-16 00:00:00,Brentford,Wolverhampton Wanderers,2,2,D,2,1,H,10,13,3,4,1,5,2,4,0,0,S Attwell,1.55,4.2,5.75,1.54,4.15,5.68,1.58,4.33,6.0
20260320-bournemouth-manchester-united,ENG Premier League,2025-2026,2026-03-20 20:00:00,2026-03-20 00:00:00,Bournemouth,Manchester United,2,2,D,0,0,D,16,14,5,5,6,8,2,2,0,1,S Attwell,3.2,3.8,2.1,3.22,3.76,2.07,3.35,3.8,2.1
20260321-brighton-hove-albion-liverpool,ENG Premier League,2025-2026,2026-03-21 12:30:00,2026-03-21 00:00:00,Brighton & Hove Albion,Liverpool,2,1,H,1,1,D,16,12,7,5,4,8,5,5,0,0,D England,3.1,3.5,2.2,3.02,3.55,2.22,3.15,3.6,2.28
20260321-fulham-burnley,ENG Premier League,2025-2026,2026-03-21 15:00:00,2026-03-21 00:00:00,Fulham,Burnley,3,1,H,0,0,D,22,9,6,5,6,6,2,2,0,1,C Kavanagh,1.53,4.1,6.25,1.53,4.09,6.22,1.55,4.33,6.5
20260321-everton-chelsea,ENG Premier League,2025-2026,2026-03-21 17:30:00,2026-03-21 00:00:00,Everton,Chelsea,3,0,H,1,0,H,10,12,9,4,3,9,0,2,0,0,S Barrott,3.5,3.4,2.1,3.38,3.5,2.08,3.5,3.65,2.15
20260321-leeds-united-brentford,ENG Premier League,2025-2026,2026-03-21 20:00:00,2026-03-21 00:00:00,Leeds United,Brentford,0,0,D,0,0,D,14,6,4,2,6,2,2,0,0,0,J Gillett,2.45,3.5,2.88,2.46,3.42,2.77,2.55,3.5,2.88
20260322-newcastle-united-sunderland,ENG Premier League,2025-2026,2026-03-22 12:00:00,2026-03-22 00:00:00,Newcastle United,Sunderland,1,2,A,1,0,H,16,17,4,7,9,5,1,6,0,0,A Taylor,1.67,4.0,5.0,1.65,3.89,5.04,1.7,4.0,5.4
20260322-aston-villa-west-ham-united,ENG Premier League,2025-2026,2026-03-22 14:15:00,2026-03-22 00:00:00,Aston Villa,West Ham United,2,0,H,1,0,H,23,9,7,1,6,6,0,1,0,0,P Tierney,1.95,3.6,3.8,1.95,3.56,3.7,2.0,3.65,3.95
20260322-tottenham-hotspur-nottingham-forest,ENG Premier League,2025-2026,2026-03-22 14:15:00,2026-03-22 00:00:00,Tottenham Hotspur,Nottingham Forest,0,3,A,0,1,A,14,8,3,7,13,3,1,2,0,0,M Oliver,2.25,3.4,3.2,2.24,3.39,3.11,2.3,3.5,3.2
20260410-west-ham-united-wolverhampton-wanderers,ENG Premier League,2025-2026,2026-04-10 20:00:00,2026-04-10 00:00:00,West Ham United,Wolverhampton Wanderers,4,0,H,1,0,H,18,14,7,3,5,2,2,2,0,0,J Gillett,1.8,3.8,4.33,1.78,3.74,4.34,1.8,3.8,4.5
20260411-arsenal-bournemouth,ENG Premier League,2025-2026,2026-04-11 12:30:00,2026-04-11 00:00:00,Arsenal,Bournemouth,1,2,A,1,1,D,15,8,3,3,10,1,1,3,0,0,M Oliver,1.44,4.5,7.5,1.43,4.55,7.06,1.46,4.8,7.5
20260411-brentford-everton,ENG Premier League,2025-2026,2026-04-11 15:00:00,2026-04-11 00:00:00,Brentford,Everton,2,2,D,1,1,D,17,14,4,7,2,3,0,2,0,0,F Hallam,2.15,3.3,3.5,2.13,3.31,3.45,2.15,3.5,3.6
20260411-burnley-brighton-hove-albion,ENG Premier League,2025-2026,2026-04-11 15:00:00,2026-04-11 00:00:00,Burnley,Brighton & Hove Albion,0,2,A,0,1,A,10,13,5,6,8,2,2,1,0,0,T Bramall,4.5,4.0,1.73,4.48,3.93,1.72,4.75,4.0,1.78
20260411-liverpool-fulham,ENG Premier League,2025-2026,2026-04-11 17:30:00,2026-04-11 00:00:00,Liverpool,Fulham,2,0,H,2,0,H,18,19,5,4,6,9,0,0,0,0,A Taylor,1.65,4.2,4.75,1.62,4.18,4.83,1.65,4.35,5.1
20260412-crystal-palace-newcastle-united,ENG Premier League,2025-2026,2026-04-12 14:00:00,2026-04-12 00:00:00,Crystal Palace,Newcastle United,2,1,H,0,1,A,11,7,5,3,2,4,0,3,0,0,A Madley,3.0,3.6,2.2,3.07,3.5,2.22,3.2,3.6,2.3
20260412-nottingham-forest-aston-villa,ENG Premier League,2025-2026,2026-04-12 14:00:00,2026-04-12 00:00:00,Nottingham Forest,Aston Villa,1,1,D,1,1,D,15,12,4,5,7,3,2,2,0,0,M Salisbury,2.63,3.3,2.7,2.61,3.33,2.65,2.66,3.5,2.7
20260412-sunderland-tottenham-hotspur,ENG Premier League,2025-2026,2026-04-12 14:00:00,2026-04-12 00:00:00,Sunderland,Tottenham Hotspur,1,0,H,0,0,D,13,11,2,7,2,6,3,3,0,0,R Jones,2.7,3.2,2.7,2.62,3.34,2.63,2.7,3.5,2.7
20260412-chelsea-manchester-city,ENG Premier League,2025-2026,2026-04-12 16:30:00,2026-04-12 00:00:00,Chelsea,Manchester City,0,3,A,0,0,D,12,18,3,8,4,12,3,1,0,0,C Kavanagh,3.1,3.8,2.15,3.08,3.8,2.1,3.3,4.0,2.15
20260413-manchester-united-leeds-united,ENG Premier League,2025-2026,2026-04-13 20:00:00,2026-04-13 00:00:00,Manchester United,Leeds United,1,2,A,0,2,A,20,15,9,6,11,4,3,2,1,0,P Tierney,1.62,4.1,5.0,1.59,4.07,5.3,1.65,4.3,6.1
20260418-brentford-fulham,ENG Premier League,2025-2026,2026-04-18 12:30:00,2026-04-18 00:00:00,Brentford,Fulham,0,0,D,0,0,D,13,11,4,0,9,3,0,1,0,0,P Tierney,2.1,3.75,3.25,2.09,3.63,3.26,2.12,3.75,3.35
20260418-leeds-united-wolverhampton-wanderers,ENG Premier League,2025-2026,2026-04-18 15:00:00,2026-04-18 00:00:00,Leeds United,Wolverhampton Wanderers,3,0,H,2,0,H,17,7,6,2,5,6,2,1,0,0,F Hallam,1.62,3.9,5.75,1.6,3.93,5.5,1.67,4.0,6.0
20260418-newcastle-united-bournemouth,ENG Premier League,2025-2026,2026-04-18 15:00:00,2026-04-18 00:00:00,Newcastle United,Bournemouth,1,2,A,0,1,A,12,12,3,3,2,3,2,4,0,0,T Bramall,2.0,3.75,3.5,1.96,3.81,3.48,2.0,4.0,3.65
20260418-tottenham-hotspur-brighton-hove-albion,ENG Premier League,2025-2026,2026-04-18 17:30:00,2026-04-18 00:00:00,Tottenham Hotspur,Brighton & Hove Albion,2,2,D,1,1,D,13,10,6,3,7,5,3,1,0,0,S Attwell,2.7,3.75,2.4,2.68,3.65,2.41,2.75,3.8,2.5
20260418-chelsea-manchester-united,ENG Premier League,2025-2026,2026-04-18 20:00:00,2026-04-18 00:00:00,Chelsea,Manchester United,0,1,A,0,1,A,21,4,3,1,7,1,1,3,0,0,M Oliver,2.2,3.5,3.2,2.21,3.54,3.07,2.3,3.75,3.2
20260419-aston-villa-sunderland,ENG Premier League,2025-2026,2026-04-19 14:00:00,2026-04-19 00:00:00,Aston Villa,Sunderland,4,3,H,2,1,H,15,10,7,7,4,5,1,3,0,0,S Barrott,1.67,3.75,5.5,1.65,3.78,5.25,1.67,4.0,5.5
20260419-everton-liverpool,ENG Premier League,2025-2026,2026-04-19 14:00:00,2026-04-19 00:00:00,Everton,Liverpool,1,2,A,0,1,A,10,14,4,6,1,6,2,0,0,0,C Kavanagh,3.1,3.4,2.3,3.11,3.36,2.25,3.25,3.6,2.3
20260419-nottingham-forest-burnley,ENG Premier League,2025-2026,2026-04-19 14:00:00,2026-04-19 00:00:00,Nottingham Forest,Burnley,4,1,H,0,1,A,10,4,4,3,4,4,0,2,0,0,T Kirk,1.5,4.2,7.0,1.49,4.25,6.32,1.53,4.35,7.0
20260419-manchester-city-arsenal,ENG Premier League,2025-2026,2026-04-19 16:30:00,2026-04-19 00:00:00,Manchester City,Arsenal,2,1,H,1,1,D,15,9,5,3,8,5,2,2,0,0,A Taylor,1.83,3.7,4.2,1.82,3.6,4.25,2.0,3.75,4.6
20260420-crystal-palace-west-ham-united,ENG Premier League,2025-2026,2026-04-20 20:00:00,2026-04-20 00:00:00,Crystal Palace,West Ham United,0,0,D,0,0,D,9,9,1,4,4,6,2,1,0,0,D England,2.38,3.2,3.1,2.31,3.21,3.11,2.38,3.4,3.3
20260421-brighton-hove-albion-chelsea,ENG Premier League,2025-2026,2026-04-21 20:00:00,2026-04-21 00:00:00,Brighton & Hove Albion,Chelsea,3,0,H,1,0,H,15,6,9,0,6,5,1,1,0,0,C Pawson,2.5,3.5,2.7,2.44,3.62,2.66,2.54,3.75,2.7
20260422-bournemouth-leeds-united,ENG Premier League,2025-2026,2026-04-22 20:00:00,2026-04-22 00:00:00,Bournemouth,Leeds United,2,2,D,0,0,D,17,10,7,3,12,1,3,0,0,0,M Salisbury,2.0,3.5,3.6,2.02,3.51,3.57,2.1,3.6,4.0
20260422-burnley-manchester-city,ENG Premier League,2025-2026,2026-04-22 20:00:00,2026-04-22 00:00:00,Burnley,Manchester City,0,1,A,0,1,A,9,28,1,9,3,11,0,0,0,0,A Madley,19.0,9.0,1.13,16.53,8.3,1.14,20.0,9.0,1.22
20260424-sunderland-nottingham-forest,ENG Premier League,2025-2026,2026-04-24 20:00:00,2026-04-24 00:00:00,Sunderland,Nottingham Forest,0,5,A,0,4,A,14,10,4,6,3,6,2,5,0,0,D England,2.7,3.2,2.7,2.67,3.18,2.66,2.75,3.25,2.75
20260425-fulham-aston-villa,ENG Premier League,2025-2026,2026-04-25 12:30:00,2026-04-25 00:00:00,Fulham,Aston Villa,1,0,H,1,0,H,13,10,6,1,2,5,2,2,0,0,M Oliver,2.75,3.6,2.45,2.67,3.5,2.47,2.75,3.6,2.54
20260425-liverpool-crystal-palace,ENG Premier League,2025-2026,2026-04-25 15:00:00,2026-04-25 00:00:00,Liverpool,Crystal Palace,3,1,H,2,0,H,9,14,3,7,5,8,1,3,0,0,A Madley,1.44,5.0,6.25,1.44,4.76,6.31,1.5,5.0,7.0
20260425-west-ham-united-everton,ENG Premier League,2025-2026,2026-04-25 15:00:00,2026-04-25 00:00:00,West Ham United,Everton,2,1,H,0,0,D,10,11,3,3,3,4,3,4,0,0,S Attwell,2.4,3.4,2.9,2.38,3.34,2.9,2.43,3.5,3.0
20260425-wolverhampton-wanderers-tottenham-hotspur,ENG Premier League,2025-2026,2026-04-25 15:00:00,2026-04-25 00:00:00,Wolverhampton Wanderers,Tottenham Hotspur,0,1,A,0,0,D,11,11,2,2,5,5,3,4,0,0,A Taylor,4.5,4.33,1.67,4.48,3.99,1.7,4.75,4.33,1.73
20260425-arsenal-newcastle-united,ENG Premier League,2025-2026,2026-04-25 17:30:00,2026-04-25 00:00:00,Arsenal,Newcastle United,1,0,H,1,0,H,11,13,4,3,7,2,2,2,0,0,S Barrott,1.45,4.75,6.25,1.45,4.66,6.22,1.5,4.8,6.75
20260427-manchester-united-brentford,ENG Premier League,2025-2026,2026-04-27 20:00:00,2026-04-27 00:00:00,Manchester United,Brentford,2,1,H,2,0,H,11,12,6,4,7,8,2,4,0,0,C Kavanagh,1.85,3.8,4.0,1.84,3.82,3.84,1.9,4.0,4.0
20260501-leeds-united-burnley,ENG Premier League,2025-2026,2026-05-01 20:00:00,2026-05-01 00:00:00,Leeds United,Burnley,3,1,H,1,0,H,18,9,8,3,5,0,4,3,0,0,T Bramall,1.33,5.0,9.5,1.34,5.09,8.57,1.38,5.4,9.5
20260502-brentford-west-ham-united,ENG Premier League,2025-2026,2026-05-02 15:00:00,2026-05-02 00:00:00,Brentford,West Ham United,3,0,H,1,0,H,14,13,6,4,2,6,1,3,0,0,C Pawson,1.91,3.75,3.75,1.91,3.77,3.62,1.95,3.8,3.75
20260502-newcastle-united-brighton-hove-albion,ENG Premier League,2025-2026,2026-05-02 15:00:00,2026-05-02 00:00:00,Newcastle United,Brighton & Hove Albion,3,1,H,2,0,H,13,13,6,4,2,10,3,3,0,0,C Kavanagh,2.5,3.75,2.6,2.5,3.6,2.6,2.6,3.75,2.66
20260502-wolverhampton-wanderers-sunderland,ENG Premier League,2025-2026,2026-05-02 15:00:00,2026-05-02 00:00:00,Wolverhampton Wanderers,Sunderland,1,1,D,0,1,A,20,10,7,2,6,3,0,4,0,1,P Tierney,3.1,3.2,2.1,3.24,3.35,2.18,3.45,3.4,2.25
20260502-arsenal-fulham,ENG Premier League,2025-2026,2026-05-02 17:30:00,2026-05-02 00:00:00,Arsenal,Fulham,3,0,H,3,0,H,18,10,9,1,3,4,0,1,0,0,J Gillett,1.44,4.33,7.0,1.44,4.39,7.0,1.48,4.5,8.0
20260503-bournemouth-crystal-palace,ENG Premier League,2025-2026,2026-05-03 14:00:00,2026-05-03 00:00:00,Bournemouth,Crystal Palace,3,0,H,2,0,H,16,7,5,1,7,1,0,2,0,0,R Jones,1.57,4.33,5.25,1.58,4.16,5.2,1.62,4.35,5.5
20260503-manchester-united-liverpool,ENG Premier League,2025-2026,2026-05-03 15:30:00,2026-05-03 00:00:00,Manchester United,Liverpool,3,2,H,2,0,H,18,13,6,5,3,2,2,2,0,0,D England,2.3,3.8,2.75,2.29,3.73,2.76,2.38,3.9,2.85
20260503-aston-villa-tottenham-hotspur,ENG Premier League,2025-2026,2026-05-03 19:00:00,2026-05-03 00:00:00,Aston Villa,Tottenham Hotspur,1,2,A,0,2,A,5,10,1,5,5,5,2,5,0,0,S Barrott,2.15,3.6,3.2,2.1,3.59,3.21,2.15,3.75,3.4
20260504-chelsea-nottingham-forest,ENG Premier League,2025-2026,2026-05-04 15:00:00,2026-05-04 00:00:00,Chelsea,Nottingham Forest,1,3,A,0,2,A,21,6,5,4,10,1,3,1,0,0,A Taylor,1.7,4.0,4.75,1.68,3.93,4.65,1.71,4.1,4.9
20260504-everton-manchester-city,ENG Premier League,2025-2026,2026-05-04 20:00:00,2026-05-04 00:00:00,Everton,Manchester City,3,3,D,0,1,A,14,21,6,4,5,9,4,1,0,0,M Oliver,6.5,4.75,1.44,6.38,4.63,1.44,7.0,4.8,1.48
20260509-liverpool-chelsea,ENG Premier League,2025-2026,2026-05-09 12:30:00,2026-05-09 00:00:00,Liverpool,Chelsea,1,1,D,1,1,D,8,6,3,3,5,2,2,4,0,0,C Pawson,1.83,4.0,3.9,1.82,3.95,3.81,1.84,4.0,4.0
20260509-brighton-hove-albion-wolverhampton-wanderers,ENG Premier League,2025-2026,2026-05-09 15:00:00,2026-05-09 00:00:00,Brighton & Hove Albion,Wolverhampton Wanderers,3,0,H,2,0,H,14,5,6,1,7,1,1,2,0,0,J Brooks,1.27,6.25,9.5,1.27,5.88,9.98,1.29,6.25,11.5
20260509-fulham-bournemouth,ENG Premier League,2025-2026,2026-05-09 15:00:00,2026-05-09 00:00:00,Fulham,Bournemouth,0,1,A,0,0,D,14,10,2,5,11,2,4,2,1,1,A Madley,2.75,3.6,2.4,2.68,3.66,2.39,2.75,3.75,2.45
20260509-sunderland-manchester-united,ENG Premier League,2025-2026,2026-05-09 15:00:00,2026-05-09 00:00:00,Sunderland,Manchester United,0,0,D,0,0,D,15,11,4,1,7,8,0,3,0,0,S Attwell,3.9,3.75,1.85,3.93,3.7,1.86,4.1,3.8,1.93
20260509-manchester-city-brentford,ENG Premier League,2025-2026,2026-05-09 17:30:00,2026-05-09 00:00:00,Manchester City,Brentford,3,0,H,0,0,D,25,4,10,2,10,2,4,2,0,0,M Salisbury,1.36,5.75,7.0,1.35,5.51,7.23,1.38,6.0,8.0
20260510-burnley-aston-villa,ENG Premier League,2025-2026,2026-05-10 14:00:00,2026-05-10 00:00:00,Burnley,Aston Villa,2,2,D,1,1,D,15,18,6,7,2,8,1,1,0,0,A Taylor,5.0,4.33,1.6,5.34,4.09,1.58,6.0,4.33,1.62
20260510-crystal-palace-everton,ENG Premier League,2025-2026,2026-05-10 14:00:00,2026-05-10 00:00:00,Crystal Palace,Everton,2,2,D,1,1,D,21,13,8,6,5,10,0,2,0,0,T Bramall,2.7,3.3,2.63,2.71,3.26,2.56,2.8,3.4,2.63
20260510-nottingham-forest-newcastle-united,ENG Premier League,2025-2026,2026-05-10 14:00:00,2026-05-10 00:00:00,Nottingham Forest,Newcastle United,1,1,D,0,0,D,17,16,6,6,2,1,2,0,0,0,P Tierney,2.6,3.6,2.6,2.58,3.48,2.56,2.7,3.6,2.65
20260510-west-ham-united-arsenal,ENG Premier League,2025-2026,2026-05-10 16:30:00,2026-05-10 00:00:00,West Ham United,Arsenal,0,1,A,0,0,D,9,15,3,4,4,3,3,4,0,0,C Kavanagh,5.5,4.2,1.57,5.29,4.09,1.58,5.75,4.25,1.62
20260511-tottenham-hotspur-leeds-united,ENG Premier League,2025-2026,2026-05-11 20:00:00,2026-05-11 00:00:00,Tottenham Hotspur,Leeds United,1,1,D,0,0,D,16,11,3,4,14,2,3,1,0,0,J Gillett,1.83,4.1,3.75,1.82,3.82,3.92,1.86,4.1,4.1
20260513-manchester-city-crystal-palace,ENG Premier League,2025-2026,2026-05-13 20:00:00,2026-05-13 00:00:00,Manchester City,Crystal Palace,3,0,H,2,0,H,15,6,4,2,9,4,0,2,0,0,S Attwell,1.2,7.5,12.0,1.19,7.03,12.75,1.22,7.5,15.0
20260515-aston-villa-liverpool,ENG Premier League,2025-2026,2026-05-15 20:00:00,2026-05-15 00:00:00,Aston Villa,Liverpool,4,2,H,1,0,H,14,16,9,5,4,9,3,1,0,0,C Kavanagh,2.75,3.5,2.4,2.76,3.44,2.43,2.8,3.6,2.5
20260517-manchester-united-nottingham-forest,ENG Premier League,2025-2026,2026-05-17 12:30:00,2026-05-17 00:00:00,Manchester United,Nottingham Forest,3,2,H,1,0,H,29,11,8,4,7,6,2,1,0,0,M Salisbury,1.6,4.2,5.25,1.58,4.23,4.94,1.62,4.33,5.25
20260517-brentford-crystal-palace,ENG Premier League,2025-2026,2026-05-17 15:00:00,2026-05-17 00:00:00,Brentford,Crystal Palace,2,2,D,1,1,D,14,16,3,5,9,4,1,3,0,0,S Barrott,1.73,4.2,4.33,1.71,4.09,4.17,1.77,4.5,4.4
20260517-everton-sunderland,ENG Premier League,2025-2026,2026-05-17 15:00:00,2026-05-17 00:00:00,Everton,Sunderland,1,3,A,1,0,H,10,7,4,3,3,2,3,0,0,0,J Brooks,1.8,3.75,4.33,1.81,3.63,4.18,1.83,3.75,4.35
20260517-leeds-united-brighton-hove-albion,ENG Premier League,2025-2026,2026-05-17 15:00:00,2026-05-17 00:00:00,Leeds United,Brighton & Hove Albion,1,0,H,0,0,D,7,19,1,8,7,8,1,0,0,0,M Oliver,3.2,3.6,2.15,3.09,3.57,2.14,3.2,3.7,2.22
20260517-wolverhampton-wanderers-fulham,ENG Premier League,2025-2026,2026-05-17 15:00:00,2026-05-17 00:00:00,Wolverhampton Wanderers,Fulham,1,1,D,1,1,D,11,13,3,5,3,6,1,0,0,0,T Kirk,3.8,3.8,1.9,3.68,3.78,1.87,3.8,4.0,1.95
20260517-newcastle-united-west-ham-united,ENG Premier League,2025-2026,2026-05-17 17:30:00,2026-05-17 00:00:00,Newcastle United,West Ham United,3,1,H,2,0,H,15,15,7,8,9,1,1,3,0,0,J Gillett,2.1,3.8,3.2,2.05,3.78,3.15,2.1,4.0,3.25
20260518-arsenal-burnley,ENG Premier League,2025-2026,2026-05-18 20:00:00,2026-05-18 00:00:00,Arsenal,Burnley,1,0,H,1,0,H,13,5,3,0,3,3,1,3,0,0,P Tierney,1.09,11.0,23.0,1.08,10.12,22.13,1.11,11.0,26.0
20260519-bournemouth-manchester-city,ENG Premier League,2025-2026,2026-05-19 19:30:00,2026-05-19 00:00:00,Bournemouth,Manchester City,1,1,D,1,0,H,10,14,2,5,7,6,4,2,0,0,A Taylor,4.5,4.33,1.67,4.42,4.27,1.66,4.6,4.5,1.7
20260519-chelsea-tottenham-hotspur,ENG Premier League,2025-2026,2026-05-19 20:15:00,2026-05-19 00:00:00,Chelsea,Tottenham Hotspur,2,1,H,1,0,H,9,9,4,3,3,4,4,3,0,0,S Attwell,1.91,3.7,3.9,1.9,3.64,3.76,1.95,3.75,4.0
20260524-brighton-hove-albion-manchester-united,ENG Premier League,2025-2026,2026-05-24 16:00:00,2026-05-24 00:00:00,Brighton & Hove Albion,Manchester United,0,3,A,0,2,A,13,11,2,7,0,3,0,1,0,0,S Barrott,1.85,4.2,3.6,1.86,3.98,3.58,1.92,4.2,3.75
20260524-burnley-wolverhampton-wanderers,ENG Premier League,2025-2026,2026-05-24 16:00:00,2026-05-24 00:00:00,Burnley,Wolverhampton Wanderers,1,1,D,0,1,A,16,16,8,4,7,7,2,2,0,0,A Kitchen,2.35,3.5,2.9,2.36,3.5,2.77,2.48,3.6,2.9
20260524-crystal-palace-arsenal,ENG Premier League,2025-2026,2026-05-24 16:00:00,2026-05-24 00:00:00,Crystal Palace,Arsenal,1,2,A,0,1,A,8,17,3,7,3,4,0,1,0,0,F Hallam,4.2,4.0,1.75,4.13,3.86,1.76,4.33,4.2,1.82
20260524-fulham-newcastle-united,ENG Premier League,2025-2026,2026-05-24 16:00:00,2026-05-24 00:00:00,Fulham,Newcastle United,2,0,H,1,0,H,21,7,6,2,6,6,2,2,0,0,R Jones,2.88,3.8,2.25,2.82,3.66,2.27,2.9,3.8,2.37
20260524-liverpool-brentford,ENG Premier League,2025-2026,2026-05-24 16:00:00,2026-05-24 00:00:00,Liverpool,Brentford,1,1,D,0,0,D,24,11,8,2,14,2,2,3,0,0,D England,1.8,4.2,3.8,1.8,4.09,3.73,1.84,4.35,4.0
20260524-manchester-city-aston-villa,ENG Premier League,2025-2026,2026-05-24 16:00:00,2026-05-24 00:00:00,Manchester City,Aston Villa,1,2,A,1,0,H,16,12,3,5,9,4,1,0,0,0,A Madley,1.29,6.0,9.0,1.28,5.93,8.39,1.31,6.25,9.5
20260524-nottingham-forest-bournemouth,ENG Premier League,2025-2026,2026-05-24 16:00:00,2026-05-24 00:00:00,Nottingham Forest,Bournemouth,1,1,D,1,0,H,15,17,5,4,6,3,1,1,0,0,C Pawson,3.3,3.75,2.05,3.19,3.72,2.05,3.3,3.9,2.1
20260524-sunderland-chelsea,ENG Premier League,2025-2026,2026-05-24 16:00:00,2026-05-24 00:00:00,Sunderland,Chelsea,2,1,H,1,0,H,20,10,2,1,7,7,3,2,0,0,C Kavanagh,3.6,3.6,2.0,3.47,3.59,1.99,3.65,3.75,2.05
20260524-tottenham-hotspur-everton,ENG Premier League,2025-2026,2026-05-24 16:00:00,2026-05-24 00:00:00,Tottenham Hotspur,Everton,1,0,H,1,0,H,21,8,6,3,6,2,5,3,0,1,M Oliver,1.91,3.75,3.8,1.89,3.63,3.78,1.95,3.75,4.3
20260524-west-ham-united-leeds-united,ENG Premier League,2025-2026,2026-05-24 16:00:00,2026-05-24 00:00:00,West Ham United,Leeds United,3,0,H,0,0,D,16,13,9,3,6,4,0,3,0,0,A Taylor,1.85,4.0,3.75,1.82,3.9,3.75,1.88,4.2,4.0
